irradiance,voltage,current,power,temperature,mppt_reference_voltage,efficiency,power_deviation,condition,data_origin
914.374,17.4439,1.0476,18.0861,16.991,18.5373,0.9741,0.0259,Normal,synthetic PV simulation; not hardware measurement
526.868,16.8452,0.6239,10.5901,46.125,17.0183,1.0627,-0.0627,Normal,synthetic PV simulation; not hardware measurement
782.751,16.1062,0.9543,15.1343,52.179,16.8723,1.0275,-0.0275,Normal,synthetic PV simulation; not hardware measurement
917.03,18.3076,1.1131,18.2784,20.177,18.3934,0.9878,0.0122,Normal,synthetic PV simulation; not hardware measurement
645.495,17.5298,0.7109,11.7341,18.886,18.3208,0.9046,0.0954,Normal,synthetic PV simulation; not hardware measurement
712.291,18.1474,0.7808,14.4285,32.536,17.739,1.0343,-0.0343,Normal,synthetic PV simulation; not hardware measurement
569.945,16.8343,0.6341,10.4322,49.374,16.8918,0.9731,0.0269,Normal,synthetic PV simulation; not hardware measurement
533.878,17.9942,0.5674,10.0075,41.958,17.2032,0.9819,0.0181,Normal,synthetic PV simulation; not hardware measurement
785.524,18.6256,0.8092,14.0758,23.373,18.1851,0.8963,0.1037,Normal,synthetic PV simulation; not hardware measurement
484.982,17.5436,0.554,9.573,41.523,17.1945,1.035,-0.035,Normal,synthetic PV simulation; not hardware measurement
938.412,16.7731,1.0079,15.4335,50.285,17.0217,0.8671,0.1329,Normal,synthetic PV simulation; not hardware measurement
541.387,18.0989,0.5818,9.6763,27.98,17.846,0.9089,0.0911,Normal,synthetic PV simulation; not hardware measurement
520.804,17.6953,0.5787,10.4074,26.091,17.9163,1.0131,-0.0131,Normal,synthetic PV simulation; not hardware measurement
719.617,16.9093,0.7658,13.37,36.156,17.5783,0.9556,0.0444,Normal,synthetic PV simulation; not hardware measurement
556.064,16.6602,0.6518,10.8025,34.901,17.5414,1.0017,-0.0017,Normal,synthetic PV simulation; not hardware measurement
500.667,17.9828,0.5872,9.9292,29.483,17.7566,1.0132,-0.0132,Normal,synthetic PV simulation; not hardware measurement
552.356,16.5323,0.5692,8.7002,43.319,17.155,0.8269,0.1731,Normal,synthetic PV simulation; not hardware measurement
919.641,16.6857,1.0578,17.2115,61.705,16.5042,1.0125,-0.0125,Normal,synthetic PV simulation; not hardware measurement
648.941,16.4563,0.6963,10.0802,55.793,16.652,0.8354,0.1646,Normal,synthetic PV simulation; not hardware measurement
515.145,16.7137,0.5627,9.1432,52.738,16.7076,0.9526,0.0474,Normal,synthetic PV simulation; not hardware measurement
472.448,15.8933,0.6085,9.9224,54.837,16.5766,1.1346,-0.1346,Normal,synthetic PV simulation; not hardware measurement
759.034,18.1558,0.7646,12.8685,14.38,18.5919,0.8336,0.1664,Normal,synthetic PV simulation; not hardware measurement
899.165,18.1677,0.9701,17.6172,28.744,17.9955,0.9881,0.0119,Normal,synthetic PV simulation; not hardware measurement
506.68,19.5055,0.5967,11.9483,24.771,17.9763,1.1929,-0.1929,Normal,synthetic PV simulation; not hardware measurement
557.561,17.4382,0.5841,9.5709,53.202,16.7083,0.9208,0.0792,Normal,synthetic PV simulation; not hardware measurement
458.362,19.1044,0.4902,9.0327,18.457,18.2235,0.9862,0.0138,Normal,synthetic PV simulation; not hardware measurement
569.865,17.9074,0.6489,11.9528,18.946,18.2786,1.0463,-0.0463,Normal,synthetic PV simulation; not hardware measurement
847.719,19.6332,0.9248,18.1861,13.318,18.6738,1.0505,-0.0505,Normal,synthetic PV simulation; not hardware measurement
534.204,16.3703,0.6462,10.2493,61.45,16.325,1.0495,-0.0495,Normal,synthetic PV simulation; not hardware measurement
460.702,18.6608,0.4682,8.7218,24.33,17.9577,0.9586,0.0414,Normal,synthetic PV simulation; not hardware measurement
674.51,18.9465,0.7089,13.3422,36.057,17.5565,1.0185,-0.0185,Normal,synthetic PV simulation; not hardware measurement
939.941,20.9149,0.9317,19.0426,19.747,18.4117,1.0027,-0.0027,Normal,synthetic PV simulation; not hardware measurement
1002.582,18.713,1.0664,18.4957,18.121,18.5119,0.909,0.091,Normal,synthetic PV simulation; not hardware measurement
482.029,18.0804,0.5608,9.5101,28.854,17.7698,1.0074,-0.0074,Normal,synthetic PV simulation; not hardware measurement
476.085,17.2276,0.5638,9.8021,34.062,17.5272,1.063,-0.063,Normal,synthetic PV simulation; not hardware measurement
481.177,16.2983,0.4789,7.9988,59.841,16.3559,0.908,0.092,Normal,synthetic PV simulation; not hardware measurement
835.49,17.7668,0.8377,14.4262,39.254,17.4872,0.8912,0.1088,Normal,synthetic PV simulation; not hardware measurement
833.738,18.4614,0.8541,15.5745,34.095,17.7212,0.9539,0.0461,Normal,synthetic PV simulation; not hardware measurement
646.497,16.4905,0.7237,11.567,62.289,16.3544,0.9766,0.0234,Normal,synthetic PV simulation; not hardware measurement
771.261,18.5062,0.8539,16.3973,40.234,17.4207,1.1014,-0.1014,Normal,synthetic PV simulation; not hardware measurement
571.443,19.4879,0.6354,11.7288,17.04,18.3666,1.02,-0.02,Normal,synthetic PV simulation; not hardware measurement
532.445,15.8014,0.5565,8.6521,53.479,16.6872,0.873,0.127,Normal,synthetic PV simulation; not hardware measurement
804.046,16.226,0.9173,14.599,42.339,17.3311,0.944,0.056,Normal,synthetic PV simulation; not hardware measurement
929.547,18.9719,0.9499,18.739,18.346,18.4823,0.9952,0.0048,Normal,synthetic PV simulation; not hardware measurement
701.165,16.2378,0.8276,12.4474,59.613,16.4993,0.9614,0.0386,Normal,synthetic PV simulation; not hardware measurement
638.664,17.4398,0.7586,13.3877,35.209,17.5729,1.0786,-0.0786,Normal,synthetic PV simulation; not hardware measurement
1011.684,16.7862,1.2225,19.821,64.291,16.4151,1.0641,-0.0641,Normal,synthetic PV simulation; not hardware measurement
960.32,17.0286,0.9948,15.974,48.363,17.1186,0.8729,0.1271,Normal,synthetic PV simulation; not hardware measurement
627.215,15.5726,0.6383,8.825,60.677,16.4156,0.7656,0.2344,Normal,synthetic PV simulation; not hardware measurement
977.52,15.9087,1.1301,16.7614,64.953,16.371,0.9333,0.0667,Normal,synthetic PV simulation; not hardware measurement
988.22,17.4797,1.0452,17.0274,53.169,16.9116,0.9132,0.0868,Normal,synthetic PV simulation; not hardware measurement
471.698,16.0832,0.5057,7.8737,54.479,16.5923,0.9011,0.0989,Normal,synthetic PV simulation; not hardware measurement
930.578,16.5622,1.1005,18.2279,56.413,16.7499,1.0469,-0.0469,Normal,synthetic PV simulation; not hardware measurement
960.679,17.9999,1.0301,16.5946,26.35,18.1202,0.8658,0.1342,Normal,synthetic PV simulation; not hardware measurement
482.7,16.482,0.5399,8.9888,49.608,16.8239,0.9939,0.0061,Normal,synthetic PV simulation; not hardware measurement
1038.016,17.1362,1.2333,20.7245,42.338,17.4243,1.0327,-0.0327,Normal,synthetic PV simulation; not hardware measurement
796.81,18.9909,0.869,17.8554,19.867,18.3504,1.1128,-0.1128,Normal,synthetic PV simulation; not hardware measurement
521.531,17.6842,0.5809,9.7591,34.679,17.5362,0.9656,0.0344,Normal,synthetic PV simulation; not hardware measurement
695.27,17.4514,0.7195,12.1862,13.911,18.5776,0.8625,0.1375,Normal,synthetic PV simulation; not hardware measurement
793.475,17.5345,0.8525,15.2026,46.579,17.1327,1.0055,-0.0055,Normal,synthetic PV simulation; not hardware measurement
708.851,16.9256,0.9211,15.1291,51.045,16.894,1.1337,-0.1337,Normal,synthetic PV simulation; not hardware measurement
762.165,17.2191,0.8838,15.9004,38.19,17.5091,1.0764,-0.0764,Normal,synthetic PV simulation; not hardware measurement
483.341,17.0224,0.5395,8.0653,28.636,17.7808,0.8516,0.1484,Normal,synthetic PV simulation; not hardware measurement
963.929,18.3348,1.088,20.8189,18.343,18.4859,1.0654,-0.0654,Normal,synthetic PV simulation; not hardware measurement
913.263,17.5104,1.0308,18.3844,32.556,17.8283,1.0228,-0.0228,Normal,synthetic PV simulation; not hardware measurement
765.053,16.4057,0.7999,13.7919,64.424,16.3156,0.9852,0.0148,Normal,synthetic PV simulation; not hardware measurement
534.958,17.6601,0.6136,9.7849,52.032,16.7551,0.9794,0.0206,Normal,synthetic PV simulation; not hardware measurement
558.556,17.4301,0.6559,10.0233,27.479,17.8815,0.9111,0.0889,Normal,synthetic PV simulation; not hardware measurement
500.469,15.9092,0.5281,8.3543,46.405,16.9846,0.8841,0.1159,Normal,synthetic PV simulation; not hardware measurement
669.965,18.0127,0.8235,15.0712,37.576,17.4846,1.1621,-0.1621,Normal,synthetic PV simulation; not hardware measurement
995.731,16.9627,1.0078,16.1726,38.437,17.5848,0.834,0.166,Normal,synthetic PV simulation; not hardware measurement
1000.403,18.3075,1.0287,18.0873,22.155,18.3275,0.898,0.102,Normal,synthetic PV simulation; not hardware measurement
634.521,16.137,0.6678,10.4563,49.261,16.9406,0.8739,0.1261,Normal,synthetic PV simulation; not hardware measurement
736.504,16.1323,0.8104,13.3194,63.05,16.3627,0.9861,0.0139,Normal,synthetic PV simulation; not hardware measurement
889.448,15.3912,0.9594,15.3093,63.4,16.4134,0.9355,0.0645,Normal,synthetic PV simulation; not hardware measurement
899.99,16.4762,0.9386,14.0908,53.199,16.8826,0.8315,0.1685,Normal,synthetic PV simulation; not hardware measurement
1036.75,17.576,1.1344,18.5272,41.439,17.4646,0.9226,0.0774,Normal,synthetic PV simulation; not hardware measurement
472.182,15.4933,0.5494,7.634,47.791,16.8977,0.8599,0.1401,Normal,synthetic PV simulation; not hardware measurement
893.659,17.5456,1.007,16.5929,44.961,17.2547,0.9687,0.0313,Normal,synthetic PV simulation; not hardware measurement
856.372,17.0738,0.8466,15.419,47.595,17.1175,0.9455,0.0545,Normal,synthetic PV simulation; not hardware measurement
962.007,17.793,0.9096,15.6889,26.566,18.1109,0.8178,0.1822,Normal,synthetic PV simulation; not hardware measurement
655.156,16.8843,0.7458,13.2958,27.707,17.925,1.0276,-0.0276,Normal,synthetic PV simulation; not hardware measurement
1048.548,16.3908,1.0556,17.2117,60.511,16.6016,0.8832,0.1168,Normal,synthetic PV simulation; not hardware measurement
490.3,17.7402,0.5482,8.9733,45.631,17.0116,0.968,0.032,Normal,synthetic PV simulation; not hardware measurement
901.178,17.1045,0.9886,17.1154,24.46,18.1914,0.9495,0.0505,Normal,synthetic PV simulation; not hardware measurement
895.391,18.9538,1.0116,19.1365,24.793,18.1736,1.0694,-0.0694,Normal,synthetic PV simulation; not hardware measurement
786.894,18.1935,0.8474,14.6598,37.242,17.5544,0.9587,0.0413,Normal,synthetic PV simulation; not hardware measurement
561.108,16.8263,0.675,11.5278,62.634,16.2811,1.1257,-0.1257,Normal,synthetic PV simulation; not hardware measurement
1025.865,17.8041,1.0672,18.2495,15.473,18.6417,0.8716,0.1284,Normal,synthetic PV simulation; not hardware measurement
480.576,15.9755,0.5438,7.8484,49.004,16.8496,0.8706,0.1294,Normal,synthetic PV simulation; not hardware measurement
699.966,18.5847,0.7607,13.8666,12.065,18.6644,0.9712,0.0288,Normal,synthetic PV simulation; not hardware measurement
708.796,16.9486,0.6987,10.8335,29.092,17.8939,0.775,0.225,Normal,synthetic PV simulation; not hardware measurement
586.952,17.8096,0.6781,11.1015,36.421,17.4941,0.9773,0.0227,Normal,synthetic PV simulation; not hardware measurement
532.923,18.1279,0.5418,9.3266,13.658,18.4923,0.8651,0.1349,Normal,synthetic PV simulation; not hardware measurement
791.527,16.5717,0.8088,11.9596,57.229,16.6469,0.8118,0.1882,Normal,synthetic PV simulation; not hardware measurement
963.295,17.8828,1.0942,18.421,43.981,17.3192,0.9941,0.0059,Normal,synthetic PV simulation; not hardware measurement
641.039,18.2669,0.7419,12.7155,33.943,17.6321,1.0178,-0.0178,Normal,synthetic PV simulation; not hardware measurement
657.887,17.5108,0.7441,13.1335,49.529,16.9327,1.0585,-0.0585,Normal,synthetic PV simulation; not hardware measurement
806.298,18.3237,0.8544,15.5899,21.166,18.2961,0.9624,0.0376,Normal,synthetic PV simulation; not hardware measurement
459.948,17.4036,0.536,8.3297,59.557,16.3605,0.9895,0.0105,Normal,synthetic PV simulation; not hardware measurement
613.912,16.0447,0.633,9.7983,47.172,17.0224,0.8431,0.1569,Normal,synthetic PV simulation; not hardware measurement
588.768,18.0024,0.663,12.1415,41.338,17.2713,1.0767,-0.0767,Normal,synthetic PV simulation; not hardware measurement
790.163,17.3196,0.7992,13.3539,39.273,17.4636,0.8733,0.1267,Normal,synthetic PV simulation; not hardware measurement
694.777,16.7243,0.7551,11.9183,48.177,17.0165,0.9059,0.0941,Normal,synthetic PV simulation; not hardware measurement
569.725,15.812,0.5608,9.1615,58.553,16.4732,0.8726,0.1274,Normal,synthetic PV simulation; not hardware measurement
888.682,16.5739,1.0461,15.729,59.911,16.5719,0.9544,0.0456,Normal,synthetic PV simulation; not hardware measurement
572.638,19.4177,0.6184,12.4946,31.989,17.6861,1.1176,-0.1176,Normal,synthetic PV simulation; not hardware measurement
641.479,18.9778,0.7327,13.6126,43.894,17.1897,1.1121,-0.1121,Normal,synthetic PV simulation; not hardware measurement
676.324,16.568,0.7709,11.497,48.282,17.0008,0.8984,0.1016,Normal,synthetic PV simulation; not hardware measurement
509.355,17.5998,0.5541,9.0225,22.711,18.0724,0.8923,0.1077,Normal,synthetic PV simulation; not hardware measurement
605.664,16.624,0.5924,10.1835,46.584,17.0437,0.8873,0.1127,Normal,synthetic PV simulation; not hardware measurement
626.864,15.8728,0.6731,10.6647,64.182,16.2556,0.9333,0.0667,Normal,synthetic PV simulation; not hardware measurement
532.676,16.9964,0.5697,8.7556,56.827,16.5347,0.8897,0.1103,Normal,synthetic PV simulation; not hardware measurement
601.953,16.8015,0.6713,11.1814,50.962,16.8416,0.9898,0.0102,Normal,synthetic PV simulation; not hardware measurement
906.009,18.2998,1.0316,19.5129,18.395,18.4697,1.0638,-0.0638,Normal,synthetic PV simulation; not hardware measurement
957.887,18.0168,1.1206,20.14,24.999,18.1805,1.0511,-0.0511,Normal,synthetic PV simulation; not hardware measurement
768.51,17.2573,0.7563,11.9906,61.821,16.436,0.8476,0.1524,Normal,synthetic PV simulation; not hardware measurement
744.365,18.2672,0.8478,15.3146,18.983,18.3743,1.0212,-0.0212,Normal,synthetic PV simulation; not hardware measurement
1021.923,18.6959,1.196,20.8853,25.419,18.1877,1.0213,-0.0213,Normal,synthetic PV simulation; not hardware measurement
642.92,17.7534,0.6819,11.6854,40.19,17.3487,0.9449,0.0551,Normal,synthetic PV simulation; not hardware measurement
894.969,16.6345,1.0599,17.92,30.094,17.9321,1.0127,-0.0127,Normal,synthetic PV simulation; not hardware measurement
823.625,16.1946,0.9395,14.1323,60.961,16.4932,0.9289,0.0711,Normal,synthetic PV simulation; not hardware measurement
1046.021,18.2376,1.0961,19.3819,18.839,18.4965,0.9135,0.0865,Normal,synthetic PV simulation; not hardware measurement
1003.111,16.1742,1.0681,16.8562,46.977,17.1993,0.8784,0.1216,Normal,synthetic PV simulation; not hardware measurement
655.628,18.22,0.7551,13.905,14.133,18.5436,1.0453,-0.0453,Normal,synthetic PV simulation; not hardware measurement
845.997,17.4331,1.0321,17.4445,51.141,16.9511,1.0915,-0.0915,Normal,synthetic PV simulation; not hardware measurement
755.36,17.8197,0.8899,15.7095,30.145,17.8718,1.0554,-0.0554,Normal,synthetic PV simulation; not hardware measurement
505.034,18.5227,0.568,10.3142,13.048,18.5097,1.0093,-0.0093,Normal,synthetic PV simulation; not hardware measurement
966.378,17.3437,1.0261,16.4782,26.583,18.112,0.855,0.145,Normal,synthetic PV simulation; not hardware measurement
996.196,16.0702,1.1558,18.5383,62.505,16.4901,1.0069,-0.0069,Normal,synthetic PV simulation; not hardware measurement
642.295,19.1647,0.7103,13.8924,13.231,18.5763,1.0645,-0.0645,Normal,synthetic PV simulation; not hardware measurement
716.366,18.0762,0.8268,13.8551,40.861,17.3622,1.0048,-0.0048,Normal,synthetic PV simulation; not hardware measurement
596.523,15.5886,0.684,10.885,63.845,16.2508,1.0013,-0.0013,Normal,synthetic PV simulation; not hardware measurement
738.365,17.1599,0.8925,15.1082,27.334,17.9906,1.0329,-0.0329,Normal,synthetic PV simulation; not hardware measurement
581.314,17.9353,0.6857,11.7671,12.398,18.5851,0.9965,0.0035,Normal,synthetic PV simulation; not hardware measurement
532.997,15.7904,0.5657,8.8085,64.926,16.1656,0.9113,0.0887,Normal,synthetic PV simulation; not hardware measurement
821.801,18.1509,0.9748,16.1407,19.314,18.3882,0.9737,0.0263,Normal,synthetic PV simulation; not hardware measurement
848.072,16.6647,0.858,13.484,34.445,17.7122,0.8122,0.1878,Normal,synthetic PV simulation; not hardware measurement
841.612,16.8756,1.0444,16.5526,50.576,16.9747,1.0399,-0.0399,Normal,synthetic PV simulation; not hardware measurement
704.866,16.7025,0.7865,12.8795,53.736,16.7691,0.9765,0.0235,Normal,synthetic PV simulation; not hardware measurement
642.927,17.3772,0.7104,12.2984,59.331,16.487,1.0372,-0.0372,Normal,synthetic PV simulation; not hardware measurement
542.115,18.5487,0.5557,9.3097,12.027,18.5736,0.8459,0.1541,Normal,synthetic PV simulation; not hardware measurement
841.355,17.4016,0.927,14.5946,57.622,16.6538,0.9316,0.0684,Normal,synthetic PV simulation; not hardware measurement
505.654,16.6162,0.6037,9.7929,51.873,16.7394,1.0379,-0.0379,Normal,synthetic PV simulation; not hardware measurement
670.743,17.222,0.7039,12.4954,18.302,18.363,0.9253,0.0747,Normal,synthetic PV simulation; not hardware measurement
943.865,17.5181,1.1097,17.8693,46.638,17.19,0.9902,0.0098,Normal,synthetic PV simulation; not hardware measurement
1035.357,15.6721,1.0055,14.3086,46.772,17.2215,0.7217,0.2783,Normal,synthetic PV simulation; not hardware measurement
780.545,19.7616,0.8763,15.6042,14.621,18.5809,0.983,0.017,Normal,synthetic PV simulation; not hardware measurement
701.194,17.8016,0.7164,12.0672,32.425,17.7377,0.8787,0.1213,Normal,synthetic PV simulation; not hardware measurement
788.457,17.582,0.9084,14.5968,23.251,18.1921,0.9257,0.0743,Normal,synthetic PV simulation; not hardware measurement
984.158,20.3223,1.2151,24.678,15.153,18.6394,1.2288,-0.2288,Normal,synthetic PV simulation; not hardware measurement
857.716,18.7804,0.8895,15.267,34.405,17.7186,0.909,0.091,Normal,synthetic PV simulation; not hardware measurement
642.238,17.8245,0.6613,11.1463,26.035,17.9931,0.8762,0.1238,Normal,synthetic PV simulation; not hardware measurement
1007.8,15.3554,1.0828,15.2158,44.837,17.2986,0.7856,0.2144,Normal,synthetic PV simulation; not hardware measurement
941.885,18.2903,1.0636,17.8744,33.267,17.7975,0.9651,0.0349,Normal,synthetic PV simulation; not hardware measurement
933.715,16.5346,0.9727,15.7246,38.165,17.5819,0.8653,0.1347,Normal,synthetic PV simulation; not hardware measurement
800.852,18.9034,0.8736,15.9535,17.474,18.4614,0.9845,0.0155,Normal,synthetic PV simulation; not hardware measurement
695.202,16.9604,0.739,13.2188,61.437,16.4127,1.0342,-0.0342,Normal,synthetic PV simulation; not hardware measurement
790.761,17.6746,0.8851,15.9581,28.998,17.9317,1.0208,-0.0208,Normal,synthetic PV simulation; not hardware measurement
549.638,17.8077,0.6106,9.9015,41.822,17.2212,0.9428,0.0572,Normal,synthetic PV simulation; not hardware measurement
1006.503,16.7739,1.1798,17.677,62.113,16.5121,0.9492,0.0508,Normal,synthetic PV simulation; not hardware measurement
452.771,18.4496,0.4983,8.546,13.406,18.4488,0.9354,0.0646,Normal,synthetic PV simulation; not hardware measurement
729.454,17.1963,0.8509,13.9058,58.574,16.5627,1.0291,-0.0291,Normal,synthetic PV simulation; not hardware measurement
546.353,15.5767,0.5281,7.789,63.167,16.2559,0.7825,0.2175,Normal,synthetic PV simulation; not hardware measurement
806.564,17.5045,0.7219,12.4892,37.533,17.5512,0.7969,0.2031,Normal,synthetic PV simulation; not hardware measurement
704.988,14.9391,0.7827,10.8688,54.122,16.7516,0.8246,0.1754,Normal,synthetic PV simulation; not hardware measurement
974.601,16.7606,1.0856,17.5475,48.577,17.1148,0.945,0.055,Normal,synthetic PV simulation; not hardware measurement
821.229,18.3086,0.9754,16.5628,23.359,18.2037,1.0079,-0.0079,Normal,synthetic PV simulation; not hardware measurement
508.086,16.8426,0.5915,10.7781,63.644,16.2046,1.1675,-0.1675,Normal,synthetic PV simulation; not hardware measurement
830.541,16.6337,1.0185,15.4583,40.334,17.4356,0.963,0.037,Normal,synthetic PV simulation; not hardware measurement
873.478,16.6208,0.9845,15.5395,61.601,16.4879,0.9633,0.0367,Normal,synthetic PV simulation; not hardware measurement
543.455,17.2661,0.6023,9.7444,33.053,17.6163,0.9214,0.0786,Normal,synthetic PV simulation; not hardware measurement
636.393,18.5636,0.7358,13.6017,16.997,18.401,1.0599,-0.0599,Normal,synthetic PV simulation; not hardware measurement
1035.539,17.2953,1.0602,16.9514,54.177,16.8847,0.8687,0.1313,Normal,synthetic PV simulation; not hardware measurement
1033.082,18.0501,0.964,17.2948,32.476,17.871,0.8484,0.1516,Normal,synthetic PV simulation; not hardware measurement
496.462,17.1029,0.5321,8.9375,44.448,17.0706,0.9495,0.0505,Normal,synthetic PV simulation; not hardware measurement
1035.442,17.1516,1.1364,19.9938,63.791,16.4472,1.047,-0.047,Normal,synthetic PV simulation; not hardware measurement
487.997,16.8918,0.5717,9.8211,40.473,17.2449,1.0528,-0.0528,Normal,synthetic PV simulation; not hardware measurement
820.673,18.1884,0.995,17.5857,16.801,18.502,1.0571,-0.0571,Normal,synthetic PV simulation; not hardware measurement
676.986,17.8015,0.7141,12.0092,28.999,17.8795,0.9001,0.0999,Normal,synthetic PV simulation; not hardware measurement
587.187,18.2792,0.6329,11.9995,21.959,18.1535,1.025,-0.025,Normal,synthetic PV simulation; not hardware measurement
754.916,17.0674,0.7084,11.2974,37.331,17.5443,0.7709,0.2291,Normal,synthetic PV simulation; not hardware measurement
586.781,17.2901,0.6459,11.4917,36.857,17.4741,1.0129,-0.0129,Normal,synthetic PV simulation; not hardware measurement
943.328,17.8744,1.0292,18.4484,45.811,17.2274,1.0211,-0.0211,Normal,synthetic PV simulation; not hardware measurement
847.518,18.6306,0.9007,15.4597,34.529,17.7081,0.932,0.068,Normal,synthetic PV simulation; not hardware measurement
725.826,17.2893,0.6629,10.4746,22.525,18.2027,0.7217,0.2783,Normal,synthetic PV simulation; not hardware measurement
613.552,19.6368,0.6321,11.4728,22.476,18.1477,0.9381,0.0619,Normal,synthetic PV simulation; not hardware measurement
906.328,18.1928,0.9643,16.4102,37.355,17.6067,0.9293,0.0707,Normal,synthetic PV simulation; not hardware measurement
526.366,17.1309,0.5261,8.345,37.5,17.4113,0.8229,0.1771,Normal,synthetic PV simulation; not hardware measurement
718.944,17.8226,0.7755,12.4454,21.347,18.2525,0.8638,0.1362,Normal,synthetic PV simulation; not hardware measurement
901.068,19.2425,0.9332,15.7969,35.258,17.6998,0.896,0.104,Normal,synthetic PV simulation; not hardware measurement
907.893,15.8814,0.9835,15.3726,57.96,16.6694,0.9086,0.0914,Normal,synthetic PV simulation; not hardware measurement
995.165,17.761,1.1776,19.3267,12.838,18.7493,0.9473,0.0527,Normal,synthetic PV simulation; not hardware measurement
790.9,19.0395,0.7659,13.0361,23.934,18.1623,0.8253,0.1747,Normal,synthetic PV simulation; not hardware measurement
973.747,18.4076,1.1122,18.7056,26.209,18.1321,0.9624,0.0376,Normal,synthetic PV simulation; not hardware measurement
784.201,18.7223,0.866,14.518,15.071,18.5623,0.911,0.089,Normal,synthetic PV simulation; not hardware measurement
858.798,17.5143,0.9901,17.2187,26.03,18.1004,1.0065,-0.0065,Normal,synthetic PV simulation; not hardware measurement
938.684,17.7594,0.9419,17.3249,26.024,18.1256,0.9249,0.0751,Normal,synthetic PV simulation; not hardware measurement
915.475,18.4788,1.0414,18.4864,23.293,18.2509,1.0069,-0.0069,Normal,synthetic PV simulation; not hardware measurement
473.187,19.0373,0.4848,8.8048,16.719,18.3157,0.9275,0.0725,Normal,synthetic PV simulation; not hardware measurement
563.302,15.8896,0.5984,9.2831,57.676,16.5086,0.8927,0.1073,Normal,synthetic PV simulation; not hardware measurement
697.106,17.0767,0.8181,13.4673,50.68,16.9038,1.0257,-0.0257,Normal,synthetic PV simulation; not hardware measurement
570.337,16.4256,0.675,10.5029,54.191,16.6725,0.9895,0.0105,Normal,synthetic PV simulation; not hardware measurement
614.481,18.5531,0.6392,12.3386,33.309,17.6546,1.0299,-0.0299,Normal,synthetic PV simulation; not hardware measurement
471.07,18.4471,0.5396,9.4607,23.18,18.0192,1.0141,-0.0141,Normal,synthetic PV simulation; not hardware measurement
586.597,17.382,0.6899,11.3858,44.803,17.1119,1.021,-0.021,Normal,synthetic PV simulation; not hardware measurement
1013.107,16.0049,1.2038,18.5155,39.955,17.5228,0.9411,0.0589,Normal,synthetic PV simulation; not hardware measurement
520.706,16.213,0.5654,8.7859,42.88,17.1615,0.8861,0.1139,Normal,synthetic PV simulation; not hardware measurement
598.035,18.6296,0.6032,11.1428,21.992,18.1594,0.9343,0.0657,Normal,synthetic PV simulation; not hardware measurement
1000.716,19.5312,1.0152,19.727,37.118,17.6469,1.0093,-0.0093,Normal,synthetic PV simulation; not hardware measurement
975.323,16.6186,1.0685,16.8365,63.939,16.4162,0.9375,0.0625,Normal,synthetic PV simulation; not hardware measurement
652.114,18.7032,0.7014,13.1518,13.296,18.5796,0.9924,0.0076,Normal,synthetic PV simulation; not hardware measurement
747.363,18.1564,0.8719,15.948,13.637,18.6195,1.0481,-0.0481,Normal,synthetic PV simulation; not hardware measurement
899.823,16.1591,0.9433,15.1326,58.942,16.6211,0.9046,0.0954,Normal,synthetic PV simulation; not hardware measurement
597.42,15.9118,0.6179,10.2291,49.631,16.8992,0.9099,0.0901,Normal,synthetic PV simulation; not hardware measurement
735.68,16.1109,0.7682,11.6727,59.067,16.5437,0.8573,0.1427,Normal,synthetic PV simulation; not hardware measurement
534.616,17.3241,0.5659,10.3524,29.605,17.7668,0.9883,0.0117,Normal,synthetic PV simulation; not hardware measurement
522.066,17.5147,0.6216,9.9287,19.025,18.2394,0.9505,0.0495,Normal,synthetic PV simulation; not hardware measurement
828.547,16.7931,0.9507,15.0047,49.776,17.0048,0.9562,0.0438,Normal,synthetic PV simulation; not hardware measurement
551.828,17.6302,0.5828,9.6268,25.057,17.987,0.8816,0.1184,Normal,synthetic PV simulation; not hardware measurement
963.846,17.6341,1.0546,17.2506,23.481,18.252,0.8919,0.1081,Normal,synthetic PV simulation; not hardware measurement
791.3,17.5642,0.9117,15.3417,44.348,17.2332,1.0127,-0.0127,Normal,synthetic PV simulation; not hardware measurement
854.85,16.9787,0.9157,14.6222,33.679,17.7503,0.8723,0.1277,Normal,synthetic PV simulation; not hardware measurement
895.744,17.6225,1.0061,16.5529,38.457,17.5517,0.9509,0.0491,Normal,synthetic PV simulation; not hardware measurement
767.195,16.0388,0.8865,13.1618,39.331,17.4597,0.8871,0.1129,Normal,synthetic PV simulation; not hardware measurement
730.992,18.3032,0.7328,12.4964,23.497,18.1614,0.8565,0.1435,Normal,synthetic PV simulation; not hardware measurement
911.546,17.0244,0.9669,16.1127,20.177,18.391,0.8761,0.1239,Normal,synthetic PV simulation; not hardware measurement
645.743,18.0386,0.6942,12.6145,24.226,18.0777,0.9825,0.0175,Normal,synthetic PV simulation; not hardware measurement
959.838,16.9789,0.9263,15.0325,25.273,18.1688,0.7833,0.2167,Normal,synthetic PV simulation; not hardware measurement
1044.167,17.2081,1.1787,20.2419,61.445,16.5574,1.0454,-0.0454,Normal,synthetic PV simulation; not hardware measurement
631.921,17.1717,0.7693,13.3287,60.024,16.4484,1.1459,-0.1459,Normal,synthetic PV simulation; not hardware measurement
778.37,18.5536,0.8371,15.1364,33.641,17.7139,0.9934,0.0066,Normal,synthetic PV simulation; not hardware measurement
526.336,18.5774,0.5104,9.0384,24.077,18.0124,0.8669,0.1331,Normal,synthetic PV simulation; not hardware measurement
639.817,18.2137,0.6923,11.7846,15.442,18.4741,0.9105,0.0895,Normal,synthetic PV simulation; not hardware measurement
959.275,18.4047,1.0146,18.0985,35.471,17.7046,0.9635,0.0365,Normal,synthetic PV simulation; not hardware measurement
456.61,18.3037,0.5095,8.9707,19.952,18.1537,0.9862,0.0138,Normal,synthetic PV simulation; not hardware measurement
809.656,17.3431,0.7602,12.6459,37.293,17.5637,0.8033,0.1967,Normal,synthetic PV simulation; not hardware measurement
661.327,16.4944,0.7446,11.3477,46.132,17.0895,0.903,0.097,Normal,synthetic PV simulation; not hardware measurement
877.023,18.7159,0.9043,16.016,25.015,18.1551,0.9145,0.0855,Normal,synthetic PV simulation; not hardware measurement
698.358,18.0882,0.7186,13.5903,22.671,18.1804,0.9742,0.0258,Normal,synthetic PV simulation; not hardware measurement
1021.157,16.3987,1.1728,20.1965,60.013,16.6135,1.0636,-0.0636,Normal,synthetic PV simulation; not hardware measurement
959.874,18.015,0.8412,14.1269,42.308,17.3939,0.7624,0.2376,Normal,synthetic PV simulation; not hardware measurement
887.868,16.6126,1.002,16.5197,28.547,17.9993,0.9382,0.0618,Normal,synthetic PV simulation; not hardware measurement
554.884,15.4154,0.6387,10.1513,50.91,16.8109,0.9764,0.0236,Normal,synthetic PV simulation; not hardware measurement
961.033,17.3294,0.9339,16.5078,25.668,18.1513,0.8598,0.1402,Normal,synthetic PV simulation; not hardware measurement
503.041,16.9659,0.5334,7.8686,37.191,17.4069,0.8121,0.1879,Normal,synthetic PV simulation; not hardware measurement
957.42,16.5124,0.9919,15.8299,62.508,16.4738,0.8954,0.1046,Normal,synthetic PV simulation; not hardware measurement
743.559,18.4804,0.8004,14.5776,14.511,18.5776,0.9646,0.0354,Normal,synthetic PV simulation; not hardware measurement
698.612,16.6304,0.7835,11.2276,44.562,17.1834,0.842,0.158,Normal,synthetic PV simulation; not hardware measurement
458.266,17.4819,0.5209,8.5275,54.946,16.5592,1.0062,-0.0062,Normal,synthetic PV simulation; not hardware measurement
463.099,18.5361,0.4953,8.8558,17.315,18.2797,0.9547,0.0453,Normal,synthetic PV simulation; not hardware measurement
810.824,17.0781,0.992,16.9219,45.515,17.19,1.0923,-0.0923,Normal,synthetic PV simulation; not hardware measurement
716.963,16.5122,0.7836,12.6191,64.345,16.2928,0.9631,0.0369,Normal,synthetic PV simulation; not hardware measurement
644.341,17.5571,0.7751,12.9356,18.939,18.3176,0.9991,0.0009,Normal,synthetic PV simulation; not hardware measurement
704.193,18.3229,0.7393,13.517,25.718,18.045,0.9667,0.0333,Normal,synthetic PV simulation; not hardware measurement
617.692,14.6561,0.7166,10.1308,63.756,16.269,0.8991,0.1009,Normal,synthetic PV simulation; not hardware measurement
685.103,17.5613,0.7669,12.6684,47.765,17.0295,0.9759,0.0241,Normal,synthetic PV simulation; not hardware measurement
880.051,17.0564,0.9055,15.3021,42.313,17.369,0.9023,0.0977,Normal,synthetic PV simulation; not hardware measurement
473.388,16.0238,0.5728,8.462,51.597,16.7252,0.9587,0.0413,Normal,synthetic PV simulation; not hardware measurement
813.919,17.6018,0.855,15.5151,30.102,17.8932,0.9659,0.0341,Normal,synthetic PV simulation; not hardware measurement
556.747,18.4382,0.5816,10.4978,26.022,17.9466,0.9545,0.0455,Normal,synthetic PV simulation; not hardware measurement
614.344,17.0422,0.61,10.0082,32.414,17.6953,0.834,0.166,Normal,synthetic PV simulation; not hardware measurement
465.123,15.5954,0.517,8.243,61.212,16.2795,0.9718,0.0282,Normal,synthetic PV simulation; not hardware measurement
914.364,17.8679,1.0743,20.1114,35.021,17.7166,1.1232,-0.1232,Normal,synthetic PV simulation; not hardware measurement
1007.545,17.169,1.23,21.1342,16.943,18.5675,1.0311,-0.0311,Normal,synthetic PV simulation; not hardware measurement
929.534,19.1267,0.9809,17.5321,26.624,18.1055,0.9465,0.0535,Normal,synthetic PV simulation; not hardware measurement
609.128,18.3478,0.6787,12.9169,26.328,17.9692,1.0723,-0.0723,Normal,synthetic PV simulation; not hardware measurement
751.507,18.5181,0.8123,14.751,20.045,18.3298,0.9762,0.0238,Normal,synthetic PV simulation; not hardware measurement
944.347,16.2523,1.1805,19.4949,63.282,16.433,1.1202,-0.1202,Normal,synthetic PV simulation; not hardware measurement
551.987,17.3231,0.6703,10.6837,61.269,16.3366,1.0575,-0.0575,Normal,synthetic PV simulation; not hardware measurement
485.309,16.713,0.5798,8.6261,39.149,17.303,0.9273,0.0727,Normal,synthetic PV simulation; not hardware measurement
1012.231,17.7273,1.1306,18.6977,43.145,17.3774,0.9576,0.0424,Normal,synthetic PV simulation; not hardware measurement
512.491,20.146,0.5464,11.1186,16.651,18.34,1.0796,-0.0796,Normal,synthetic PV simulation; not hardware measurement
638.83,17.7366,0.6615,11.3778,22.072,18.1714,0.8921,0.1079,Normal,synthetic PV simulation; not hardware measurement
490.293,16.7384,0.5153,7.816,46.739,16.961,0.8452,0.1548,Normal,synthetic PV simulation; not hardware measurement
975.76,17.6371,1.0196,16.6849,40.47,17.4841,0.8821,0.1179,Normal,synthetic PV simulation; not hardware measurement
602.73,17.1404,0.5842,9.2524,45.228,17.1035,0.8078,0.1922,Normal,synthetic PV simulation; not hardware measurement
913.116,17.416,1.0612,19.4267,39.665,17.5046,1.0971,-0.0971,Normal,synthetic PV simulation; not hardware measurement
707.459,18.6624,0.8172,14.7081,16.918,18.4477,1.0287,-0.0287,Normal,synthetic PV simulation; not hardware measurement
754.606,16.8542,0.7481,12.1159,44.459,17.2194,0.8397,0.1603,Normal,synthetic PV simulation; not hardware measurement
471.858,17.201,0.521,8.8501,46.365,16.9625,0.9944,0.0056,Normal,synthetic PV simulation; not hardware measurement
872.267,16.0896,0.907,15.4078,52.503,16.9015,0.9373,0.0627,Normal,synthetic PV simulation; not hardware measurement
874.911,17.2362,0.9804,15.8951,14.095,18.6512,0.8905,0.1095,Normal,synthetic PV simulation; not hardware measurement
887.697,17.2573,0.9375,15.7594,37.76,17.5798,0.9123,0.0877,Normal,synthetic PV simulation; not hardware measurement
708.691,19.2316,0.7941,16.0621,16.173,18.4823,1.1198,-0.1198,Normal,synthetic PV simulation; not hardware measurement
622.484,16.8856,0.6624,11.0147,60.72,16.4105,0.9631,0.0369,Normal,synthetic PV simulation; not hardware measurement
498.166,17.9746,0.4234,7.2904,22.5,18.073,0.7372,0.2628,Normal,synthetic PV simulation; not hardware measurement
676.041,17.8665,0.8249,14.4917,48.557,16.988,1.1336,-0.1336,Normal,synthetic PV simulation; not hardware measurement
491.484,18.5093,0.5938,11.7208,27.267,17.8501,1.2133,-0.2133,Normal,synthetic PV simulation; not hardware measurement
951.318,15.5978,1.0298,14.7176,57.242,16.7108,0.828,0.172,Normal,synthetic PV simulation; not hardware measurement
927.315,19.9473,1.0279,22.0213,19.957,18.408,1.1761,-0.1761,Normal,synthetic PV simulation; not hardware measurement
981.801,18.8084,1.0965,19.5242,34.184,17.7726,1.0124,-0.0124,Normal,synthetic PV simulation; not hardware measurement
646.139,18.243,0.7461,13.0001,19.947,18.2729,1.0033,-0.0033,Normal,synthetic PV simulation; not hardware measurement
866.316,17.9702,0.8686,15.3722,12.457,18.7218,0.8671,0.1329,Normal,synthetic PV simulation; not hardware measurement
476.928,16.6796,0.5528,9.247,52.072,16.7066,1.0408,-0.0408,Normal,synthetic PV simulation; not hardware measurement
1044.747,17.564,1.1388,18.3316,41.429,17.4683,0.9057,0.0943,Normal,synthetic PV simulation; not hardware measurement
985.525,17.6938,1.0077,18.1192,27.763,18.0663,0.9237,0.0763,Normal,synthetic PV simulation; not hardware measurement
1034.754,18.6849,1.1482,20.3138,17.686,18.5445,0.9659,0.0341,Normal,synthetic PV simulation; not hardware measurement
1008.877,17.7303,0.9979,18.0435,17.138,18.5592,0.8794,0.1206,Normal,synthetic PV simulation; not hardware measurement
865.108,16.5642,0.9416,16.1163,50.073,17.0088,0.9834,0.0166,Normal,synthetic PV simulation; not hardware measurement
1024.183,15.4546,1.2131,17.2731,52.074,16.9759,0.8911,0.1089,Normal,synthetic PV simulation; not hardware measurement
773.663,16.9716,0.8168,12.4319,33.427,17.7212,0.8206,0.1794,Normal,synthetic PV simulation; not hardware measurement
882.13,17.3501,0.886,15.2904,40.488,17.4531,0.896,0.104,Normal,synthetic PV simulation; not hardware measurement
766.44,15.3547,0.7839,11.2903,43.391,17.2744,0.7684,0.2316,Normal,synthetic PV simulation; not hardware measurement
806.074,15.6523,0.8615,13.482,57.798,16.6284,0.8994,0.1006,Normal,synthetic PV simulation; not hardware measurement
480.228,16.3073,0.6082,9.0846,62.04,16.2548,1.0386,-0.0386,Normal,synthetic PV simulation; not hardware measurement
652.983,15.821,0.7403,12.1021,54.543,16.7012,0.9938,0.0062,Normal,synthetic PV simulation; not hardware measurement
1003.982,18.5955,1.2419,22.3576,23.222,18.2804,1.1083,-0.1083,Normal,synthetic PV simulation; not hardware measurement
859.809,19.2979,0.9548,17.1214,14.826,18.6108,0.9777,0.0223,Normal,synthetic PV simulation; not hardware measurement
835.39,18.7052,0.8442,14.4207,17.128,18.4944,0.8518,0.1482,Normal,synthetic PV simulation; not hardware measurement
586.019,17.022,0.6227,9.6697,41.856,17.2458,0.8625,0.1375,Normal,synthetic PV simulation; not hardware measurement
540.596,16.6137,0.6248,10.7484,45.458,17.0487,1.0491,-0.0491,Normal,synthetic PV simulation; not hardware measurement
459.889,18.693,0.4812,9.1036,31.996,17.6074,1.0183,-0.0183,Normal,synthetic PV simulation; not hardware measurement
712.194,19.4012,0.7609,15.7078,21.165,18.257,1.1004,-0.1004,Normal,synthetic PV simulation; not hardware measurement
749.568,17.1188,0.74,12.2066,48.717,17.0228,0.8596,0.1404,Normal,synthetic PV simulation; not hardware measurement
468.597,18.3083,0.5396,9.7752,39.378,17.2783,1.0896,-0.0896,Normal,synthetic PV simulation; not hardware measurement
509.971,17.3473,0.6202,9.8422,41.552,17.2136,1.011,-0.011,Normal,synthetic PV simulation; not hardware measurement
821.95,16.2994,0.9472,14.8287,61.088,16.4866,0.977,0.023,Normal,synthetic PV simulation; not hardware measurement
566.777,18.5225,0.621,10.9576,20.798,18.192,0.9681,0.0319,Normal,synthetic PV simulation; not hardware measurement
985.878,18.66,1.1675,22.6613,16.703,18.5696,1.1298,-0.1298,Normal,synthetic PV simulation; not hardware measurement
696.722,18.2775,0.8513,14.9659,13.674,18.5893,1.0565,-0.0565,Normal,synthetic PV simulation; not hardware measurement
849.631,16.6301,0.9227,14.7531,38.12,17.5456,0.8938,0.1062,Normal,synthetic PV simulation; not hardware measurement
568.489,17.7156,0.7286,13.622,58.506,16.4745,1.3002,-0.3002,Normal,synthetic PV simulation; not hardware measurement
792.728,18.8793,0.9143,16.9665,27.293,18.0103,1.0788,-0.0788,Normal,synthetic PV simulation; not hardware measurement
982.657,18.0187,1.1635,19.6278,36.613,17.6624,1.022,-0.022,Normal,synthetic PV simulation; not hardware measurement
879.974,18.0186,1.0359,19.2009,27.426,18.0467,1.0979,-0.0979,Normal,synthetic PV simulation; not hardware measurement
848.748,15.8101,1.0297,16.0928,55.138,16.7705,1.0125,-0.0125,Normal,synthetic PV simulation; not hardware measurement
686.656,15.4915,0.817,12.1384,56.557,16.63,0.9512,0.0488,Normal,synthetic PV simulation; not hardware measurement
744.966,16.2021,0.8411,12.2121,42.465,17.305,0.8539,0.1461,Normal,synthetic PV simulation; not hardware measurement
689.187,16.1551,0.7768,11.9667,37.024,17.5212,0.8955,0.1045,Normal,synthetic PV simulation; not hardware measurement
930.346,19.5203,1.0893,20.4449,27.122,18.0832,1.1039,-0.1039,Normal,synthetic PV simulation; not hardware measurement
603.075,16.8946,0.6648,10.6203,58.414,16.5027,0.9542,0.0458,Normal,synthetic PV simulation; not hardware measurement
685.981,17.8184,0.7086,12.7497,32.557,17.7228,0.9497,0.0503,Normal,synthetic PV simulation; not hardware measurement
985.491,17.0527,1.0025,17.4694,63.516,16.4397,0.9616,0.0384,Normal,synthetic PV simulation; not hardware measurement
585.839,17.1938,0.6387,9.6527,41.494,17.2621,0.8606,0.1394,Normal,synthetic PV simulation; not hardware measurement
696.205,17.9821,0.6969,12.6494,19.243,18.3353,0.9035,0.0965,Normal,synthetic PV simulation; not hardware measurement
629.255,17.8707,0.7605,13.2487,36.382,17.5242,1.0863,-0.0863,Normal,synthetic PV simulation; not hardware measurement
795.177,16.0993,0.8872,12.7139,52.535,16.8625,0.8501,0.1499,Normal,synthetic PV simulation; not hardware measurement
561.997,15.4412,0.5956,8.5534,50.373,16.8406,0.8111,0.1889,Normal,synthetic PV simulation; not hardware measurement
928.51,18.491,1.05,19.7201,39.83,17.5039,1.0952,-0.0952,Normal,synthetic PV simulation; not hardware measurement
639.459,17.6342,0.6818,11.657,47.793,17.0107,0.9635,0.0365,Normal,synthetic PV simulation; not hardware measurement
929.708,17.8382,1.0677,19.2075,30.8,17.9154,1.0456,-0.0456,Normal,synthetic PV simulation; not hardware measurement
531.133,17.7889,0.5545,9.6157,30.625,17.7176,0.9261,0.0739,Normal,synthetic PV simulation; not hardware measurement
773.501,17.5514,0.8011,14.9174,15.982,18.5152,0.9509,0.0491,Normal,synthetic PV simulation; not hardware measurement
797.799,17.5802,0.9127,15.6268,52.831,16.8503,1.042,-0.042,Normal,synthetic PV simulation; not hardware measurement
807.515,16.7668,0.7986,12.6147,50.745,16.9502,0.827,0.173,Normal,synthetic PV simulation; not hardware measurement
973.944,16.8241,1.1454,16.8981,41.61,17.4315,0.8972,0.1028,Normal,synthetic PV simulation; not hardware measurement
1003.988,16.1921,1.1498,17.273,62.661,16.4862,0.9311,0.0689,Normal,synthetic PV simulation; not hardware measurement
581.996,17.3251,0.5988,9.799,35.914,17.5138,0.8692,0.1308,Normal,synthetic PV simulation; not hardware measurement
835.901,18.3566,0.9077,15.4624,14.42,18.6179,0.908,0.092,Normal,synthetic PV simulation; not hardware measurement
597.214,18.0627,0.6719,11.3027,15.403,18.4592,0.9367,0.0633,Normal,synthetic PV simulation; not hardware measurement
708.791,15.9961,0.8918,14.5944,61.796,16.4042,1.1204,-0.1204,Normal,synthetic PV simulation; not hardware measurement
698.656,17.8115,0.8207,13.0414,33.987,17.6651,0.9563,0.0437,Normal,synthetic PV simulation; not hardware measurement
1008.427,18.3492,1.1806,20.6954,13.074,18.7439,1.0012,-0.0012,Normal,synthetic PV simulation; not hardware measurement
690.784,18.3457,0.7771,13.4306,16.959,18.4361,0.9626,0.0374,Normal,synthetic PV simulation; not hardware measurement
583.094,18.4508,0.7059,12.4924,18.724,18.2981,1.0678,-0.0678,Normal,synthetic PV simulation; not hardware measurement
816.174,19.4619,0.8665,17.4307,22.813,18.2261,1.0663,-0.0663,Normal,synthetic PV simulation; not hardware measurement
1008.746,17.7103,1.2197,20.9637,46.385,17.2285,1.0849,-0.0849,Normal,synthetic PV simulation; not hardware measurement
790.687,16.7447,0.8478,14.331,47.696,17.0805,0.9536,0.0464,Normal,synthetic PV simulation; not hardware measurement
962.636,18.9586,0.9929,19.1408,12.397,18.7558,0.9696,0.0304,Normal,synthetic PV simulation; not hardware measurement
803.874,17.0131,0.8718,14.6461,48.956,17.0298,0.9609,0.0391,Normal,synthetic PV simulation; not hardware measurement
979.144,18.2994,0.9679,15.7994,16.552,18.5737,0.793,0.207,Normal,synthetic PV simulation; not hardware measurement
583.489,17.5413,0.6315,10.7063,34.169,17.5944,0.9437,0.0563,Normal,synthetic PV simulation; not hardware measurement
975.177,16.6526,1.0905,16.896,60.409,16.5768,0.9335,0.0665,Normal,synthetic PV simulation; not hardware measurement
457.085,16.7125,0.4743,7.392,43.385,17.0854,0.8525,0.1475,Normal,synthetic PV simulation; not hardware measurement
620.079,16.2297,0.7571,11.8724,46.493,17.0574,1.0097,-0.0097,Normal,synthetic PV simulation; not hardware measurement
941.717,16.2891,1.0382,17.7387,58.38,16.6549,1.011,-0.011,Normal,synthetic PV simulation; not hardware measurement
813.75,18.5821,0.8139,13.5189,41.091,17.3928,0.8613,0.1387,Normal,synthetic PV simulation; not hardware measurement
943.128,18.0776,1.0615,19.1919,37.063,17.6253,1.043,-0.043,Normal,synthetic PV simulation; not hardware measurement
508.848,17.8224,0.5359,8.7562,51.521,16.7581,0.9213,0.0787,Normal,synthetic PV simulation; not hardware measurement
516.45,17.214,0.6109,10.0006,59.133,16.417,1.0544,-0.0544,Normal,synthetic PV simulation; not hardware measurement
875.367,18.8129,0.8213,13.8343,24.438,18.1806,0.7905,0.2095,Normal,synthetic PV simulation; not hardware measurement
792.438,16.5544,0.8908,13.9286,57.563,16.6322,0.9451,0.0549,Normal,synthetic PV simulation; not hardware measurement
488.674,17.4702,0.4957,9.2194,49.423,16.8373,1.0063,-0.0063,Normal,synthetic PV simulation; not hardware measurement
831.325,17.3786,0.886,15.2698,35.711,17.6464,0.9411,0.0589,Normal,synthetic PV simulation; not hardware measurement
599.205,16.2755,0.714,11.5738,53.49,16.7245,1.0352,-0.0352,Normal,synthetic PV simulation; not hardware measurement
579.342,18.132,0.7431,12.803,24.957,18.0113,1.1155,-0.1155,Normal,synthetic PV simulation; not hardware measurement
695.821,18.2379,0.8789,16.1919,12.862,18.6257,1.1427,-0.1427,Normal,synthetic PV simulation; not hardware measurement
971.455,17.0654,1.0789,19.2159,44.267,17.3096,1.0287,-0.0287,Normal,synthetic PV simulation; not hardware measurement
845.589,17.7646,0.9698,16.4229,22.879,18.2375,0.9691,0.0309,Normal,synthetic PV simulation; not hardware measurement
974.894,17.4536,0.932,16.7647,36.671,17.6566,0.8801,0.1199,Normal,synthetic PV simulation; not hardware measurement
604.612,16.0695,0.7026,10.6203,62.847,16.3017,0.9614,0.0386,Normal,synthetic PV simulation; not hardware measurement
648.885,18.1005,0.7358,13.7102,27.995,17.908,1.0707,-0.0707,Normal,synthetic PV simulation; not hardware measurement
720.779,17.8302,0.7673,13.7806,26.342,18.026,0.9637,0.0363,Normal,synthetic PV simulation; not hardware measurement
648.751,18.1672,0.7469,12.2202,40.712,17.3286,0.9802,0.0198,Normal,synthetic PV simulation; not hardware measurement
706.077,16.7079,0.823,12.5111,50.233,16.9294,0.9396,0.0604,Normal,synthetic PV simulation; not hardware measurement
916.144,16.1156,1.0734,16.0712,64.789,16.3622,0.9558,0.0442,Normal,synthetic PV simulation; not hardware measurement
891.048,18.6598,0.9956,17.6494,12.044,18.752,0.9667,0.0333,Normal,synthetic PV simulation; not hardware measurement
561.683,15.9504,0.611,8.649,60.549,16.3765,0.8396,0.1604,Normal,synthetic PV simulation; not hardware measurement
535.543,18.6921,0.6669,12.0726,17.098,18.3375,1.1218,-0.1218,Normal,synthetic PV simulation; not hardware measurement
1041.955,16.6189,1.3228,23.4166,47.935,17.1712,1.1764,-0.1764,Normal,synthetic PV simulation; not hardware measurement
452.618,17.0979,0.5264,8.6814,38.05,17.3248,0.9997,0.0003,Normal,synthetic PV simulation; not hardware measurement
886.207,18.7282,0.9603,16.3836,22.337,18.2812,0.9207,0.0793,Normal,synthetic PV simulation; not hardware measurement
838.726,18.6614,0.9538,16.4215,20.178,18.3571,0.9719,0.0281,Normal,synthetic PV simulation; not hardware measurement
1000.008,18.8101,1.1124,19.4885,12.192,18.7806,0.9493,0.0507,Normal,synthetic PV simulation; not hardware measurement
661.021,20.0082,0.7408,14.6581,19.761,18.2906,1.1049,-0.1049,Normal,synthetic PV simulation; not hardware measurement
648.36,17.252,0.7623,12.9339,48.864,16.957,1.0565,-0.0565,Normal,synthetic PV simulation; not hardware measurement
566.903,18.1498,0.57,9.7733,17.943,18.3222,0.8584,0.1416,Normal,synthetic PV simulation; not hardware measurement
529.528,18.2387,0.5832,9.9455,29.07,17.7873,0.9577,0.0423,Normal,synthetic PV simulation; not hardware measurement
629.955,16.0156,0.7644,11.0996,54.501,16.6988,0.9454,0.0546,Normal,synthetic PV simulation; not hardware measurement
781.808,16.4102,0.8806,13.2661,54.612,16.761,0.9066,0.0934,Normal,synthetic PV simulation; not hardware measurement
475.785,16.1421,0.4734,6.8114,37.285,17.38,0.7442,0.2558,Normal,synthetic PV simulation; not hardware measurement
908.047,16.549,1.0374,17.5723,43.522,17.3267,1.0062,-0.0062,Normal,synthetic PV simulation; not hardware measurement
941.887,19.1461,1.0322,18.8319,17.579,18.5112,0.9853,0.0147,Normal,synthetic PV simulation; not hardware measurement
506.538,16.8868,0.5809,9.8052,34.316,17.5409,0.9987,0.0013,Normal,synthetic PV simulation; not hardware measurement
882.275,17.1392,1.0459,16.5556,63.214,16.4186,1.0196,-0.0196,Normal,synthetic PV simulation; not hardware measurement
465.887,15.4065,0.5073,7.0483,64.969,16.1089,0.8368,0.1632,Normal,synthetic PV simulation; not hardware measurement
465.301,17.2868,0.5094,9.2438,61.656,16.2594,1.0904,-0.0904,Normal,synthetic PV simulation; not hardware measurement
488.384,17.1538,0.5808,9.1621,28.495,17.7915,0.957,0.043,Normal,synthetic PV simulation; not hardware measurement
930.809,15.921,1.0363,16.1692,56.985,16.7239,0.9296,0.0704,Normal,synthetic PV simulation; not hardware measurement
614.983,17.881,0.6566,10.8637,30.622,17.7774,0.901,0.099,Normal,synthetic PV simulation; not hardware measurement
762.462,19.4677,0.8044,14.1434,17.486,18.4409,0.9176,0.0824,Normal,synthetic PV simulation; not hardware measurement
803.775,17.8503,0.902,13.797,18.153,18.432,0.8494,0.1506,Normal,synthetic PV simulation; not hardware measurement
663.79,17.1917,0.7884,13.8243,47.349,17.0356,1.0988,-0.0988,Normal,synthetic PV simulation; not hardware measurement
807.859,17.8853,0.863,15.6048,46.313,17.1522,1.0128,-0.0128,Normal,synthetic PV simulation; not hardware measurement
471.783,17.9329,0.5444,9.9689,34.49,17.504,1.0922,-0.0922,Normal,synthetic PV simulation; not hardware measurement
1022.561,18.2808,1.28,23.8131,41.512,17.4557,1.2028,-0.2028,Normal,synthetic PV simulation; not hardware measurement
1016.718,17.7712,1.1147,17.9072,49.028,17.1115,0.9246,0.0754,Normal,synthetic PV simulation; not hardware measurement
1006.158,17.9442,1.0523,18.9581,46.342,17.2294,0.9836,0.0164,Normal,synthetic PV simulation; not hardware measurement
994.318,18.2095,0.984,17.2475,25.341,18.1801,0.8671,0.1329,Normal,synthetic PV simulation; not hardware measurement
530.386,17.3056,0.5684,9.4429,24.3,18.0053,0.899,0.101,Normal,synthetic PV simulation; not hardware measurement
960.17,18.3478,0.9936,17.6744,33.338,17.802,0.9359,0.0641,Normal,synthetic PV simulation; not hardware measurement
977.083,16.8309,1.1085,18.0207,41.553,17.4354,0.9536,0.0464,Normal,synthetic PV simulation; not hardware measurement
647.271,17.8,0.7224,12.2411,25.994,17.9981,0.9545,0.0455,Normal,synthetic PV simulation; not hardware measurement
977.381,17.3181,1.039,17.8357,29.389,17.9889,0.92,0.08,Normal,synthetic PV simulation; not hardware measurement
450.595,15.829,0.5261,8.4757,61.691,16.2547,1.0333,-0.0333,Normal,synthetic PV simulation; not hardware measurement
720.687,16.3221,0.7567,11.4664,51.82,16.8654,0.8463,0.1537,Normal,synthetic PV simulation; not hardware measurement
636.218,16.4359,0.6531,10.2663,41.274,17.3058,0.841,0.159,Normal,synthetic PV simulation; not hardware measurement
946.029,17.7238,1.0126,17.0222,35.434,17.7007,0.9191,0.0809,Normal,synthetic PV simulation; not hardware measurement
869.989,18.325,0.9156,15.4492,43.178,17.325,0.9235,0.0765,Normal,synthetic PV simulation; not hardware measurement
527.482,17.6916,0.5498,10.0882,32.778,17.6167,0.9828,0.0172,Normal,synthetic PV simulation; not hardware measurement
450.385,17.3571,0.5351,9.2156,38.318,17.3105,1.0672,-0.0672,Normal,synthetic PV simulation; not hardware measurement
1025.444,17.0767,0.9999,17.9226,60.702,16.5838,0.9413,0.0587,Normal,synthetic PV simulation; not hardware measurement
776.011,18.5134,0.8394,15.7261,17.812,18.4333,1.0028,-0.0028,Normal,synthetic PV simulation; not hardware measurement
515.152,18.2118,0.5203,9.3326,14.582,18.4364,0.8977,0.1023,Normal,synthetic PV simulation; not hardware measurement
873.076,18.5171,1.0268,19.0484,20.186,18.3731,1.0822,-0.0822,Normal,synthetic PV simulation; not hardware measurement
981.533,17.3752,1.0561,16.8842,37.444,17.6242,0.8817,0.1183,Normal,synthetic PV simulation; not hardware measurement
968.209,18.8482,0.9312,17.3332,27.501,18.071,0.8993,0.1007,Normal,synthetic PV simulation; not hardware measurement
823.615,16.6734,1.0131,16.9309,59.939,16.5397,1.1103,-0.1103,Normal,synthetic PV simulation; not hardware measurement
966.44,17.5042,1.0738,17.2997,52.383,16.9382,0.9475,0.0525,Normal,synthetic PV simulation; not hardware measurement
643.392,17.3166,0.7675,12.6234,51.5,16.8442,1.0453,-0.0453,Normal,synthetic PV simulation; not hardware measurement
691.019,19.0895,0.7848,15.3318,32.694,17.7195,1.1339,-0.1339,Normal,synthetic PV simulation; not hardware measurement
932.33,18.3251,1.0622,17.6198,14.353,18.6538,0.9257,0.0743,Normal,synthetic PV simulation; not hardware measurement
622.101,16.3483,0.6896,10.0781,61.584,16.3709,0.8835,0.1165,Normal,synthetic PV simulation; not hardware measurement
569.374,18.0118,0.6812,11.5511,44.596,17.1091,1.0674,-0.0674,Normal,synthetic PV simulation; not hardware measurement
669.302,17.2546,0.7861,13.752,44.956,17.148,1.0783,-0.0783,Normal,synthetic PV simulation; not hardware measurement
851.066,17.1931,0.9908,17.3784,46.065,17.1846,1.0689,-0.0689,Normal,synthetic PV simulation; not hardware measurement
809.315,16.5408,0.8952,13.3704,55.573,16.7314,0.8839,0.1161,Normal,synthetic PV simulation; not hardware measurement
615.943,18.8053,0.6649,11.5124,14.746,18.5017,0.9233,0.0767,Normal,synthetic PV simulation; not hardware measurement
598.241,19.2061,0.7025,12.7864,28.39,17.8679,1.0857,-0.0857,Normal,synthetic PV simulation; not hardware measurement
545.118,16.4061,0.6011,8.8626,60.142,16.3929,0.8863,0.1137,Normal,synthetic PV simulation; not hardware measurement
701.886,19.1984,0.7542,13.8719,42.519,17.2784,1.0308,-0.0308,Normal,synthetic PV simulation; not hardware measurement
657.51,17.0683,0.7181,12.3058,42.29,17.2622,0.9769,0.0231,Normal,synthetic PV simulation; not hardware measurement
552.602,18.7702,0.5198,9.3625,17.011,18.3543,0.8425,0.1575,Normal,synthetic PV simulation; not hardware measurement
678.846,17.822,0.7,11.1704,40.755,17.3451,0.8556,0.1444,Normal,synthetic PV simulation; not hardware measurement
478.431,16.3978,0.484,7.7295,48.268,16.8813,0.8599,0.1401,Normal,synthetic PV simulation; not hardware measurement
852.056,17.1366,0.9053,15.4805,52.194,16.9061,0.9638,0.0362,Normal,synthetic PV simulation; not hardware measurement
949.42,17.9702,1.0865,19.4772,37.186,17.6224,1.0516,-0.0516,Normal,synthetic PV simulation; not hardware measurement
708.816,19.4837,0.7874,15.6167,25.193,18.0716,1.1083,-0.1083,Normal,synthetic PV simulation; not hardware measurement
994.141,15.6007,1.2623,18.3008,63.673,16.4361,0.9987,0.0013,Normal,synthetic PV simulation; not hardware measurement
714.729,18.4983,0.7929,14.9601,39.07,17.4428,1.0833,-0.0833,Normal,synthetic PV simulation; not hardware measurement
975.837,17.2865,1.056,16.1882,39.111,17.546,0.8533,0.1467,Normal,synthetic PV simulation; not hardware measurement
656.29,17.6924,0.7046,13.4724,20.749,18.2427,1.025,-0.025,Normal,synthetic PV simulation; not hardware measurement
599.214,18.3659,0.6387,11.2721,29.86,17.8016,0.9584,0.0416,Normal,synthetic PV simulation; not hardware measurement
1026.756,18.2126,1.0877,19.9834,38.039,17.6154,0.9979,0.0021,Normal,synthetic PV simulation; not hardware measurement
1027.1,17.3581,1.164,20.1849,23.988,18.2548,0.9792,0.0208,Normal,synthetic PV simulation; not hardware measurement
526.729,17.1519,0.5536,8.9729,29.213,17.7786,0.869,0.131,Normal,synthetic PV simulation; not hardware measurement
841.854,17.921,0.9247,15.5368,26.495,18.0711,0.9277,0.0723,Normal,synthetic PV simulation; not hardware measurement
556.924,17.548,0.6552,11.6808,45.368,17.065,1.1058,-0.1058,Normal,synthetic PV simulation; not hardware measurement
532.534,18.5626,0.5803,10.5251,32.684,17.6249,1.0153,-0.0153,Normal,synthetic PV simulation; not hardware measurement
954.567,18.9632,1.0237,18.7103,13.647,18.6955,0.9583,0.0417,Normal,synthetic PV simulation; not hardware measurement
646.705,16.5717,0.6132,10.0431,44.909,17.1362,0.8155,0.1845,Normal,synthetic PV simulation; not hardware measurement
713.912,19.0671,0.7677,14.6192,26.998,17.9922,1.0337,-0.0337,Normal,synthetic PV simulation; not hardware measurement
814.877,17.9113,0.8557,15.4243,24.522,18.1476,0.9483,0.0517,Normal,synthetic PV simulation; not hardware measurement
670.046,16.9482,0.8172,12.7496,54.627,16.7079,1.02,-0.02,Normal,synthetic PV simulation; not hardware measurement
731.979,16.3637,0.8584,13.294,62.31,16.3939,0.9887,0.0113,Normal,synthetic PV simulation; not hardware measurement
822.068,19.3085,0.7749,13.7784,17.911,18.4522,0.8286,0.1714,Normal,synthetic PV simulation; not hardware measurement
451.158,17.7029,0.5014,8.1943,50.026,16.7772,0.9717,0.0283,Normal,synthetic PV simulation; not hardware measurement
1034.665,16.9076,1.0412,17.6018,61.233,16.5633,0.9171,0.0829,Normal,synthetic PV simulation; not hardware measurement
759.516,18.1907,0.8789,15.936,28.486,17.9496,1.0611,-0.0611,Normal,synthetic PV simulation; not hardware measurement
536.01,17.3441,0.5599,9.4462,31.841,17.6659,0.9036,0.0964,Normal,synthetic PV simulation; not hardware measurement
778.21,17.5088,0.8492,14.251,57.868,16.6212,0.9857,0.0143,Normal,synthetic PV simulation; not hardware measurement
761.221,18.393,0.9107,16.0133,23.545,18.1756,1.0532,-0.0532,Normal,synthetic PV simulation; not hardware measurement
574.412,19.0678,0.636,11.8958,19.359,18.263,1.0338,-0.0338,Normal,synthetic PV simulation; not hardware measurement
756.1,18.0261,1.0066,17.3678,30.162,17.8714,1.1657,-0.1657,Normal,synthetic PV simulation; not hardware measurement
493.825,18.5238,0.486,8.6134,21.424,18.1185,0.8769,0.1231,Normal,synthetic PV simulation; not hardware measurement
975.448,15.9198,1.181,18.612,62.052,16.5021,1.0318,-0.0318,Normal,synthetic PV simulation; not hardware measurement
1043.447,18.3152,1.2101,20.9155,28.723,18.0458,1.0079,-0.0079,Normal,synthetic PV simulation; not hardware measurement
656.919,17.0672,0.7444,12.0531,19.597,18.2955,0.914,0.086,Normal,synthetic PV simulation; not hardware measurement
568.188,18.138,0.656,10.729,19.388,18.2572,0.9429,0.0571,Normal,synthetic PV simulation; not hardware measurement
714.611,17.9153,0.6812,11.2217,15.807,18.5024,0.7752,0.2248,Normal,synthetic PV simulation; not hardware measurement
1047.759,17.1435,1.1658,17.4759,29.149,18.0281,0.8394,0.1606,Normal,synthetic PV simulation; not hardware measurement
721.915,17.2328,0.8141,13.8663,30.927,17.8178,0.9772,0.0228,Normal,synthetic PV simulation; not hardware measurement
560.484,15.8328,0.6228,9.1707,44.448,17.1095,0.8609,0.1391,Normal,synthetic PV simulation; not hardware measurement
475.802,17.0048,0.5184,7.9477,35.997,17.4387,0.866,0.134,Normal,synthetic PV simulation; not hardware measurement
566.031,15.8143,0.6655,10.9654,62.185,16.3051,1.0601,-0.0601,Normal,synthetic PV simulation; not hardware measurement
993.112,17.2472,1.2203,21.4725,40.945,17.4697,1.1161,-0.1161,Normal,synthetic PV simulation; not hardware measurement
677.306,18.9156,0.7177,13.6276,19.17,18.3274,1.0009,-0.0009,Normal,synthetic PV simulation; not hardware measurement
594.894,16.8194,0.5718,10.2585,47.459,16.9965,0.9121,0.0879,Normal,synthetic PV simulation; not hardware measurement
959.794,16.8412,1.0066,15.9439,54.404,16.8435,0.8834,0.1166,Normal,synthetic PV simulation; not hardware measurement
801.682,15.9078,0.9127,13.7456,48.846,17.0337,0.9041,0.0959,Normal,synthetic PV simulation; not hardware measurement
838.271,18.0934,0.9194,14.7356,33.55,17.7482,0.8965,0.1035,Normal,synthetic PV simulation; not hardware measurement
720.416,17.314,0.7835,13.4908,28.412,17.9315,0.9479,0.0521,Normal,synthetic PV simulation; not hardware measurement
820.214,17.0291,0.842,13.1906,52.535,16.8751,0.8545,0.1455,Normal,synthetic PV simulation; not hardware measurement
643.924,16.5206,0.8226,13.2534,59.975,16.4583,1.1176,-0.1176,Normal,synthetic PV simulation; not hardware measurement
633.502,17.1462,0.7127,12.6777,50.577,16.88,1.0644,-0.0644,Normal,synthetic PV simulation; not hardware measurement
946.644,17.48,0.9862,16.9836,26.197,18.1212,0.8992,0.1008,Normal,synthetic PV simulation; not hardware measurement
740.13,16.9773,0.8319,14.6772,32.418,17.76,1.0115,-0.0115,Normal,synthetic PV simulation; not hardware measurement
737.564,16.531,0.8217,13.6467,45.221,17.1754,0.9696,0.0304,Normal,synthetic PV simulation; not hardware measurement
462.221,16.5305,0.4656,7.6575,54.173,16.598,0.8941,0.1059,Normal,synthetic PV simulation; not hardware measurement
679.799,17.698,0.7625,12.4683,48.592,16.9887,0.9699,0.0301,Normal,synthetic PV simulation; not hardware measurement
734.391,18.675,0.782,15.0677,15.768,18.5153,1.0122,-0.0122,Normal,synthetic PV simulation; not hardware measurement
618.138,17.4379,0.6733,11.5709,25.191,18.0271,0.9441,0.0559,Normal,synthetic PV simulation; not hardware measurement
725.728,17.0826,0.7494,13.6744,27.638,17.9698,0.9521,0.0479,Normal,synthetic PV simulation; not hardware measurement
1041.512,18.2759,1.0516,19.0372,18.751,18.4987,0.9011,0.0989,Normal,synthetic PV simulation; not hardware measurement
934.101,19.1728,0.9734,17.2119,38.142,17.5831,0.9467,0.0533,Normal,synthetic PV simulation; not hardware measurement
951.531,16.6536,1.12,16.943,58.884,16.6362,0.9565,0.0435,Normal,synthetic PV simulation; not hardware measurement
933.739,15.6813,1.1354,17.597,51.807,16.9609,0.997,0.003,Normal,synthetic PV simulation; not hardware measurement
571.491,17.5773,0.5899,9.8234,18.015,18.3222,0.8559,0.1441,Normal,synthetic PV simulation; not hardware measurement
492.701,18.1902,0.5433,9.0964,12.747,18.5133,0.9123,0.0877,Normal,synthetic PV simulation; not hardware measurement
973.65,18.4519,1.0045,18.752,25.556,18.1617,0.9636,0.0364,Normal,synthetic PV simulation; not hardware measurement
913.798,16.0198,1.0491,15.8773,58.012,16.6697,0.9324,0.0676,Normal,synthetic PV simulation; not hardware measurement
946.874,16.4345,1.0332,17.6075,25.957,18.1322,0.9316,0.0684,Normal,synthetic PV simulation; not hardware measurement
930.12,17.3863,1.0283,16.7465,40.13,17.4909,0.929,0.071,Normal,synthetic PV simulation; not hardware measurement
729.101,15.8585,0.8061,12.8837,59.047,16.5409,0.955,0.045,Normal,synthetic PV simulation; not hardware measurement
757.093,16.9387,0.8597,14.5353,52.118,16.8719,1.0208,-0.0208,Normal,synthetic PV simulation; not hardware measurement
475.24,17.0633,0.4448,7.5586,49.101,16.8406,0.8482,0.1518,Normal,synthetic PV simulation; not hardware measurement
527.854,18.9823,0.6139,12.2187,23.469,18.0413,1.167,-0.167,Normal,synthetic PV simulation; not hardware measurement
489.166,16.4531,0.537,9.0238,33.357,17.5704,0.9505,0.0495,Normal,synthetic PV simulation; not hardware measurement
862.837,16.5727,0.9803,17.2653,30.566,17.8958,1.0137,-0.0137,Normal,synthetic PV simulation; not hardware measurement
656.555,16.4742,0.7313,12.1248,54.296,16.7147,0.9896,0.0104,Normal,synthetic PV simulation; not hardware measurement
1010.854,17.254,1.3773,22.0317,55.685,16.8063,1.161,-0.161,Normal,synthetic PV simulation; not hardware measurement
570.931,17.0833,0.6785,11.84,56.523,16.5666,1.1201,-0.1201,Normal,synthetic PV simulation; not hardware measurement
490.572,19.4921,0.571,10.2883,12.966,18.5015,1.0369,-0.0369,Normal,synthetic PV simulation; not hardware measurement
526.456,16.2182,0.5573,9.4531,52.6,16.7227,0.963,0.037,Normal,synthetic PV simulation; not hardware measurement
559.742,16.7038,0.6001,9.3181,59.302,16.4319,0.9052,0.0948,Normal,synthetic PV simulation; not hardware measurement
741.695,18.1256,0.8787,15.8789,46.952,17.0989,1.126,-0.126,Normal,synthetic PV simulation; not hardware measurement
803.262,18.0571,0.8046,13.2838,18.298,18.4252,0.8186,0.1814,Normal,synthetic PV simulation; not hardware measurement
551.818,19.6291,0.6084,11.9537,13.389,18.5188,1.0695,-0.0695,Normal,synthetic PV simulation; not hardware measurement
732.962,17.1945,0.8185,13.0381,20.175,18.3137,0.8853,0.1147,Normal,synthetic PV simulation; not hardware measurement
906.177,18.372,0.9799,17.3018,35.272,17.7014,0.9757,0.0243,Normal,synthetic PV simulation; not hardware measurement
916.982,18.0377,1.0744,17.2349,26.476,18.1067,0.9432,0.0568,Normal,synthetic PV simulation; not hardware measurement
675.364,17.7338,0.7583,12.8134,14.771,18.5266,0.9357,0.0643,Normal,synthetic PV simulation; not hardware measurement
915.14,17.9561,1.0077,15.9052,39.065,17.5328,0.8951,0.1049,Normal,synthetic PV simulation; not hardware measurement
587.062,17.5166,0.6374,10.6106,19.32,18.2737,0.9018,0.0982,Normal,synthetic PV simulation; not hardware measurement
991.173,18.253,1.0281,18.6679,42.07,17.4177,0.9746,0.0254,Normal,synthetic PV simulation; not hardware measurement
631.071,15.9146,0.7151,11.6169,60.335,16.4336,1.0008,-0.0008,Normal,synthetic PV simulation; not hardware measurement
743.616,16.1383,0.8656,14.1481,63.604,16.3414,1.0385,-0.0385,Normal,synthetic PV simulation; not hardware measurement
650.564,16.963,0.6594,10.024,55.699,16.6574,0.8284,0.1716,Normal,synthetic PV simulation; not hardware measurement
1031.612,16.7406,1.2082,18.8819,46.902,17.2141,0.9561,0.0439,Normal,synthetic PV simulation; not hardware measurement
617.17,16.6176,0.7582,12.4812,46.692,17.0464,1.0671,-0.0671,Normal,synthetic PV simulation; not hardware measurement
1032.082,17.8586,1.1393,20.8065,24.799,18.2199,1.006,-0.006,Normal,synthetic PV simulation; not hardware measurement
517.26,16.4326,0.5976,9.6033,57.073,16.5115,1.0061,-0.0061,Normal,synthetic PV simulation; not hardware measurement
664.559,16.1734,0.6923,11.1297,52.84,16.786,0.8943,0.1057,Normal,synthetic PV simulation; not hardware measurement
726.237,18.1713,0.8117,13.9358,21.949,18.2292,0.9585,0.0415,Normal,synthetic PV simulation; not hardware measurement
759.438,18.1817,0.7383,12.2458,27.917,17.9755,0.8145,0.1855,Normal,synthetic PV simulation; not hardware measurement
597.16,17.6355,0.697,11.9539,57.08,16.5595,1.0816,-0.0816,Normal,synthetic PV simulation; not hardware measurement
858.834,17.2835,0.9329,16.2291,28.807,17.9739,0.954,0.046,Normal,synthetic PV simulation; not hardware measurement
504.033,18.6373,0.579,9.9061,14.579,18.439,0.9743,0.0257,Normal,synthetic PV simulation; not hardware measurement
663.311,17.1217,0.6268,10.1443,50.463,16.8935,0.8124,0.1876,Normal,synthetic PV simulation; not hardware measurement
450.979,17.0547,0.5102,8.8685,52.797,16.661,1.0586,-0.0586,Normal,synthetic PV simulation; not hardware measurement
1044.087,18.143,1.1269,21.2925,20.501,18.4201,1.0088,-0.0088,Normal,synthetic PV simulation; not hardware measurement
782.257,19.7677,0.859,17.4944,20.626,18.3084,1.1126,-0.1126,Normal,synthetic PV simulation; not hardware measurement
942.824,18.2859,1.0806,18.3332,47.929,17.1308,1.0199,-0.0199,Normal,synthetic PV simulation; not hardware measurement
853.209,17.3313,0.925,17.1754,46.119,17.1832,1.0539,-0.0539,Normal,synthetic PV simulation; not hardware measurement
887.891,17.7311,0.9314,17.264,35.034,17.704,0.9936,0.0064,Normal,synthetic PV simulation; not hardware measurement
823.851,16.2996,0.8394,13.1189,49.096,17.0334,0.8396,0.1604,Normal,synthetic PV simulation; not hardware measurement
513.828,16.2444,0.6351,9.66,47.784,16.9325,0.9981,0.0019,Normal,synthetic PV simulation; not hardware measurement
531.616,19.1248,0.5573,10.2811,23.414,18.0467,0.9747,0.0253,Normal,synthetic PV simulation; not hardware measurement
515.563,17.5667,0.5533,9.055,26.465,17.9061,0.8913,0.1087,Normal,synthetic PV simulation; not hardware measurement
839.107,18.4308,0.9418,17.2943,21.32,18.3053,1.0254,-0.0254,Normal,synthetic PV simulation; not hardware measurement
734.261,16.246,0.8436,13.5837,60.675,16.4697,1.0033,-0.0033,Normal,synthetic PV simulation; not hardware measurement
956.648,18.523,1.0637,17.7051,34.087,17.7665,0.9425,0.0575,Normal,synthetic PV simulation; not hardware measurement
794.578,17.6951,0.8565,15.7641,36.103,17.6102,1.0183,-0.0183,Normal,synthetic PV simulation; not hardware measurement
936.539,17.7836,1.0797,18.1581,13.851,18.6785,0.9486,0.0514,Normal,synthetic PV simulation; not hardware measurement
516.819,16.5182,0.5973,10.5018,62.038,16.2848,1.1138,-0.1138,Normal,synthetic PV simulation; not hardware measurement
1048.146,16.0593,1.1542,16.7692,57.398,16.743,0.8549,0.1451,Normal,synthetic PV simulation; not hardware measurement
886.209,18.6833,0.9498,17.8378,33.211,17.7862,1.0247,-0.0247,Normal,synthetic PV simulation; not hardware measurement
1036.504,19.7495,1.0858,20.5442,19.096,18.4811,0.9779,0.0221,Normal,synthetic PV simulation; not hardware measurement
550.414,18.0431,0.6823,12.867,42.047,17.2115,1.224,-0.224,Normal,synthetic PV simulation; not hardware measurement
753.967,17.675,0.8939,14.9815,26.169,18.0522,1.0003,-0.0003,Normal,synthetic PV simulation; not hardware measurement
932.566,17.8913,1.2062,19.2081,28.772,18.009,1.0381,-0.0381,Normal,synthetic PV simulation; not hardware measurement
995.581,20.2615,1.1608,22.3125,18.954,18.4712,1.1062,-0.1062,Normal,synthetic PV simulation; not hardware measurement
917.483,16.8123,1.0002,14.8793,35.488,17.6966,0.8289,0.1711,Normal,synthetic PV simulation; not hardware measurement
568.004,16.4004,0.5816,9.5799,60.979,16.3615,0.9204,0.0796,Normal,synthetic PV simulation; not hardware measurement
489.129,16.8011,0.5325,8.7204,60.864,16.3159,0.9757,0.0243,Normal,synthetic PV simulation; not hardware measurement
845.29,16.6541,0.988,16.0872,46.137,17.1786,0.9966,0.0034,Normal,synthetic PV simulation; not hardware measurement
453.635,17.6377,0.462,7.8953,26.61,17.8474,0.8857,0.1143,Normal,synthetic PV simulation; not hardware measurement
999.781,17.9744,1.1323,21.0801,28.902,18.0203,1.0615,-0.0615,Normal,synthetic PV simulation; not hardware measurement
460.096,17.9465,0.5212,9.1886,21.617,18.0809,1.0058,-0.0058,Normal,synthetic PV simulation; not hardware measurement
904.801,16.8605,0.9159,13.9291,36.519,17.644,0.7888,0.2112,Normal,synthetic PV simulation; not hardware measurement
806.822,17.6936,0.9239,16.182,48.091,17.0707,1.0557,-0.0557,Normal,synthetic PV simulation; not hardware measurement
459.55,17.251,0.5147,8.8209,41.276,17.1838,1.0071,-0.0071,Normal,synthetic PV simulation; not hardware measurement
872.419,18.1471,0.9268,15.9905,33.941,17.7466,0.9348,0.0652,Normal,synthetic PV simulation; not hardware measurement
629.622,16.3836,0.7706,11.1292,55.807,16.6391,0.9513,0.0487,Normal,synthetic PV simulation; not hardware measurement
543.605,17.4069,0.5674,9.3447,34.741,17.5395,0.8865,0.1135,Normal,synthetic PV simulation; not hardware measurement
843.549,16.7565,0.9247,14.1021,50.763,16.9672,0.8843,0.1157,Normal,synthetic PV simulation; not hardware measurement
1019.744,18.606,1.1168,18.6799,26.772,18.1252,0.9179,0.0821,Normal,synthetic PV simulation; not hardware measurement
915.115,18.9617,0.9463,17.1,24.607,18.1909,0.9342,0.0658,Normal,synthetic PV simulation; not hardware measurement
596.722,18.0278,0.6274,11.0503,41.384,17.2746,0.9667,0.0333,Normal,synthetic PV simulation; not hardware measurement
248.099,17.4248,0.3157,4.9809,30.036,17.4776,1.0413,-0.0413,Low Irradiance,synthetic PV simulation; not hardware measurement
410.569,17.5143,0.379,5.6917,35.432,17.4152,0.72,0.28,Low Irradiance,synthetic PV simulation; not hardware measurement
178.231,16.66,0.2,3.2665,38.438,16.9796,0.9744,0.0256,Low Irradiance,synthetic PV simulation; not hardware measurement
417.982,15.2418,0.4148,5.436,48.172,16.8411,0.694,0.306,Low Irradiance,synthetic PV simulation; not hardware measurement
259.823,17.6016,0.2675,4.5782,51.688,16.5172,0.9572,0.0428,Low Irradiance,synthetic PV simulation; not hardware measurement
260.939,17.3787,0.2859,5.1926,37.142,17.1735,1.0468,-0.0468,Low Irradiance,synthetic PV simulation; not hardware measurement
421.166,16.1134,0.4671,7.1512,53.741,16.59,0.9173,0.0827,Low Irradiance,synthetic PV simulation; not hardware measurement
248.261,17.6094,0.2682,4.1991,57.492,16.2333,0.932,0.068,Low Irradiance,synthetic PV simulation; not hardware measurement
330.437,17.8617,0.3276,5.5259,46.746,16.8207,0.894,0.106,Low Irradiance,synthetic PV simulation; not hardware measurement
186.576,14.7049,0.1897,2.4918,57.51,16.1356,0.7405,0.2595,Low Irradiance,synthetic PV simulation; not hardware measurement
147.787,17.7026,0.1557,2.4489,24.49,17.5519,0.8584,0.1416,Low Irradiance,synthetic PV simulation; not hardware measurement
85.266,17.1343,0.0883,1.2553,28.803,17.1611,0.7782,0.2218,Low Irradiance,synthetic PV simulation; not hardware measurement
297.9,14.5553,0.3251,4.824,60.265,16.171,0.8945,0.1055,Low Irradiance,synthetic PV simulation; not hardware measurement
220.529,15.9434,0.2492,3.3077,60.728,16.0468,0.8349,0.1651,Low Irradiance,synthetic PV simulation; not hardware measurement
414.847,17.1436,0.4255,6.3907,20.925,18.0814,0.7763,0.2237,Low Irradiance,synthetic PV simulation; not hardware measurement
176.893,17.73,0.1948,2.9642,14.324,18.0796,0.8471,0.1529,Low Irradiance,synthetic PV simulation; not hardware measurement
413.922,17.485,0.4779,7.5754,22.831,17.9935,0.9258,0.0742,Low Irradiance,synthetic PV simulation; not hardware measurement
318.207,16.0488,0.3885,5.6613,60.732,16.1766,0.9825,0.0175,Low Irradiance,synthetic PV simulation; not hardware measurement
381.154,18.6412,0.4584,7.4118,43.376,17.0223,1.0288,-0.0288,Low Irradiance,synthetic PV simulation; not hardware measurement
92.748,15.5801,0.0957,1.2908,59.474,15.7987,0.7872,0.2128,Low Irradiance,synthetic PV simulation; not hardware measurement
187.964,16.8764,0.2273,3.5544,25.027,17.6148,0.976,0.024,Low Irradiance,synthetic PV simulation; not hardware measurement
147.968,18.5961,0.1795,2.99,41.604,16.7792,1.086,-0.086,Low Irradiance,synthetic PV simulation; not hardware measurement
339.142,18.3627,0.3227,4.892,20.937,18.0098,0.7297,0.2703,Low Irradiance,synthetic PV simulation; not hardware measurement
521.741,17.7396,0.6698,10.8917,26.641,17.892,1.0595,-0.0595,Low Irradiance,synthetic PV simulation; not hardware measurement
291.848,17.1444,0.2609,3.9263,37.863,17.1862,0.7072,0.2928,Low Irradiance,synthetic PV simulation; not hardware measurement
155.486,15.1837,0.1826,2.2784,61.453,15.8904,0.8233,0.1767,Low Irradiance,synthetic PV simulation; not hardware measurement
529.307,17.7505,0.5405,9.2193,30.214,17.735,0.8903,0.1097,Low Irradiance,synthetic PV simulation; not hardware measurement
407.796,17.4283,0.4734,7.8366,41.853,17.1194,1.012,-0.012,Low Irradiance,synthetic PV simulation; not hardware measurement
474.48,15.9119,0.5567,7.4712,39.029,17.2993,0.8216,0.1784,Low Irradiance,synthetic PV simulation; not hardware measurement
439.151,16.4738,0.4771,7.9107,43.878,17.0571,0.9513,0.0487,Low Irradiance,synthetic PV simulation; not hardware measurement
375.089,16.9619,0.3847,5.8228,41.285,17.1112,0.8179,0.1821,Low Irradiance,synthetic PV simulation; not hardware measurement
519.181,16.8528,0.6171,8.9708,23.634,18.027,0.8717,0.1283,Low Irradiance,synthetic PV simulation; not hardware measurement
89.544,15.5975,0.0994,1.4496,41.837,16.5936,0.8798,0.1202,Low Irradiance,synthetic PV simulation; not hardware measurement
479.123,17.7457,0.4021,7.3352,26.671,17.8669,0.7783,0.2217,Low Irradiance,synthetic PV simulation; not hardware measurement
176.493,18.0441,0.1899,2.907,43.245,16.7659,0.8852,0.1148,Low Irradiance,synthetic PV simulation; not hardware measurement
530.367,16.1655,0.5835,9.1607,50.875,16.8044,0.9227,0.0773,Low Irradiance,synthetic PV simulation; not hardware measurement
421.052,18.4264,0.4825,7.3793,21.243,18.0729,0.8835,0.1165,Low Irradiance,synthetic PV simulation; not hardware measurement
317.063,17.7898,0.3465,5.3945,12.17,18.3827,0.8469,0.1531,Low Irradiance,synthetic PV simulation; not hardware measurement
81.1,16.0023,0.0963,1.4226,44.246,16.4424,0.9605,0.0395,Low Irradiance,synthetic PV simulation; not hardware measurement
501.374,18.4719,0.5494,9.2125,51.925,16.7336,0.985,0.015,Low Irradiance,synthetic PV simulation; not hardware measurement
153.413,17.3452,0.1677,2.338,14.761,18.0125,0.7732,0.2268,Low Irradiance,synthetic PV simulation; not hardware measurement
291.082,15.7488,0.3672,5.8688,33.451,17.3867,1.05,-0.05,Low Irradiance,synthetic PV simulation; not hardware measurement
213.495,18.6811,0.2871,5.1295,17.235,18.0122,1.2173,-0.2173,Low Irradiance,synthetic PV simulation; not hardware measurement
137.441,16.1161,0.1478,2.0554,54.413,16.1624,0.8287,0.1713,Low Irradiance,synthetic PV simulation; not hardware measurement
419.116,17.6959,0.4857,7.1047,35.193,17.4344,0.8796,0.1204,Low Irradiance,synthetic PV simulation; not hardware measurement
219.912,17.0173,0.2308,3.7778,38.998,17.0294,0.9105,0.0895,Low Irradiance,synthetic PV simulation; not hardware measurement
304.859,16.7874,0.3254,5.2852,51.841,16.5653,0.939,0.061,Low Irradiance,synthetic PV simulation; not hardware measurement
279.051,18.2861,0.2843,4.8124,20.208,17.9746,0.8745,0.1255,Low Irradiance,synthetic PV simulation; not hardware measurement
230.662,14.6328,0.2486,3.4756,62.686,15.9756,0.8418,0.1582,Low Irradiance,synthetic PV simulation; not hardware measurement
257.119,17.7185,0.3145,5.2873,21.423,17.8857,1.047,-0.047,Low Irradiance,synthetic PV simulation; not hardware measurement
553.219,16.3713,0.5399,7.0947,53.603,16.6869,0.6886,0.3114,Low Irradiance,synthetic PV simulation; not hardware measurement
232.73,17.1405,0.2901,4.9855,52.407,16.4394,1.1684,-0.1684,Low Irradiance,synthetic PV simulation; not hardware measurement
198.523,17.9961,0.2421,4.1006,50.476,16.4729,1.1254,-0.1254,Low Irradiance,synthetic PV simulation; not hardware measurement
559.361,17.8977,0.5739,8.7663,34.547,17.56,0.8074,0.1926,Low Irradiance,synthetic PV simulation; not hardware measurement
264.069,18.284,0.2986,4.7764,29.392,17.5325,0.9357,0.0643,Low Irradiance,synthetic PV simulation; not hardware measurement
90.165,15.2198,0.0968,1.3777,60.825,15.7251,0.8677,0.1323,Low Irradiance,synthetic PV simulation; not hardware measurement
433.859,16.0095,0.4615,6.5152,53.107,16.631,0.8096,0.1904,Low Irradiance,synthetic PV simulation; not hardware measurement
205.794,16.4104,0.2229,3.4545,42.869,16.8356,0.8985,0.1015,Low Irradiance,synthetic PV simulation; not hardware measurement
436.881,16.931,0.5281,8.8952,51.917,16.6881,1.0946,-0.0946,Low Irradiance,synthetic PV simulation; not hardware measurement
524.87,15.2114,0.5464,7.4825,55.411,16.5933,0.7695,0.2305,Low Irradiance,synthetic PV simulation; not hardware measurement
511.091,16.7568,0.6264,9.5382,53.555,16.6671,1.0037,-0.0037,Low Irradiance,synthetic PV simulation; not hardware measurement
558.543,16.7155,0.7008,11.6054,48.135,16.94,1.1021,-0.1021,Low Irradiance,synthetic PV simulation; not hardware measurement
476.229,18.2835,0.4811,8.7029,22.014,18.0768,0.9204,0.0796,Low Irradiance,synthetic PV simulation; not hardware measurement
163.473,17.1736,0.1741,2.8389,32.547,17.2243,0.9132,0.0868,Low Irradiance,synthetic PV simulation; not hardware measurement
271.706,18.809,0.2996,5.4123,14.164,18.2399,0.9984,0.0016,Low Irradiance,synthetic PV simulation; not hardware measurement
141.804,17.0104,0.1828,2.7916,20.661,17.7102,1.0125,-0.0125,Low Irradiance,synthetic PV simulation; not hardware measurement
449.604,16.6997,0.4562,7.4168,36.833,17.3775,0.8577,0.1423,Low Irradiance,synthetic PV simulation; not hardware measurement
243.169,18.5772,0.2971,5.2898,12.323,18.2787,1.0886,-0.0886,Low Irradiance,synthetic PV simulation; not hardware measurement
470.521,18.3651,0.5576,9.437,35.474,17.458,1.0389,-0.0389,Low Irradiance,synthetic PV simulation; not hardware measurement
115.006,16.7793,0.1215,2.0957,20.244,17.6545,0.9403,0.0597,Low Irradiance,synthetic PV simulation; not hardware measurement
431.992,15.7608,0.4706,7.312,30.658,17.6537,0.8694,0.1306,Low Irradiance,synthetic PV simulation; not hardware measurement
351.486,19.0148,0.3724,7.1807,40.111,17.1488,1.075,-0.075,Low Irradiance,synthetic PV simulation; not hardware measurement
101.131,17.1932,0.1085,1.5765,51.217,16.2031,0.8632,0.1368,Low Irradiance,synthetic PV simulation; not hardware measurement
139.283,17.6699,0.1375,2.3291,15.335,17.9467,0.851,0.149,Low Irradiance,synthetic PV simulation; not hardware measurement
132.863,15.1785,0.1521,2.2051,64.94,15.6759,0.9436,0.0564,Low Irradiance,synthetic PV simulation; not hardware measurement
249.417,17.9498,0.2833,5.0245,19.588,17.9571,1.0225,-0.0225,Low Irradiance,synthetic PV simulation; not hardware measurement
394.987,20.2745,0.4288,8.6906,25.277,17.8628,1.1196,-0.1196,Low Irradiance,synthetic PV simulation; not hardware measurement
194.901,16.0941,0.2158,2.9991,45.181,16.7076,0.8288,0.1712,Low Irradiance,synthetic PV simulation; not hardware measurement
359.829,17.4029,0.3616,5.7121,29.337,17.6395,0.8161,0.1839,Low Irradiance,synthetic PV simulation; not hardware measurement
164.444,17.1276,0.1953,3.0623,25.227,17.5618,0.9641,0.0359,Low Irradiance,synthetic PV simulation; not hardware measurement
518.47,16.801,0.643,9.2821,56.596,16.5343,0.9691,0.0309,Low Irradiance,synthetic PV simulation; not hardware measurement
438.561,18.3503,0.5273,8.8177,12.056,18.4974,0.9944,0.0056,Low Irradiance,synthetic PV simulation; not hardware measurement
363.947,16.6707,0.4449,7.4748,44.948,16.9421,1.0914,-0.0914,Low Irradiance,synthetic PV simulation; not hardware measurement
101.531,16.8288,0.1018,1.6033,58.587,15.8667,0.8896,0.1104,Low Irradiance,synthetic PV simulation; not hardware measurement
143.143,18.2134,0.1889,2.8225,21.258,17.6867,1.0152,-0.0152,Low Irradiance,synthetic PV simulation; not hardware measurement
146.521,17.5402,0.1519,2.3053,12.994,18.0746,0.7961,0.2039,Low Irradiance,synthetic PV simulation; not hardware measurement
132.8,17.6221,0.1415,2.456,51.863,16.275,1.0196,-0.0196,Low Irradiance,synthetic PV simulation; not hardware measurement
421.31,18.699,0.4497,7.9744,27.615,17.7824,0.9666,0.0334,Low Irradiance,synthetic PV simulation; not hardware measurement
457.655,17.1533,0.5115,8.3606,45.581,16.9858,0.9675,0.0325,Low Irradiance,synthetic PV simulation; not hardware measurement
302.749,16.6194,0.3559,5.9521,60.252,16.1782,1.0856,-0.0856,Low Irradiance,synthetic PV simulation; not hardware measurement
362.996,16.1809,0.4143,5.5621,49.677,16.7252,0.8228,0.1772,Low Irradiance,synthetic PV simulation; not hardware measurement
181.152,18.424,0.2041,3.5161,15.643,18.029,0.9834,0.0166,Low Irradiance,synthetic PV simulation; not hardware measurement
371.136,16.2445,0.4063,6.4971,52.743,16.5942,0.9461,0.0539,Low Irradiance,synthetic PV simulation; not hardware measurement
158.088,16.1429,0.1436,1.928,47.441,16.5288,0.6632,0.3368,Low Irradiance,synthetic PV simulation; not hardware measurement
345.724,17.1766,0.3844,6.3837,31.905,17.5168,0.9551,0.0449,Low Irradiance,synthetic PV simulation; not hardware measurement
159.537,17.5571,0.1979,3.1944,31.1,17.2805,1.0502,-0.0502,Low Irradiance,synthetic PV simulation; not hardware measurement
461.738,18.2604,0.4544,7.3637,12.816,18.4837,0.7892,0.2108,Low Irradiance,synthetic PV simulation; not hardware measurement
411.06,16.1716,0.4287,6.6885,56.111,16.4719,0.8842,0.1158,Low Irradiance,synthetic PV simulation; not hardware measurement
339.079,17.1115,0.4086,6.2198,42.637,17.0188,0.9713,0.0287,Low Irradiance,synthetic PV simulation; not hardware measurement
252.777,18.7683,0.2512,4.2448,12.805,18.2725,0.8405,0.1595,Low Irradiance,synthetic PV simulation; not hardware measurement
507.099,17.1823,0.6375,10.2663,57.347,16.491,1.0983,-0.0983,Low Irradiance,synthetic PV simulation; not hardware measurement
488.503,17.6404,0.5575,8.4345,15.354,18.3909,0.8577,0.1423,Low Irradiance,synthetic PV simulation; not hardware measurement
512.892,15.5037,0.587,8.402,52.93,16.697,0.8797,0.1203,Low Irradiance,synthetic PV simulation; not hardware measurement
121.03,17.979,0.1379,2.4922,17.212,17.8143,1.0549,-0.0549,Low Irradiance,synthetic PV simulation; not hardware measurement
103.594,16.5502,0.1086,1.8121,46.477,16.4303,0.9576,0.0424,Low Irradiance,synthetic PV simulation; not hardware measurement
205.0,18.2272,0.2238,4.1397,20.263,17.8572,1.0303,-0.0303,Low Irradiance,synthetic PV simulation; not hardware measurement
517.89,16.6588,0.5354,8.6515,53.751,16.6635,0.8986,0.1014,Low Irradiance,synthetic PV simulation; not hardware measurement
159.739,17.4047,0.1919,3.3869,13.95,18.055,1.0732,-0.0732,Low Irradiance,synthetic PV simulation; not hardware measurement
112.095,19.4907,0.1303,2.356,24.703,17.4505,1.0953,-0.0953,Low Irradiance,synthetic PV simulation; not hardware measurement
434.877,17.8255,0.4426,6.6282,30.996,17.6302,0.7833,0.2167,Low Irradiance,synthetic PV simulation; not hardware measurement
462.645,18.0916,0.4337,7.1859,23.843,17.9816,0.7857,0.2143,Low Irradiance,synthetic PV simulation; not hardware measurement
424.724,17.4845,0.5118,8.7537,36.645,17.3736,1.0724,-0.0724,Low Irradiance,synthetic PV simulation; not hardware measurement
500.821,16.7312,0.5003,7.2662,55.459,16.572,0.784,0.216,Low Irradiance,synthetic PV simulation; not hardware measurement
448.242,16.8403,0.5096,8.8093,46.958,16.9145,1.0445,-0.0445,Low Irradiance,synthetic PV simulation; not hardware measurement
442.535,16.9055,0.4928,8.0477,49.379,16.8092,0.9719,0.0281,Low Irradiance,synthetic PV simulation; not hardware measurement
321.743,16.9183,0.3541,5.6947,39.752,17.1292,0.9323,0.0677,Low Irradiance,synthetic PV simulation; not hardware measurement
241.86,16.6893,0.265,4.4409,50.209,16.5556,0.9957,0.0043,Low Irradiance,synthetic PV simulation; not hardware measurement
406.495,18.6024,0.4751,8.6998,47.56,16.8576,1.1412,-0.1412,Low Irradiance,synthetic PV simulation; not hardware measurement
339.239,16.9245,0.3271,4.98,37.088,17.2724,0.768,0.232,Low Irradiance,synthetic PV simulation; not hardware measurement
202.66,17.029,0.2083,3.5733,61.891,15.9591,0.986,0.014,Low Irradiance,synthetic PV simulation; not hardware measurement
557.482,17.4065,0.6096,9.2692,14.297,18.4815,0.8222,0.1778,Low Irradiance,synthetic PV simulation; not hardware measurement
341.68,16.3522,0.4556,6.3308,46.239,16.8575,0.9887,0.0113,Low Irradiance,synthetic PV simulation; not hardware measurement
474.869,15.0675,0.4946,6.4746,45.767,16.9924,0.7219,0.2781,Low Irradiance,synthetic PV simulation; not hardware measurement
151.152,15.109,0.1858,2.4326,49.762,16.4143,0.8806,0.1194,Low Irradiance,synthetic PV simulation; not hardware measurement
454.751,16.3721,0.453,6.3155,25.81,17.8849,0.7055,0.2945,Low Irradiance,synthetic PV simulation; not hardware measurement
543.573,17.8046,0.5324,9.9441,13.46,18.5094,0.9036,0.0964,Low Irradiance,synthetic PV simulation; not hardware measurement
329.296,17.379,0.4336,6.2038,19.334,18.071,0.9505,0.0495,Low Irradiance,synthetic PV simulation; not hardware measurement
381.36,17.8928,0.4498,6.8348,62.942,16.1396,0.9909,0.0091,Low Irradiance,synthetic PV simulation; not hardware measurement
199.429,16.819,0.2098,3.4374,58.046,16.1284,0.9555,0.0445,Low Irradiance,synthetic PV simulation; not hardware measurement
435.96,17.3141,0.4562,6.6692,55.428,16.5271,0.829,0.171,Low Irradiance,synthetic PV simulation; not hardware measurement
556.305,17.1112,0.6121,9.2041,26.179,17.9391,0.8379,0.1621,Low Irradiance,synthetic PV simulation; not hardware measurement
391.247,16.7309,0.4352,6.8098,19.83,18.1075,0.8761,0.1239,Low Irradiance,synthetic PV simulation; not hardware measurement
97.959,16.5372,0.1256,1.9542,30.393,17.145,1.0551,-0.0551,Low Irradiance,synthetic PV simulation; not hardware measurement
280.811,16.1143,0.3236,4.3325,47.407,16.7344,0.8288,0.1712,Low Irradiance,synthetic PV simulation; not hardware measurement
313.804,16.7813,0.3591,5.2583,52.958,16.5261,0.9093,0.0907,Low Irradiance,synthetic PV simulation; not hardware measurement
258.923,15.1213,0.2864,4.2555,63.357,15.9823,0.9173,0.0827,Low Irradiance,synthetic PV simulation; not hardware measurement
148.534,16.1125,0.1714,2.6545,55.852,16.1282,0.992,0.008,Low Irradiance,synthetic PV simulation; not hardware measurement
90.935,17.2,0.1035,1.6213,17.736,17.695,0.9195,0.0805,Low Irradiance,synthetic PV simulation; not hardware measurement
350.261,16.6836,0.4074,6.7635,57.646,16.3467,1.0566,-0.0566,Low Irradiance,synthetic PV simulation; not hardware measurement
99.87,15.3031,0.1099,1.7681,53.49,16.0937,0.9858,0.0142,Low Irradiance,synthetic PV simulation; not hardware measurement
74.967,17.325,0.0783,1.1602,20.29,17.5095,0.8055,0.1945,Low Irradiance,synthetic PV simulation; not hardware measurement
549.698,16.7094,0.6201,10.8253,56.448,16.5546,1.0644,-0.0644,Low Irradiance,synthetic PV simulation; not hardware measurement
522.666,17.9634,0.6317,10.3464,18.595,18.2594,0.9885,0.0115,Low Irradiance,synthetic PV simulation; not hardware measurement
517.046,17.9911,0.6314,10.2412,36.026,17.4713,1.0252,-0.0252,Low Irradiance,synthetic PV simulation; not hardware measurement
262.448,19.0052,0.299,5.4419,34.888,17.2788,1.0854,-0.0854,Low Irradiance,synthetic PV simulation; not hardware measurement
83.555,16.4446,0.0928,1.4409,54.834,15.9688,0.967,0.033,Low Irradiance,synthetic PV simulation; not hardware measurement
145.712,16.3623,0.1745,2.8308,37.796,16.9474,1.0357,-0.0357,Low Irradiance,synthetic PV simulation; not hardware measurement
520.107,17.0253,0.5872,8.2244,54.976,16.6094,0.8528,0.1472,Low Irradiance,synthetic PV simulation; not hardware measurement
103.652,15.1682,0.1148,1.4639,42.353,16.6197,0.766,0.234,Low Irradiance,synthetic PV simulation; not hardware measurement
310.889,19.7027,0.3303,5.9278,15.517,18.2218,0.9558,0.0442,Low Irradiance,synthetic PV simulation; not hardware measurement
546.506,16.3195,0.6343,9.4551,19.399,18.2409,0.8645,0.1355,Low Irradiance,synthetic PV simulation; not hardware measurement
479.229,18.4637,0.4942,9.0845,18.85,18.2237,0.9486,0.0514,Low Irradiance,synthetic PV simulation; not hardware measurement
257.501,16.5201,0.3172,4.8825,52.422,16.48,1.032,-0.032,Low Irradiance,synthetic PV simulation; not hardware measurement
70.204,16.4801,0.0782,1.2281,30.11,17.0424,0.931,0.069,Low Irradiance,synthetic PV simulation; not hardware measurement
332.053,14.6378,0.378,4.9681,50.431,16.6544,0.8063,0.1937,Low Irradiance,synthetic PV simulation; not hardware measurement
538.875,18.4091,0.6117,10.2879,22.033,18.1151,0.9593,0.0407,Low Irradiance,synthetic PV simulation; not hardware measurement
369.92,15.5312,0.4204,5.6358,60.676,16.2306,0.8385,0.1615,Low Irradiance,synthetic PV simulation; not hardware measurement
245.643,17.2874,0.2799,3.9736,35.918,17.2153,0.8498,0.1502,Low Irradiance,synthetic PV simulation; not hardware measurement
407.775,17.1331,0.3836,6.1172,59.254,16.3253,0.8212,0.1788,Low Irradiance,synthetic PV simulation; not hardware measurement
412.288,16.5352,0.4352,6.5217,34.69,17.4507,0.8202,0.1798,Low Irradiance,synthetic PV simulation; not hardware measurement
246.0,18.1571,0.2854,4.2001,39.974,17.0305,0.9048,0.0952,Low Irradiance,synthetic PV simulation; not hardware measurement
426.737,19.1014,0.4709,8.6817,44.38,17.0225,1.0762,-0.0762,Low Irradiance,synthetic PV simulation; not hardware measurement
308.125,18.3628,0.3576,6.405,19.882,18.0189,1.0513,-0.0513,Low Irradiance,synthetic PV simulation; not hardware measurement
314.179,17.1949,0.3795,5.4712,47.9,16.7474,0.9343,0.0657,Low Irradiance,synthetic PV simulation; not hardware measurement
484.565,18.5184,0.5641,8.8219,20.236,18.165,0.9134,0.0866,Low Irradiance,synthetic PV simulation; not hardware measurement
283.816,17.0518,0.2567,4.2931,19.735,18.0031,0.766,0.234,Low Irradiance,synthetic PV simulation; not hardware measurement
222.684,18.9568,0.213,3.9362,37.967,17.0816,0.9345,0.0655,Low Irradiance,synthetic PV simulation; not hardware measurement
106.794,17.3636,0.1187,2.019,41.993,16.6484,1.0239,-0.0239,Low Irradiance,synthetic PV simulation; not hardware measurement
457.927,16.8726,0.5489,9.2547,63.067,16.1985,1.1133,-0.1133,Low Irradiance,synthetic PV simulation; not hardware measurement
170.313,15.4304,0.2323,3.7112,60.748,15.9501,1.2199,-0.2199,Low Irradiance,synthetic PV simulation; not hardware measurement
190.211,16.4104,0.2193,2.8914,49.335,16.5076,0.8269,0.1731,Low Irradiance,synthetic PV simulation; not hardware measurement
462.527,17.8506,0.4884,7.8961,23.728,17.9867,0.8633,0.1367,Low Irradiance,synthetic PV simulation; not hardware measurement
426.303,18.9897,0.4804,8.8864,15.145,18.345,1.0378,-0.0378,Low Irradiance,synthetic PV simulation; not hardware measurement
112.453,13.992,0.1319,1.7616,63.333,15.6909,0.8905,0.1095,Low Irradiance,synthetic PV simulation; not hardware measurement
524.979,16.8073,0.6543,9.149,54.189,16.6491,0.9381,0.0619,Low Irradiance,synthetic PV simulation; not hardware measurement
542.923,19.4705,0.6032,11.9202,16.71,18.3608,1.0914,-0.0914,Low Irradiance,synthetic PV simulation; not hardware measurement
417.616,17.5969,0.426,7.4847,20.093,18.1221,0.9015,0.0985,Low Irradiance,synthetic PV simulation; not hardware measurement
416.18,18.7322,0.5032,7.7877,32.061,17.5745,0.9647,0.0353,Low Irradiance,synthetic PV simulation; not hardware measurement
160.301,16.5974,0.1921,2.8745,25.241,17.5507,0.9289,0.0711,Low Irradiance,synthetic PV simulation; not hardware measurement
300.05,16.4864,0.3435,4.9421,29.858,17.5525,0.8508,0.1492,Low Irradiance,synthetic PV simulation; not hardware measurement
513.74,17.3414,0.6097,9.2201,45.81,17.0224,0.9487,0.0513,Low Irradiance,synthetic PV simulation; not hardware measurement
520.442,16.9349,0.5944,8.8357,38.494,17.3614,0.8832,0.1168,Low Irradiance,synthetic PV simulation; not hardware measurement
301.308,16.7987,0.3503,5.3324,18.84,18.0573,0.8936,0.1064,Low Irradiance,synthetic PV simulation; not hardware measurement
170.777,16.0233,0.1867,3.0129,49.302,16.4752,0.9618,0.0382,Low Irradiance,synthetic PV simulation; not hardware measurement
499.106,15.8105,0.5939,9.1962,58.215,16.4449,1.0019,-0.0019,Low Irradiance,synthetic PV simulation; not hardware measurement
499.93,17.7564,0.5482,10.0966,22.687,18.0659,1.0176,-0.0176,Low Irradiance,synthetic PV simulation; not hardware measurement
135.341,18.8655,0.1415,2.5783,20.242,17.7212,0.9799,0.0201,Low Irradiance,synthetic PV simulation; not hardware measurement
171.764,16.7714,0.1793,2.5514,50.385,16.428,0.8117,0.1883,Low Irradiance,synthetic PV simulation; not hardware measurement
173.799,15.9191,0.1926,2.8445,62.18,15.8929,0.9189,0.0811,Low Irradiance,synthetic PV simulation; not hardware measurement
169.417,17.0545,0.1711,2.5505,39.974,16.8989,0.8039,0.1961,Low Irradiance,synthetic PV simulation; not hardware measurement
81.034,16.5106,0.0928,1.3279,19.232,17.5792,0.8497,0.1503,Low Irradiance,synthetic PV simulation; not hardware measurement
519.163,21.1806,0.5864,10.8272,28.652,17.8092,1.0629,-0.0629,Low Irradiance,synthetic PV simulation; not hardware measurement
516.334,20.0506,0.617,10.4464,20.116,18.1851,1.0136,-0.0136,Low Irradiance,synthetic PV simulation; not hardware measurement
442.707,16.9054,0.45,6.6583,26.498,17.8426,0.7655,0.2345,Low Irradiance,synthetic PV simulation; not hardware measurement
424.662,16.5877,0.5015,7.0009,51.159,16.7112,0.8853,0.1147,Low Irradiance,synthetic PV simulation; not hardware measurement
489.103,18.3762,0.4856,8.2798,44.182,17.0767,0.8926,0.1074,Low Irradiance,synthetic PV simulation; not hardware measurement
92.261,17.3532,0.1037,1.5287,30.427,17.1189,0.8775,0.1225,Low Irradiance,synthetic PV simulation; not hardware measurement
430.114,15.8289,0.512,7.0361,46.93,16.9094,0.8701,0.1299,Low Irradiance,synthetic PV simulation; not hardware measurement
395.75,19.2893,0.4124,7.5528,12.649,18.4399,0.9469,0.0531,Low Irradiance,synthetic PV simulation; not hardware measurement
357.329,16.552,0.3509,5.5193,58.506,16.3156,0.8465,0.1535,Low Irradiance,synthetic PV simulation; not hardware measurement
92.857,16.9316,0.1104,1.8437,19.867,17.6058,1.0281,-0.0281,Low Irradiance,synthetic PV simulation; not hardware measurement
300.028,19.7403,0.3254,5.6961,28.11,17.6323,0.9771,0.0229,Low Irradiance,synthetic PV simulation; not hardware measurement
177.597,17.6978,0.2194,3.3418,39.185,16.9543,1.0021,-0.0021,Low Irradiance,synthetic PV simulation; not hardware measurement
415.273,17.1943,0.5088,7.3503,18.516,18.1917,0.8876,0.1124,Low Irradiance,synthetic PV simulation; not hardware measurement
507.23,16.2279,0.5665,8.6449,25.718,17.9336,0.8638,0.1362,Low Irradiance,synthetic PV simulation; not hardware measurement
423.595,16.7241,0.55,7.9707,56.513,16.4658,1.0228,-0.0228,Low Irradiance,synthetic PV simulation; not hardware measurement
488.487,18.1602,0.5159,7.9051,35.983,17.4501,0.8385,0.1615,Low Irradiance,synthetic PV simulation; not hardware measurement
284.707,17.7205,0.3037,4.8994,44.679,16.8647,0.9186,0.0814,Low Irradiance,synthetic PV simulation; not hardware measurement
386.141,16.426,0.3934,6.0576,35.509,17.3866,0.8159,0.1841,Low Irradiance,synthetic PV simulation; not hardware measurement
472.161,16.463,0.5717,8.1817,37.388,17.3722,0.9011,0.0989,Low Irradiance,synthetic PV simulation; not hardware measurement
493.286,17.3155,0.5671,9.3506,35.044,17.4969,0.98,0.02,Low Irradiance,synthetic PV simulation; not hardware measurement
115.74,17.6221,0.1295,1.9764,26.4,17.3858,0.8925,0.1075,Low Irradiance,synthetic PV simulation; not hardware measurement
494.337,17.9842,0.5747,8.8613,49.906,16.82,0.9569,0.0431,Low Irradiance,synthetic PV simulation; not hardware measurement
552.795,18.086,0.5822,10.5144,24.979,17.9912,0.961,0.039,Low Irradiance,synthetic PV simulation; not hardware measurement
71.407,16.0336,0.0837,1.3774,46.016,16.319,1.0633,-0.0633,Low Irradiance,synthetic PV simulation; not hardware measurement
401.855,17.23,0.4919,8.221,54.001,16.559,1.1069,-0.1069,Low Irradiance,synthetic PV simulation; not hardware measurement
459.003,17.9583,0.5094,8.5239,22.923,18.0204,0.9377,0.0623,Low Irradiance,synthetic PV simulation; not hardware measurement
105.278,16.712,0.118,1.7151,47.015,16.4122,0.8927,0.1073,Low Irradiance,synthetic PV simulation; not hardware measurement
325.251,16.3459,0.3303,5.4573,53.766,16.4937,0.9115,0.0885,Low Irradiance,synthetic PV simulation; not hardware measurement
136.535,15.1368,0.1587,2.3973,54.73,16.1452,0.9739,0.0261,Low Irradiance,synthetic PV simulation; not hardware measurement
250.079,17.3261,0.275,4.3654,48.202,16.661,0.9416,0.0584,Low Irradiance,synthetic PV simulation; not hardware measurement
87.671,15.5252,0.0961,1.4556,43.471,16.5099,0.906,0.094,Low Irradiance,synthetic PV simulation; not hardware measurement
531.645,17.8621,0.6367,10.6929,35.907,17.4773,1.0402,-0.0402,Low Irradiance,synthetic PV simulation; not hardware measurement
293.563,16.8418,0.3704,5.4767,50.255,16.6224,1.0076,-0.0076,Low Irradiance,synthetic PV simulation; not hardware measurement
549.823,19.3488,0.5239,9.4654,20.84,18.1777,0.8626,0.1374,Low Irradiance,synthetic PV simulation; not hardware measurement
145.815,18.0141,0.1415,2.3539,45.219,16.6077,0.8749,0.1251,Low Irradiance,synthetic PV simulation; not hardware measurement
376.355,16.5097,0.4174,6.1371,34.175,17.4371,0.8461,0.1539,Low Irradiance,synthetic PV simulation; not hardware measurement
86.94,15.7287,0.1013,1.5128,54.727,15.99,0.9746,0.0254,Low Irradiance,synthetic PV simulation; not hardware measurement
118.159,15.659,0.1351,1.9309,54.003,16.1292,0.9077,0.0923,Low Irradiance,synthetic PV simulation; not hardware measurement
99.701,16.593,0.1074,1.4798,44.377,16.5109,0.8094,0.1906,Low Irradiance,synthetic PV simulation; not hardware measurement
78.245,17.2797,0.0837,1.4509,35.232,16.8414,0.9958,0.0042,Low Irradiance,synthetic PV simulation; not hardware measurement
272.694,17.3685,0.3193,5.1846,60.223,16.1468,1.0522,-0.0522,Low Irradiance,synthetic PV simulation; not hardware measurement
477.714,18.8877,0.5736,9.406,30.471,17.6924,1.009,-0.009,Low Irradiance,synthetic PV simulation; not hardware measurement
323.031,17.1477,0.3712,5.9257,30.81,17.5391,0.948,0.052,Low Irradiance,synthetic PV simulation; not hardware measurement
372.317,17.6648,0.4122,6.5239,36.01,17.3489,0.9129,0.0871,Low Irradiance,synthetic PV simulation; not hardware measurement
253.654,18.9871,0.287,5.0348,45.485,16.791,1.064,-0.064,Low Irradiance,synthetic PV simulation; not hardware measurement
342.299,17.5448,0.3671,6.0879,38.133,17.2284,0.9324,0.0676,Low Irradiance,synthetic PV simulation; not hardware measurement
327.882,18.4803,0.3638,6.4748,20.901,17.9977,0.9996,0.0004,Low Irradiance,synthetic PV simulation; not hardware measurement
315.884,17.6351,0.3429,5.0799,18.546,18.09,0.8108,0.1892,Low Irradiance,synthetic PV simulation; not hardware measurement
310.045,19.0945,0.3481,6.4962,12.794,18.3451,1.0447,-0.0447,Low Irradiance,synthetic PV simulation; not hardware measurement
312.021,14.9443,0.3521,5.3242,33.238,17.4141,0.887,0.113,Low Irradiance,synthetic PV simulation; not hardware measurement
551.856,17.2898,0.6227,10.924,50.31,16.836,1.0552,-0.0552,Low Irradiance,synthetic PV simulation; not hardware measurement
274.595,17.4763,0.3359,5.9426,31.66,17.4448,1.124,-0.124,Low Irradiance,synthetic PV simulation; not hardware measurement
235.094,18.673,0.2417,3.7749,17.954,18.0187,0.8132,0.1868,Low Irradiance,synthetic PV simulation; not hardware measurement
229.131,17.6187,0.2393,3.8166,14.301,18.1752,0.8378,0.1622,Low Irradiance,synthetic PV simulation; not hardware measurement
347.956,15.9355,0.4237,5.9594,38.504,17.2181,0.8983,0.1017,Low Irradiance,synthetic PV simulation; not hardware measurement
123.271,16.7788,0.1283,1.916,54.497,16.1239,0.8635,0.1365,Low Irradiance,synthetic PV simulation; not hardware measurement
199.52,15.6201,0.2084,3.1105,29.054,17.4549,0.8105,0.1895,Low Irradiance,synthetic PV simulation; not hardware measurement
130.711,16.9463,0.1438,2.272,62.216,15.7941,0.9822,0.0178,Low Irradiance,synthetic PV simulation; not hardware measurement
225.413,16.6313,0.2542,3.9574,54.848,16.3248,0.9635,0.0365,Low Irradiance,synthetic PV simulation; not hardware measurement
365.364,15.8183,0.4562,6.9463,58.944,16.3046,1.0425,-0.0425,Low Irradiance,synthetic PV simulation; not hardware measurement
361.339,16.9521,0.398,6.0895,38.962,17.2126,0.8841,0.1159,Low Irradiance,synthetic PV simulation; not hardware measurement
516.947,16.699,0.5199,7.4815,50.323,16.8192,0.7726,0.2274,Low Irradiance,synthetic PV simulation; not hardware measurement
416.307,18.0772,0.4164,6.3565,26.354,17.8351,0.7779,0.2221,Low Irradiance,synthetic PV simulation; not hardware measurement
362.324,16.5089,0.3947,6.0918,49.858,16.7161,0.9033,0.0967,Low Irradiance,synthetic PV simulation; not hardware measurement
543.865,18.3081,0.5775,9.7371,37.293,17.4234,0.9282,0.0718,Low Irradiance,synthetic PV simulation; not hardware measurement
515.471,16.4324,0.5306,8.1674,32.988,17.6086,0.8149,0.1851,Low Irradiance,synthetic PV simulation; not hardware measurement
362.843,17.3712,0.4251,6.5687,25.184,17.8324,0.9226,0.0774,Low Irradiance,synthetic PV simulation; not hardware measurement
472.149,16.9657,0.5057,8.3171,63.347,16.1882,0.9704,0.0296,Low Irradiance,synthetic PV simulation; not hardware measurement
225.259,18.1285,0.2272,3.4339,12.275,18.2609,0.7639,0.2361,Low Irradiance,synthetic PV simulation; not hardware measurement
514.408,16.7624,0.5546,8.728,50.952,16.7885,0.9071,0.0929,Low Irradiance,synthetic PV simulation; not hardware measurement
434.144,16.2933,0.4213,6.4184,59.179,16.3542,0.8081,0.1919,Low Irradiance,synthetic PV simulation; not hardware measurement
70.632,18.7423,0.0723,1.4019,12.292,17.8521,1.0173,-0.0173,Low Irradiance,synthetic PV simulation; not hardware measurement
256.955,14.811,0.3144,4.4666,64.296,15.9363,0.9725,0.0275,Low Irradiance,synthetic PV simulation; not hardware measurement
119.223,16.1975,0.15,2.0607,44.442,16.571,0.9391,0.0609,Low Irradiance,synthetic PV simulation; not hardware measurement
172.861,20.4899,0.1963,3.7745,17.443,17.9275,1.1113,-0.1113,Low Irradiance,synthetic PV simulation; not hardware measurement
393.486,15.6375,0.4638,7.3057,63.004,16.1396,1.026,-0.026,Low Irradiance,synthetic PV simulation; not hardware measurement
212.927,16.1672,0.249,3.4447,34.757,17.2101,0.8502,0.1498,Low Irradiance,synthetic PV simulation; not hardware measurement
138.777,18.7438,0.1424,2.2774,12.654,18.068,0.8307,0.1693,Low Irradiance,synthetic PV simulation; not hardware measurement
467.003,15.9044,0.4914,7.0925,49.513,16.8147,0.811,0.189,Low Irradiance,synthetic PV simulation; not hardware measurement
460.362,17.0695,0.4605,7.8399,18.126,18.2404,0.8516,0.1484,Low Irradiance,synthetic PV simulation; not hardware measurement
459.51,16.0389,0.5031,7.9714,51.521,16.7165,0.9308,0.0692,Low Irradiance,synthetic PV simulation; not hardware measurement
305.124,15.2918,0.3048,4.6983,47.836,16.7487,0.8265,0.1735,Low Irradiance,synthetic PV simulation; not hardware measurement
185.115,16.2453,0.2187,3.0368,42.311,16.8179,0.8789,0.1211,Low Irradiance,synthetic PV simulation; not hardware measurement
384.295,15.4084,0.4481,5.7592,62.77,16.1506,0.8281,0.1719,Low Irradiance,synthetic PV simulation; not hardware measurement
465.201,17.6157,0.5147,8.7153,24.184,17.9683,0.9482,0.0518,Low Irradiance,synthetic PV simulation; not hardware measurement
538.209,20.1484,0.6653,13.9919,28.808,17.8059,1.3245,-0.3245,Low Irradiance,synthetic PV simulation; not hardware measurement
290.765,17.2103,0.3172,4.6476,28.399,17.6171,0.8236,0.1764,Low Irradiance,synthetic PV simulation; not hardware measurement
418.574,16.8854,0.4607,7.9372,52.57,16.6409,1.0218,-0.0218,Low Irradiance,synthetic PV simulation; not hardware measurement
236.254,17.5618,0.2693,4.5095,41.6,16.9397,1.0159,-0.0159,Low Irradiance,synthetic PV simulation; not hardware measurement
466.272,19.6766,0.436,8.4362,22.233,18.0582,0.9121,0.0879,Low Irradiance,synthetic PV simulation; not hardware measurement
349.654,15.6147,0.4144,5.8061,50.05,16.6928,0.8932,0.1068,Low Irradiance,synthetic PV simulation; not hardware measurement
316.838,18.1576,0.3823,6.353,30.995,17.5228,1.037,-0.037,Low Irradiance,synthetic PV simulation; not hardware measurement
521.943,15.8245,0.5407,7.6983,48.567,16.9032,0.7842,0.2158,Low Irradiance,synthetic PV simulation; not hardware measurement
197.689,15.7643,0.2049,3.1881,39.911,16.9545,0.8583,0.1417,Low Irradiance,synthetic PV simulation; not hardware measurement
460.028,15.9628,0.5296,8.4349,49.354,16.8158,0.9791,0.0209,Low Irradiance,synthetic PV simulation; not hardware measurement
551.28,19.6129,0.6474,11.8168,14.148,18.4838,1.0599,-0.0599,Low Irradiance,synthetic PV simulation; not hardware measurement
455.667,18.2832,0.4359,7.8594,15.618,18.3505,0.8584,0.1416,Low Irradiance,synthetic PV simulation; not hardware measurement
165.868,16.0757,0.213,3.1876,19.188,17.8308,0.9824,0.0176,Low Irradiance,synthetic PV simulation; not hardware measurement
226.452,18.493,0.2619,4.5441,23.769,17.7375,1.0292,-0.0292,Low Irradiance,synthetic PV simulation; not hardware measurement
453.153,17.9089,0.5027,8.5766,56.864,16.4773,1.0281,-0.0281,Low Irradiance,synthetic PV simulation; not hardware measurement
471.832,18.9746,0.4546,8.5116,22.439,18.0537,0.9095,0.0905,Low Irradiance,synthetic PV simulation; not hardware measurement
321.83,19.0399,0.2995,5.4508,14.59,18.2783,0.8469,0.1531,Low Irradiance,synthetic PV simulation; not hardware measurement
94.967,17.5675,0.1078,1.7965,13.187,17.9104,0.9657,0.0343,Low Irradiance,synthetic PV simulation; not hardware measurement
378.166,15.4818,0.3896,5.7876,60.673,16.2397,0.8419,0.1581,Low Irradiance,synthetic PV simulation; not hardware measurement
440.853,16.7515,0.5225,8.2097,51.208,16.7242,0.9994,0.0006,Low Irradiance,synthetic PV simulation; not hardware measurement
135.036,17.8548,0.1569,2.8242,18.186,17.8035,1.0712,-0.0712,Low Irradiance,synthetic PV simulation; not hardware measurement
200.875,14.5729,0.2125,2.9844,64.146,15.8523,0.8354,0.1646,Low Irradiance,synthetic PV simulation; not hardware measurement
385.109,15.7685,0.4245,6.5375,37.288,17.3044,0.8863,0.1137,Low Irradiance,synthetic PV simulation; not hardware measurement
455.664,17.7425,0.5515,8.6108,26.842,17.8386,0.962,0.038,Low Irradiance,synthetic PV simulation; not hardware measurement
154.531,19.8746,0.181,3.2617,29.332,17.3485,1.1036,-0.1036,Low Irradiance,synthetic PV simulation; not hardware measurement
525.819,18.7969,0.617,12.1112,34.724,17.5375,1.1885,-0.1885,Low Irradiance,synthetic PV simulation; not hardware measurement
503.963,17.8963,0.5714,9.1606,59.792,16.3769,0.9918,0.0082,Low Irradiance,synthetic PV simulation; not hardware measurement
511.939,18.2521,0.5771,10.1278,14.885,18.4201,0.981,0.019,Low Irradiance,synthetic PV simulation; not hardware measurement
303.6,18.3601,0.3474,5.3362,20.355,17.9912,0.8901,0.1099,Low Irradiance,synthetic PV simulation; not hardware measurement
258.319,17.1212,0.2912,4.386,46.763,16.74,0.9124,0.0876,Low Irradiance,synthetic PV simulation; not hardware measurement
473.453,15.9687,0.5338,7.4631,53.527,16.6372,0.8491,0.1509,Low Irradiance,synthetic PV simulation; not hardware measurement
481.767,17.2304,0.5917,9.679,19.732,18.1856,1.0071,-0.0071,Low Irradiance,synthetic PV simulation; not hardware measurement
241.755,19.0592,0.2732,5.1626,15.323,18.1392,1.0752,-0.0752,Low Irradiance,synthetic PV simulation; not hardware measurement
132.983,17.4704,0.127,1.8596,12.753,18.046,0.7086,0.2914,Low Irradiance,synthetic PV simulation; not hardware measurement
510.136,16.8257,0.5328,9.2759,52.775,16.7019,0.9762,0.0238,Low Irradiance,synthetic PV simulation; not hardware measurement
322.529,16.0596,0.3724,6.0005,42.507,17.0044,0.9858,0.0142,Low Irradiance,synthetic PV simulation; not hardware measurement
431.26,16.025,0.4596,7.3305,56.285,16.4835,0.9231,0.0769,Low Irradiance,synthetic PV simulation; not hardware measurement
117.297,17.4121,0.1233,1.82,38.31,16.8454,0.8319,0.1681,Low Irradiance,synthetic PV simulation; not hardware measurement
149.146,17.0154,0.1594,2.6825,46.338,16.5656,0.9767,0.0233,Low Irradiance,synthetic PV simulation; not hardware measurement
282.733,17.5097,0.3131,4.8751,60.566,16.1359,0.9543,0.0457,Low Irradiance,synthetic PV simulation; not hardware measurement
145.495,17.5068,0.1689,2.9354,31.579,17.221,1.0612,-0.0612,Low Irradiance,synthetic PV simulation; not hardware measurement
223.942,17.1274,0.2546,4.6478,40.54,16.9663,1.1033,-0.1033,Low Irradiance,synthetic PV simulation; not hardware measurement
390.031,16.0218,0.4726,6.0227,60.029,16.2717,0.8476,0.1524,Low Irradiance,synthetic PV simulation; not hardware measurement
158.295,16.3731,0.1899,2.6474,55.14,16.1868,0.9255,0.0745,Low Irradiance,synthetic PV simulation; not hardware measurement
325.476,15.5314,0.372,5.2501,60.142,16.2128,0.8891,0.1109,Low Irradiance,synthetic PV simulation; not hardware measurement
213.86,17.4682,0.218,3.0802,20.519,17.8628,0.7346,0.2654,Low Irradiance,synthetic PV simulation; not hardware measurement
510.483,16.0949,0.6321,9.0792,47.073,16.9622,0.9429,0.0571,Low Irradiance,synthetic PV simulation; not hardware measurement
162.23,15.4875,0.1835,2.8388,63.116,15.8316,0.9862,0.0138,Low Irradiance,synthetic PV simulation; not hardware measurement
365.561,17.2974,0.4286,7.0491,49.966,16.7148,1.036,-0.036,Low Irradiance,synthetic PV simulation; not hardware measurement
247.706,16.9088,0.2888,4.2138,36.492,17.1925,0.8946,0.1054,Low Irradiance,synthetic PV simulation; not hardware measurement
452.452,18.4836,0.4917,7.8693,17.878,18.2446,0.8696,0.1304,Low Irradiance,synthetic PV simulation; not hardware measurement
233.481,19.2763,0.2449,4.6649,18.851,17.9749,1.0138,-0.0138,Low Irradiance,synthetic PV simulation; not hardware measurement
387.719,15.8881,0.4695,6.5649,40.193,17.1745,0.8894,0.1106,Low Irradiance,synthetic PV simulation; not hardware measurement
503.263,16.7369,0.5904,8.245,48.203,16.9049,0.871,0.129,Low Irradiance,synthetic PV simulation; not hardware measurement
488.578,17.6282,0.5038,7.7897,18.377,18.2531,0.7968,0.2032,Low Irradiance,synthetic PV simulation; not hardware measurement
87.951,16.6449,0.0955,1.5571,46.457,16.3742,0.9726,0.0274,Low Irradiance,synthetic PV simulation; not hardware measurement
74.27,16.3352,0.0806,1.1028,12.961,17.842,0.7613,0.2387,Low Irradiance,synthetic PV simulation; not hardware measurement
457.418,15.0864,0.4973,6.8178,64.878,16.1154,0.8246,0.1754,Low Irradiance,synthetic PV simulation; not hardware measurement
513.807,15.0825,0.5337,7.5039,59.062,16.4181,0.7952,0.2048,Low Irradiance,synthetic PV simulation; not hardware measurement
363.999,15.4828,0.3502,5.0292,42.415,17.0579,0.7302,0.2698,Low Irradiance,synthetic PV simulation; not hardware measurement
101.94,16.7932,0.1139,1.8543,51.338,16.2008,1.0074,-0.0074,Low Irradiance,synthetic PV simulation; not hardware measurement
466.377,15.6102,0.5269,8.1539,56.761,16.4836,0.9489,0.0511,Low Irradiance,synthetic PV simulation; not hardware measurement
137.65,15.4774,0.1602,2.4959,59.8,15.926,1.0175,-0.0175,Low Irradiance,synthetic PV simulation; not hardware measurement
413.962,17.8911,0.4728,7.2687,12.137,18.4816,0.8695,0.1305,Low Irradiance,synthetic PV simulation; not hardware measurement
252.74,16.1521,0.2875,4.1478,49.353,16.6127,0.8874,0.1126,Low Irradiance,synthetic PV simulation; not hardware measurement
258.65,18.8627,0.2647,5.0161,23.79,17.78,0.9921,0.0079,Low Irradiance,synthetic PV simulation; not hardware measurement
443.263,17.647,0.5197,7.9057,41.205,17.1724,0.9363,0.0637,Low Irradiance,synthetic PV simulation; not hardware measurement
528.249,17.7954,0.4882,7.8271,31.496,17.6757,0.7594,0.2406,Low Irradiance,synthetic PV simulation; not hardware measurement
155.198,17.0952,0.1694,2.6315,40.016,16.8612,0.9072,0.0928,Low Irradiance,synthetic PV simulation; not hardware measurement
546.723,15.0559,0.5547,7.2619,57.089,16.5232,0.719,0.281,Low Irradiance,synthetic PV simulation; not hardware measurement
399.878,15.6181,0.414,5.0973,34.461,17.4487,0.661,0.339,Low Irradiance,synthetic PV simulation; not hardware measurement
356.228,16.4909,0.3759,5.3469,42.615,17.0399,0.7939,0.2061,Low Irradiance,synthetic PV simulation; not hardware measurement
384.726,17.168,0.4261,6.3312,36.54,17.3381,0.8578,0.1422,Low Irradiance,synthetic PV simulation; not hardware measurement
451.877,18.1115,0.5789,9.0985,14.4,18.4027,0.9999,0.0001,Low Irradiance,synthetic PV simulation; not hardware measurement
284.517,16.9906,0.3523,4.8145,33.159,17.3908,0.8811,0.1189,Low Irradiance,synthetic PV simulation; not hardware measurement
200.315,15.9276,0.2273,3.4687,35.223,17.1744,0.9121,0.0879,Low Irradiance,synthetic PV simulation; not hardware measurement
264.37,17.9579,0.3091,4.741,35.347,17.2608,0.9395,0.0605,Low Irradiance,synthetic PV simulation; not hardware measurement
516.317,16.9462,0.6218,9.5839,46.165,17.0083,0.9819,0.0181,Low Irradiance,synthetic PV simulation; not hardware measurement
200.936,15.9958,0.2059,2.787,60.177,16.034,0.7726,0.2274,Low Irradiance,synthetic PV simulation; not hardware measurement
347.063,17.2197,0.3939,6.1054,26.904,17.7467,0.9005,0.0995,Low Irradiance,synthetic PV simulation; not hardware measurement
254.96,19.4536,0.2929,4.8173,16.909,18.0885,0.9534,0.0466,Low Irradiance,synthetic PV simulation; not hardware measurement
279.527,15.6865,0.3491,4.7064,49.454,16.639,0.9087,0.0913,Low Irradiance,synthetic PV simulation; not hardware measurement
179.265,16.2113,0.1755,2.7861,56.871,16.1486,0.8612,0.1388,Low Irradiance,synthetic PV simulation; not hardware measurement
315.278,16.706,0.3693,5.8312,50.973,16.6187,0.9991,0.0009,Low Irradiance,synthetic PV simulation; not hardware measurement
202.857,18.5086,0.2226,3.6463,37.62,17.0698,0.9514,0.0486,Low Irradiance,synthetic PV simulation; not hardware measurement
236.318,17.2351,0.2575,3.7857,43.206,16.8663,0.8556,0.1444,Low Irradiance,synthetic PV simulation; not hardware measurement
226.009,16.8913,0.2406,4.222,36.152,17.1706,0.9835,0.0165,Low Irradiance,synthetic PV simulation; not hardware measurement
194.001,19.3488,0.2294,4.1958,19.769,17.8682,1.1035,-0.1035,Low Irradiance,synthetic PV simulation; not hardware measurement
406.134,18.0205,0.4542,7.1214,29.89,17.6636,0.9003,0.0997,Low Irradiance,synthetic PV simulation; not hardware measurement
230.331,16.4771,0.2509,3.4508,43.793,16.829,0.8017,0.1983,Low Irradiance,synthetic PV simulation; not hardware measurement
210.316,15.4284,0.2592,3.7047,56.507,16.2205,0.9719,0.0281,Low Irradiance,synthetic PV simulation; not hardware measurement
458.112,17.827,0.5748,10.1347,51.283,16.7261,1.1865,-0.1865,Low Irradiance,synthetic PV simulation; not hardware measurement
314.979,20.682,0.3066,5.1844,21.766,17.9418,0.8353,0.1647,Low Irradiance,synthetic PV simulation; not hardware measurement
91.233,17.6303,0.0885,1.4577,18.556,17.6587,0.8254,0.1746,Low Irradiance,synthetic PV simulation; not hardware measurement
534.719,17.3278,0.5948,8.9914,49.549,16.8682,0.8955,0.1045,Low Irradiance,synthetic PV simulation; not hardware measurement
177.479,14.9146,0.2056,2.8491,60.271,15.9888,0.8969,0.1031,Low Irradiance,synthetic PV simulation; not hardware measurement
391.382,19.088,0.4104,8.2186,28.168,17.7271,1.0751,-0.0751,Low Irradiance,synthetic PV simulation; not hardware measurement
394.717,15.8382,0.3855,5.5737,55.931,16.4637,0.7677,0.2323,Low Irradiance,synthetic PV simulation; not hardware measurement
139.084,16.1086,0.1403,2.2977,63.96,15.7396,0.9361,0.0639,Low Irradiance,synthetic PV simulation; not hardware measurement
279.802,17.1611,0.2972,5.1468,42.524,16.9561,0.9776,0.0224,Low Irradiance,synthetic PV simulation; not hardware measurement
285.785,16.3622,0.3345,4.5149,41.537,17.0098,0.8374,0.1626,Low Irradiance,synthetic PV simulation; not hardware measurement
219.775,17.2532,0.2565,3.6256,45.011,16.7542,0.886,0.114,Low Irradiance,synthetic PV simulation; not hardware measurement
192.944,16.1295,0.1973,2.8012,59.929,16.0386,0.809,0.191,Low Irradiance,synthetic PV simulation; not hardware measurement
98.685,17.024,0.1066,1.6284,25.587,17.3578,0.8637,0.1363,Low Irradiance,synthetic PV simulation; not hardware measurement
197.125,17.2268,0.2036,3.1796,55.149,16.2562,0.8884,0.1116,Low Irradiance,synthetic PV simulation; not hardware measurement
90.987,17.7957,0.1011,1.6174,12.748,17.913,0.9074,0.0926,Low Irradiance,synthetic PV simulation; not hardware measurement
539.593,16.1045,0.5948,8.5827,59.498,16.4182,0.866,0.134,Low Irradiance,synthetic PV simulation; not hardware measurement
168.975,17.2327,0.1677,2.8533,57.436,16.0985,0.9382,0.0618,Low Irradiance,synthetic PV simulation; not hardware measurement
493.342,17.4397,0.6006,8.5933,37.394,17.3898,0.905,0.095,Low Irradiance,synthetic PV simulation; not hardware measurement
509.888,16.6622,0.5972,9.5502,49.226,16.8636,0.9977,0.0023,Low Irradiance,synthetic PV simulation; not hardware measurement
358.073,18.1406,0.3791,6.5954,31.155,17.5653,0.9506,0.0494,Low Irradiance,synthetic PV simulation; not hardware measurement
417.837,17.2565,0.4525,7.0556,25.972,17.854,0.8596,0.1404,Low Irradiance,synthetic PV simulation; not hardware measurement
308.683,16.7909,0.3715,6.3581,43.362,16.9578,1.0945,-0.0945,Low Irradiance,synthetic PV simulation; not hardware measurement
226.471,17.3752,0.2162,3.4515,38.081,17.0833,0.8057,0.1943,Low Irradiance,synthetic PV simulation; not hardware measurement
271.204,17.1251,0.292,4.9821,23.094,17.8311,0.9375,0.0625,Low Irradiance,synthetic PV simulation; not hardware measurement
409.17,16.5918,0.4394,7.116,49.262,16.7826,0.9307,0.0693,Low Irradiance,synthetic PV simulation; not hardware measurement
219.267,16.8719,0.2398,3.9427,24.351,17.6978,0.9239,0.0761,Low Irradiance,synthetic PV simulation; not hardware measurement
146.732,15.6162,0.161,2.0813,63.963,15.7517,0.8028,0.1972,Low Irradiance,synthetic PV simulation; not hardware measurement
290.072,16.904,0.3205,4.3839,24.854,17.7781,0.7731,0.2269,Low Irradiance,synthetic PV simulation; not hardware measurement
371.479,15.228,0.4238,5.679,55.389,16.4737,0.8312,0.1688,Low Irradiance,synthetic PV simulation; not hardware measurement
120.001,14.4907,0.1463,1.9004,64.482,15.6648,0.9015,0.0985,Low Irradiance,synthetic PV simulation; not hardware measurement
329.208,16.9519,0.3465,5.1251,21.523,17.9709,0.789,0.211,Low Irradiance,synthetic PV simulation; not hardware measurement
82.802,16.1349,0.0814,1.2528,43.916,16.4661,0.8274,0.1726,Low Irradiance,synthetic PV simulation; not hardware measurement
426.6,17.564,0.4786,7.8751,29.668,17.6938,0.9465,0.0535,Low Irradiance,synthetic PV simulation; not hardware measurement
353.585,16.1121,0.4262,7.1171,30.877,17.5729,1.0385,-0.0385,Low Irradiance,synthetic PV simulation; not hardware measurement
285.659,15.8949,0.3328,5.2815,55.686,16.3631,1.0115,-0.0115,Low Irradiance,synthetic PV simulation; not hardware measurement
91.654,17.0793,0.0947,1.3671,25.742,17.331,0.7822,0.2178,Low Irradiance,synthetic PV simulation; not hardware measurement
355.947,18.1361,0.4034,7.3301,16.914,18.202,1.0324,-0.0324,Low Irradiance,synthetic PV simulation; not hardware measurement
503.969,16.4727,0.4779,7.7913,23.381,18.0375,0.78,0.22,Low Irradiance,synthetic PV simulation; not hardware measurement
340.968,16.0274,0.4313,6.4404,47.617,16.7937,1.011,-0.011,Low Irradiance,synthetic PV simulation; not hardware measurement
262.501,18.134,0.2807,4.7778,40.601,17.0179,0.9645,0.0355,Low Irradiance,synthetic PV simulation; not hardware measurement
350.117,16.8727,0.3893,5.7401,52.032,16.6029,0.8857,0.1143,Low Irradiance,synthetic PV simulation; not hardware measurement
525.016,19.9157,0.502,9.9046,47.428,16.9575,1.0004,-0.0004,Low Irradiance,synthetic PV simulation; not hardware measurement
512.922,18.4394,0.5722,9.6217,22.743,18.0738,0.9449,0.0551,Low Irradiance,synthetic PV simulation; not hardware measurement
360.623,17.5036,0.3358,5.1745,29.757,17.6212,0.7383,0.2617,Low Irradiance,synthetic PV simulation; not hardware measurement
546.93,19.4799,0.6138,10.5645,15.335,18.4265,0.9575,0.0425,Low Irradiance,synthetic PV simulation; not hardware measurement
467.864,15.6023,0.5491,7.6866,60.807,16.3004,0.8999,0.1001,Low Irradiance,synthetic PV simulation; not hardware measurement
149.795,18.0567,0.1589,2.5022,23.067,17.6225,0.8625,0.1375,Low Irradiance,synthetic PV simulation; not hardware measurement
124.01,16.5936,0.1399,2.0534,31.762,17.1578,0.8742,0.1258,Low Irradiance,synthetic PV simulation; not hardware measurement
248.628,19.1972,0.2971,4.8144,15.875,18.1255,0.9755,0.0245,Low Irradiance,synthetic PV simulation; not hardware measurement
137.811,16.9266,0.1594,2.6653,22.626,17.6086,0.9994,0.0006,Low Irradiance,synthetic PV simulation; not hardware measurement
110.911,16.1349,0.1246,1.9937,63.121,15.695,1.0217,-0.0217,Low Irradiance,synthetic PV simulation; not hardware measurement
241.159,15.3823,0.2859,4.5317,50.485,16.5418,1.0197,-0.0197,Low Irradiance,synthetic PV simulation; not hardware measurement
436.292,16.3905,0.4497,6.9145,43.44,17.0745,0.8363,0.1637,Low Irradiance,synthetic PV simulation; not hardware measurement
152.16,18.2637,0.1666,2.7538,25.239,17.5295,0.9384,0.0616,Low Irradiance,synthetic PV simulation; not hardware measurement
74.216,16.0889,0.0829,1.3135,26.719,17.2104,0.934,0.066,Low Irradiance,synthetic PV simulation; not hardware measurement
262.626,17.1634,0.3262,5.1035,18.33,18.0357,0.9828,0.0172,Low Irradiance,synthetic PV simulation; not hardware measurement
545.465,17.9663,0.6217,9.3532,28.34,17.8326,0.8725,0.1275,Low Irradiance,synthetic PV simulation; not hardware measurement
496.465,15.9157,0.5634,7.6705,40.841,17.2351,0.8086,0.1914,Low Irradiance,synthetic PV simulation; not hardware measurement
174.952,17.8387,0.2099,3.5518,37.21,17.0386,1.0769,-0.0769,Low Irradiance,synthetic PV simulation; not hardware measurement
356.448,18.9008,0.4301,8.1268,17.805,18.162,1.1451,-0.1451,Low Irradiance,synthetic PV simulation; not hardware measurement
347.597,17.5898,0.4079,7.1559,39.065,17.1921,1.0811,-0.0811,Low Irradiance,synthetic PV simulation; not hardware measurement
94.867,17.9455,0.0992,1.7396,22.579,17.4902,0.9545,0.0455,Low Irradiance,synthetic PV simulation; not hardware measurement
126.605,16.5726,0.1417,2.4765,37.685,16.895,1.0456,-0.0456,Low Irradiance,synthetic PV simulation; not hardware measurement
128.619,16.8162,0.1276,1.7947,34.362,17.0536,0.7403,0.2597,Low Irradiance,synthetic PV simulation; not hardware measurement
381.481,17.8257,0.4097,7.2528,33.684,17.465,0.9852,0.0148,Low Irradiance,synthetic PV simulation; not hardware measurement
123.078,16.5424,0.1379,2.0811,63.588,15.7066,0.9599,0.0401,Low Irradiance,synthetic PV simulation; not hardware measurement
397.848,19.2507,0.4767,8.8483,15.226,18.3244,1.1089,-0.1089,Low Irradiance,synthetic PV simulation; not hardware measurement
551.496,16.4199,0.5969,8.6364,43.178,17.1608,0.8219,0.1781,Low Irradiance,synthetic PV simulation; not hardware measurement
162.595,15.5722,0.181,2.7345,48.345,16.4989,0.9158,0.0842,Low Irradiance,synthetic PV simulation; not hardware measurement
113.517,16.3591,0.1311,2.0594,29.697,17.2267,0.9552,0.0448,Low Irradiance,synthetic PV simulation; not hardware measurement
391.349,15.97,0.4678,6.8332,53.872,16.5541,0.945,0.055,Low Irradiance,synthetic PV simulation; not hardware measurement
73.87,16.3522,0.081,1.2432,52.443,16.0378,0.941,0.059,Low Irradiance,synthetic PV simulation; not hardware measurement
529.391,18.2843,0.6223,10.0682,29.039,17.7886,0.9697,0.0303,Low Irradiance,synthetic PV simulation; not hardware measurement
282.624,17.967,0.2837,4.2164,20.106,17.9844,0.7561,0.2439,Low Irradiance,synthetic PV simulation; not hardware measurement
536.574,16.2512,0.613,8.9077,60.719,16.3602,0.9065,0.0935,Low Irradiance,synthetic PV simulation; not hardware measurement
390.09,17.5737,0.4182,6.7086,39.691,17.1999,0.9022,0.0978,Low Irradiance,synthetic PV simulation; not hardware measurement
274.092,17.1577,0.3124,4.5285,54.06,16.4206,0.9014,0.0986,Low Irradiance,synthetic PV simulation; not hardware measurement
79.416,16.501,0.0905,1.4144,53.003,16.0418,0.9955,0.0045,Low Irradiance,synthetic PV simulation; not hardware measurement
461.625,16.6036,0.5667,9.3691,33.423,17.5438,1.0472,-0.0472,Low Irradiance,synthetic PV simulation; not hardware measurement
148.167,18.4564,0.1497,2.3327,12.969,18.0803,0.7964,0.2036,Low Irradiance,synthetic PV simulation; not hardware measurement
403.73,16.2237,0.4726,6.5709,62.155,16.1888,0.8971,0.1029,Low Irradiance,synthetic PV simulation; not hardware measurement
315.31,14.9402,0.3618,5.1001,61.221,16.1505,0.8944,0.1056,Low Irradiance,synthetic PV simulation; not hardware measurement
372.574,19.2751,0.4338,7.4448,19.218,18.1155,1.0056,-0.0056,Low Irradiance,synthetic PV simulation; not hardware measurement
436.918,18.0867,0.4531,7.1629,22.435,18.0225,0.8278,0.1722,Low Irradiance,synthetic PV simulation; not hardware measurement
124.578,19.027,0.1409,2.4244,21.68,17.6215,1.0056,-0.0056,Low Irradiance,synthetic PV simulation; not hardware measurement
237.533,16.7476,0.2285,3.5849,51.41,16.4933,0.8209,0.1791,Low Irradiance,synthetic PV simulation; not hardware measurement
461.591,15.3207,0.5084,6.2192,47.917,16.8828,0.7171,0.2829,Low Irradiance,synthetic PV simulation; not hardware measurement
189.478,18.7779,0.2469,4.1336,31.5,17.3219,1.1412,-0.1412,Low Irradiance,synthetic PV simulation; not hardware measurement
459.079,17.2316,0.4946,8.2588,33.211,17.5512,0.9279,0.0721,Low Irradiance,synthetic PV simulation; not hardware measurement
197.407,18.3978,0.2154,3.8916,31.165,17.354,1.0297,-0.0297,Low Irradiance,synthetic PV simulation; not hardware measurement
247.343,16.7861,0.3049,4.8777,45.782,16.7671,1.0583,-0.0583,Low Irradiance,synthetic PV simulation; not hardware measurement
293.689,17.5392,0.3237,5.3522,46.42,16.7978,0.9759,0.0241,Low Irradiance,synthetic PV simulation; not hardware measurement
94.791,17.7422,0.095,1.6314,34.204,16.9568,0.9185,0.0815,Low Irradiance,synthetic PV simulation; not hardware measurement
145.712,18.473,0.1654,2.5924,18.097,17.8387,0.9097,0.0903,Low Irradiance,synthetic PV simulation; not hardware measurement
157.239,16.8106,0.1871,2.9887,22.395,17.6731,0.9791,0.0209,Low Irradiance,synthetic PV simulation; not hardware measurement
218.146,16.8692,0.246,4.1337,38.959,17.0278,1.0044,-0.0044,Low Irradiance,synthetic PV simulation; not hardware measurement
122.829,17.7175,0.1384,2.2495,40.465,16.7655,0.9856,0.0144,Low Irradiance,synthetic PV simulation; not hardware measurement
98.126,15.7903,0.1227,1.7466,48.293,16.3248,0.9796,0.0204,Low Irradiance,synthetic PV simulation; not hardware measurement
227.938,18.7699,0.2862,4.4764,30.222,17.4452,1.0207,-0.0207,Low Irradiance,synthetic PV simulation; not hardware measurement
346.275,16.2623,0.3661,5.2634,64.583,16.0253,0.8454,0.1546,Low Irradiance,synthetic PV simulation; not hardware measurement
293.87,18.5302,0.2835,5.0888,15.55,18.1973,0.869,0.131,Low Irradiance,synthetic PV simulation; not hardware measurement
132.393,17.121,0.1529,2.397,53.138,16.2154,1.0012,-0.0012,Low Irradiance,synthetic PV simulation; not hardware measurement
450.67,18.3648,0.4605,7.3534,53.398,16.6332,0.8795,0.1205,Low Irradiance,synthetic PV simulation; not hardware measurement
317.936,16.9625,0.3552,5.2388,54.009,16.4834,0.896,0.104,Low Irradiance,synthetic PV simulation; not hardware measurement
151.0,18.8871,0.1695,3.0377,23.13,17.6229,1.0387,-0.0387,Low Irradiance,synthetic PV simulation; not hardware measurement
133.028,16.5431,0.1389,1.9697,50.097,16.3567,0.813,0.187,Low Irradiance,synthetic PV simulation; not hardware measurement
71.932,16.1455,0.0755,0.9656,40.161,16.5908,0.7301,0.2699,Low Irradiance,synthetic PV simulation; not hardware measurement
426.698,15.8416,0.4817,7.5856,64.483,16.1051,0.984,0.016,Low Irradiance,synthetic PV simulation; not hardware measurement
179.443,16.2473,0.2038,3.0895,52.449,16.3514,0.9443,0.0557,Low Irradiance,synthetic PV simulation; not hardware measurement
454.631,18.9462,0.524,9.5224,21.019,18.1033,1.0538,-0.0538,Low Irradiance,synthetic PV simulation; not hardware measurement
410.093,15.7866,0.4409,6.8194,50.303,16.736,0.892,0.108,Low Irradiance,synthetic PV simulation; not hardware measurement
137.274,19.0328,0.1611,2.5481,32.804,17.1516,0.9801,0.0199,Low Irradiance,synthetic PV simulation; not hardware measurement
202.26,17.3908,0.2202,3.4814,54.29,16.306,0.9457,0.0543,Low Irradiance,synthetic PV simulation; not hardware measurement
120.422,15.4832,0.1301,1.9773,47.815,16.4205,0.8987,0.1013,Low Irradiance,synthetic PV simulation; not hardware measurement
494.518,15.4203,0.5097,6.9716,62.789,16.2326,0.7748,0.2252,Low Irradiance,synthetic PV simulation; not hardware measurement
371.866,16.9222,0.3953,6.4624,58.925,16.3127,0.9525,0.0475,Low Irradiance,synthetic PV simulation; not hardware measurement
344.15,16.0068,0.3557,5.3291,19.19,18.0956,0.7804,0.2196,Low Irradiance,synthetic PV simulation; not hardware measurement
132.629,18.7839,0.1437,2.5072,13.253,18.022,0.9589,0.0411,Low Irradiance,synthetic PV simulation; not hardware measurement
473.278,15.0798,0.6432,9.6972,62.289,16.2375,1.1259,-0.1259,Low Irradiance,synthetic PV simulation; not hardware measurement
450.141,15.5914,0.5048,7.0873,45.923,16.9635,0.8348,0.1652,Low Irradiance,synthetic PV simulation; not hardware measurement
423.456,19.8001,0.4484,8.7029,15.402,18.3305,1.0239,-0.0239,Low Irradiance,synthetic PV simulation; not hardware measurement
261.154,19.5155,0.2837,5.3806,21.232,17.9008,1.0483,-0.0483,Low Irradiance,synthetic PV simulation; not hardware measurement
142.208,17.2087,0.1583,2.4413,54.896,16.1542,0.9517,0.0483,Low Irradiance,synthetic PV simulation; not hardware measurement
261.57,16.636,0.2864,4.6413,40.996,16.9984,0.9412,0.0588,Low Irradiance,synthetic PV simulation; not hardware measurement
194.076,14.7307,0.2032,2.733,57.221,16.1551,0.7796,0.2204,Low Irradiance,synthetic PV simulation; not hardware measurement
114.263,16.1561,0.1273,1.9785,41.121,16.7059,0.9346,0.0654,Low Irradiance,synthetic PV simulation; not hardware measurement
219.102,17.5681,0.2655,3.9727,38.012,17.0729,0.959,0.041,Low Irradiance,synthetic PV simulation; not hardware measurement
82.091,13.7982,0.0916,1.2296,53.177,16.0474,0.837,0.163,Low Irradiance,synthetic PV simulation; not hardware measurement
438.474,19.832,0.5004,8.1764,24.661,17.9225,0.9458,0.0542,Low Irradiance,synthetic PV simulation; not hardware measurement
162.469,16.0758,0.1743,2.565,62.225,15.873,0.8878,0.1122,Low Irradiance,synthetic PV simulation; not hardware measurement
287.014,15.5178,0.2869,4.0743,44.894,16.8581,0.758,0.242,Low Irradiance,synthetic PV simulation; not hardware measurement
332.32,17.3611,0.3546,5.8573,33.745,17.4167,0.916,0.084,Low Irradiance,synthetic PV simulation; not hardware measurement
285.748,16.4722,0.3745,6.3074,32.14,17.4391,1.1467,-0.1467,Low Irradiance,synthetic PV simulation; not hardware measurement
139.262,18.5164,0.154,2.9326,23.545,17.5708,1.09,-0.09,Low Irradiance,synthetic PV simulation; not hardware measurement
137.779,16.7068,0.1611,2.7169,53.654,16.1981,1.0908,-0.0908,Low Irradiance,synthetic PV simulation; not hardware measurement
289.828,17.63,0.3201,4.9159,29.472,17.5668,0.876,0.124,Low Irradiance,synthetic PV simulation; not hardware measurement
399.851,18.2121,0.4691,7.922,24.92,17.8841,1.0072,-0.0072,Low Irradiance,synthetic PV simulation; not hardware measurement
250.641,15.5232,0.2957,4.0613,60.385,16.1049,0.8987,0.1013,Low Irradiance,synthetic PV simulation; not hardware measurement
475.444,17.8662,0.5611,8.3764,13.677,18.4563,0.8728,0.1272,Low Irradiance,synthetic PV simulation; not hardware measurement
330.921,17.2247,0.3701,6.0997,43.635,16.9633,0.9786,0.0214,Low Irradiance,synthetic PV simulation; not hardware measurement
85.63,16.8462,0.0925,1.3475,19.491,17.5899,0.8155,0.1845,Low Irradiance,synthetic PV simulation; not hardware measurement
479.699,18.2969,0.5026,8.7977,58.304,16.4247,0.9983,0.0017,Low Irradiance,synthetic PV simulation; not hardware measurement
74.351,17.2134,0.0922,1.5052,48.888,16.2037,1.1224,-0.1224,Low Irradiance,synthetic PV simulation; not hardware measurement
505.968,16.6081,0.6146,10.2165,46.484,16.9855,1.0693,-0.0693,Low Irradiance,synthetic PV simulation; not hardware measurement
218.617,17.9295,0.2499,3.9802,50.31,16.5199,0.9896,0.0104,Low Irradiance,synthetic PV simulation; not hardware measurement
81.379,15.6643,0.0971,1.4829,33.108,16.9549,0.9732,0.0268,Low Irradiance,synthetic PV simulation; not hardware measurement
511.316,18.8941,0.4704,7.6308,17.879,18.2943,0.7445,0.2555,Low Irradiance,synthetic PV simulation; not hardware measurement
220.719,14.6988,0.2325,3.0016,64.59,15.8705,0.7639,0.2361,Low Irradiance,synthetic PV simulation; not hardware measurement
520.624,16.9404,0.6396,11.297,45.737,17.0312,1.1466,-0.1466,Low Irradiance,synthetic PV simulation; not hardware measurement
489.935,18.0203,0.4735,8.538,22.339,18.0735,0.8778,0.1222,Low Irradiance,synthetic PV simulation; not hardware measurement
401.025,15.5449,0.5292,7.2698,47.19,16.869,0.9661,0.0339,Low Irradiance,synthetic PV simulation; not hardware measurement
471.074,18.657,0.4693,7.8736,36.736,17.401,0.868,0.132,Low Irradiance,synthetic PV simulation; not hardware measurement
82.035,15.5591,0.091,1.3901,39.912,16.646,0.9186,0.0814,Low Irradiance,synthetic PV simulation; not hardware measurement
179.085,18.4244,0.2172,3.5982,32.542,17.2512,1.0546,-0.0546,Low Irradiance,synthetic PV simulation; not hardware measurement
324.896,17.6287,0.341,5.9958,50.641,16.6359,0.9955,0.0045,Low Irradiance,synthetic PV simulation; not hardware measurement
256.95,16.5935,0.345,5.2893,37.15,17.1668,1.0832,-0.0832,Low Irradiance,synthetic PV simulation; not hardware measurement
348.156,14.0943,0.3598,4.8373,62.881,16.1052,0.7696,0.2304,Low Irradiance,synthetic PV simulation; not hardware measurement
539.654,16.5363,0.6365,9.3648,46.427,17.0039,0.9177,0.0823,Low Irradiance,synthetic PV simulation; not hardware measurement
357.781,17.0412,0.3612,5.5601,45.138,16.9265,0.8265,0.1735,Low Irradiance,synthetic PV simulation; not hardware measurement
532.55,15.946,0.5201,7.1156,50.059,16.8433,0.7124,0.2876,Low Irradiance,synthetic PV simulation; not hardware measurement
125.292,15.2175,0.1122,1.6472,63.535,15.7163,0.7459,0.2541,Low Irradiance,synthetic PV simulation; not hardware measurement
122.696,15.9419,0.1269,1.8292,57.889,15.9665,0.835,0.165,Low Irradiance,synthetic PV simulation; not hardware measurement
264.663,16.0368,0.2467,3.5158,21.073,17.9135,0.6755,0.3245,Low Irradiance,synthetic PV simulation; not hardware measurement
512.278,15.3166,0.6549,8.9586,52.99,16.6938,0.9393,0.0607,Low Irradiance,synthetic PV simulation; not hardware measurement
266.454,15.8816,0.2962,4.8095,51.541,16.5241,0.9797,0.0203,Low Irradiance,synthetic PV simulation; not hardware measurement
297.392,16.7459,0.3441,5.1848,37.794,17.197,0.916,0.084,Low Irradiance,synthetic PV simulation; not hardware measurement
213.868,14.4991,0.2166,3.2932,35.688,17.1693,0.8108,0.1892,Low Irradiance,synthetic PV simulation; not hardware measurement
376.659,16.9281,0.3748,5.9762,62.11,16.1725,0.8758,0.1242,Low Irradiance,synthetic PV simulation; not hardware measurement
73.117,14.8943,0.0805,1.1703,53.562,15.9822,0.8975,0.1025,Low Irradiance,synthetic PV simulation; not hardware measurement
233.474,15.0099,0.2515,3.7251,64.857,15.8813,0.8957,0.1043,Low Irradiance,synthetic PV simulation; not hardware measurement
102.301,17.3413,0.12,2.0295,18.146,17.7136,1.0216,-0.0216,Low Irradiance,synthetic PV simulation; not hardware measurement
455.995,17.7905,0.5557,9.4076,13.535,18.4458,1.0226,-0.0226,Low Irradiance,synthetic PV simulation; not hardware measurement
300.714,18.1341,0.3643,6.6038,24.809,17.784,1.1224,-0.1224,Low Irradiance,synthetic PV simulation; not hardware measurement
474.444,16.8251,0.5659,9.6209,32.773,17.5846,1.0442,-0.0442,Low Irradiance,synthetic PV simulation; not hardware measurement
415.745,16.3605,0.4422,7.3123,36.896,17.3534,0.9161,0.0839,Low Irradiance,synthetic PV simulation; not hardware measurement
101.549,16.5708,0.1221,1.8792,43.846,16.5428,1.0075,-0.0075,Low Irradiance,synthetic PV simulation; not hardware measurement
223.62,18.1555,0.2483,4.6479,37.249,17.1161,1.0971,-0.0971,Low Irradiance,synthetic PV simulation; not hardware measurement
497.543,16.9141,0.5203,7.2202,33.478,17.5718,0.7477,0.2523,Low Irradiance,synthetic PV simulation; not hardware measurement
148.355,16.149,0.1827,2.8442,46.571,16.5528,1.0418,-0.0418,Low Irradiance,synthetic PV simulation; not hardware measurement
189.987,15.0525,0.2047,2.7948,56.722,16.1791,0.8138,0.1862,Low Irradiance,synthetic PV simulation; not hardware measurement
181.143,17.1442,0.1993,3.1264,21.101,17.7793,0.8842,0.1158,Low Irradiance,synthetic PV simulation; not hardware measurement
450.565,18.8345,0.4599,7.6836,19.189,18.1831,0.855,0.145,Low Irradiance,synthetic PV simulation; not hardware measurement
325.06,17.8106,0.3383,5.549,45.065,16.8908,0.9095,0.0905,Low Irradiance,synthetic PV simulation; not hardware measurement
391.774,15.4973,0.407,5.8592,42.664,17.066,0.7896,0.2104,Low Irradiance,synthetic PV simulation; not hardware measurement
479.701,18.6186,0.5142,8.9155,33.181,17.5705,0.9577,0.0423,Low Irradiance,synthetic PV simulation; not hardware measurement
450.58,17.0565,0.4369,7.2605,48.361,16.8526,0.8589,0.1411,Low Irradiance,synthetic PV simulation; not hardware measurement
366.832,17.5057,0.397,6.2913,45.423,16.9237,0.9122,0.0878,Low Irradiance,synthetic PV simulation; not hardware measurement
414.057,17.1885,0.4681,8.0888,59.091,16.3389,1.0686,-0.0686,Low Irradiance,synthetic PV simulation; not hardware measurement
351.089,18.7539,0.4075,6.4731,29.785,17.6199,0.9492,0.0508,Low Irradiance,synthetic PV simulation; not hardware measurement
310.708,16.8408,0.3484,5.4461,58.994,16.2463,0.9645,0.0355,Low Irradiance,synthetic PV simulation; not hardware measurement
378.455,17.5059,0.4262,6.686,51.292,16.6582,0.9513,0.0487,Low Irradiance,synthetic PV simulation; not hardware measurement
454.279,16.7376,0.5136,7.7847,39.834,17.2449,0.8965,0.1035,Low Irradiance,synthetic PV simulation; not hardware measurement
310.09,18.0802,0.32,5.3459,30.139,17.5531,0.8904,0.1096,Low Irradiance,synthetic PV simulation; not hardware measurement
266.81,17.2348,0.2762,4.9716,14.921,18.1978,0.9357,0.0643,Low Irradiance,synthetic PV simulation; not hardware measurement
366.109,16.7659,0.386,6.1845,48.499,16.7824,0.9046,0.0954,Low Irradiance,synthetic PV simulation; not hardware measurement
357.042,18.8841,0.4002,6.8757,26.809,17.7517,0.985,0.015,Low Irradiance,synthetic PV simulation; not hardware measurement
345.905,15.9403,0.3578,5.0323,49.676,16.7055,0.782,0.218,Low Irradiance,synthetic PV simulation; not hardware measurement
191.222,14.6635,0.2193,2.8095,54.454,16.2756,0.8085,0.1915,Low Irradiance,synthetic PV simulation; not hardware measurement
170.24,16.4007,0.164,2.7191,58.494,16.0532,0.8894,0.1106,Low Irradiance,synthetic PV simulation; not hardware measurement
548.082,20.265,0.6385,11.8327,41.478,17.2358,1.1291,-0.1291,Low Irradiance,synthetic PV simulation; not hardware measurement
79.491,17.2656,0.0821,1.3877,41.004,16.583,0.9493,0.0507,Low Irradiance,synthetic PV simulation; not hardware measurement
543.429,15.4673,0.5185,7.5634,51.675,16.7675,0.7444,0.2556,Low Irradiance,synthetic PV simulation; not hardware measurement
538.637,16.509,0.5542,9.1958,58.895,16.4449,0.9283,0.0717,Low Irradiance,synthetic PV simulation; not hardware measurement
107.668,15.2884,0.124,1.5933,48.615,16.348,0.8134,0.1866,Low Irradiance,synthetic PV simulation; not hardware measurement
353.88,16.1918,0.3605,5.0479,50.322,16.6853,0.7675,0.2325,Low Irradiance,synthetic PV simulation; not hardware measurement
192.64,16.6422,0.2043,3.4165,58.882,16.0859,0.9859,0.0141,Low Irradiance,synthetic PV simulation; not hardware measurement
519.001,17.9565,0.565,9.1678,16.547,18.3499,0.8786,0.1214,Low Irradiance,synthetic PV simulation; not hardware measurement
469.772,15.8423,0.5661,7.991,63.002,16.2019,0.9364,0.0636,Low Irradiance,synthetic PV simulation; not hardware measurement
490.144,15.0897,0.5076,6.4737,64.261,16.1618,0.7285,0.2715,Low Irradiance,synthetic PV simulation; not hardware measurement
362.91,17.1626,0.3984,6.244,39.829,17.1747,0.9042,0.0958,Low Irradiance,synthetic PV simulation; not hardware measurement
378.294,16.8495,0.4025,5.4968,31.258,17.5723,0.7493,0.2507,Low Irradiance,synthetic PV simulation; not hardware measurement
400.759,16.5797,0.4452,7.0475,46.621,16.8947,0.9361,0.0639,Low Irradiance,synthetic PV simulation; not hardware measurement
107.086,16.739,0.1113,1.7497,34.139,16.9993,0.8697,0.1303,Low Irradiance,synthetic PV simulation; not hardware measurement
140.99,15.46,0.1946,2.5951,49.796,16.3843,1.0086,-0.0086,Low Irradiance,synthetic PV simulation; not hardware measurement
466.747,17.7788,0.5646,9.3832,52.987,16.656,1.0819,-0.0819,Low Irradiance,synthetic PV simulation; not hardware measurement
517.493,18.2411,0.6595,11.1067,21.612,18.1178,1.0784,-0.0784,Low Irradiance,synthetic PV simulation; not hardware measurement
329.36,18.8999,0.379,6.3852,21.686,17.9637,0.9828,0.0172,Low Irradiance,synthetic PV simulation; not hardware measurement
550.872,16.4676,0.6314,9.7909,45.554,17.052,0.9377,0.0623,Low Irradiance,synthetic PV simulation; not hardware measurement
74.984,19.1226,0.0738,1.3006,20.901,17.4815,0.9039,0.0961,Low Irradiance,synthetic PV simulation; not hardware measurement
454.51,15.0685,0.5517,7.1358,62.311,16.2299,0.8635,0.1365,Low Irradiance,synthetic PV simulation; not hardware measurement
183.404,16.2786,0.2057,2.7945,42.275,16.8157,0.8165,0.1835,Low Irradiance,synthetic PV simulation; not hardware measurement
424.811,16.7289,0.455,6.3934,57.765,16.4099,0.8203,0.1797,Low Irradiance,synthetic PV simulation; not hardware measurement
168.101,16.3236,0.1775,2.7841,20.642,17.7698,0.8489,0.1511,Low Irradiance,synthetic PV simulation; not hardware measurement
526.273,17.1196,0.5948,9.5809,25.991,17.9251,0.9226,0.0774,Low Irradiance,synthetic PV simulation; not hardware measurement
543.237,16.4157,0.5813,8.2975,63.232,16.2506,0.8386,0.1614,Low Irradiance,synthetic PV simulation; not hardware measurement
123.541,18.3385,0.1472,2.5308,33.52,17.0757,1.0857,-0.0857,Low Irradiance,synthetic PV simulation; not hardware measurement
212.054,16.9211,0.2376,3.8461,57.75,16.1671,1.0035,-0.0035,Low Irradiance,synthetic PV simulation; not hardware measurement
160.995,16.1305,0.1815,2.7042,32.288,17.2299,0.8831,0.1169,Low Irradiance,synthetic PV simulation; not hardware measurement
177.938,16.9809,0.2309,3.9949,26.829,17.51,1.1644,-0.1644,Low Irradiance,synthetic PV simulation; not hardware measurement
522.83,17.6808,0.5526,9.5973,33.424,17.5944,0.9447,0.0553,Low Irradiance,synthetic PV simulation; not hardware measurement
309.019,19.0764,0.3091,5.6787,12.421,18.3607,0.9156,0.0844,Low Irradiance,synthetic PV simulation; not hardware measurement
251.908,17.3187,0.251,3.756,25.287,17.7008,0.7655,0.2345,Low Irradiance,synthetic PV simulation; not hardware measurement
254.61,17.7352,0.2841,3.9117,43.257,16.8944,0.8194,0.1806,Low Irradiance,synthetic PV simulation; not hardware measurement
835.493,15.3978,0.6429,7.4325,46.099,17.1755,0.4659,0.5341,Partial Shading,synthetic PV simulation; not hardware measurement
983.367,15.9191,0.639,8.6407,59.262,16.6323,0.4721,0.5279,Partial Shading,synthetic PV simulation; not hardware measurement
696.203,17.3131,0.5797,5.835,24.968,18.0745,0.4216,0.5784,Partial Shading,synthetic PV simulation; not hardware measurement
603.924,14.9936,0.5161,4.8813,46.554,17.0439,0.4265,0.5735,Partial Shading,synthetic PV simulation; not hardware measurement
888.958,18.4851,0.7175,10.7036,17.705,18.4933,0.5941,0.4059,Partial Shading,synthetic PV simulation; not hardware measurement
933.152,15.0473,0.7511,8.9919,23.856,18.2331,0.4809,0.5191,Partial Shading,synthetic PV simulation; not hardware measurement
656.605,15.4401,0.6419,6.1845,18.404,18.3497,0.4681,0.5319,Partial Shading,synthetic PV simulation; not hardware measurement
803.171,14.0715,0.599,4.5269,33.394,17.7379,0.2876,0.7124,Partial Shading,synthetic PV simulation; not hardware measurement
880.743,15.68,0.8558,10.7793,15.002,18.6126,0.6009,0.3991,Partial Shading,synthetic PV simulation; not hardware measurement
660.382,17.1119,0.3936,5.916,21.247,18.2225,0.4477,0.5523,Partial Shading,synthetic PV simulation; not hardware measurement
977.08,17.2731,0.9985,12.727,35.784,17.6979,0.6654,0.3346,Partial Shading,synthetic PV simulation; not hardware measurement
732.591,16.4572,0.6134,8.6215,23.897,18.144,0.5901,0.4099,Partial Shading,synthetic PV simulation; not hardware measurement
425.471,13.5756,0.3657,4.2509,63.151,16.1647,0.5514,0.4486,Partial Shading,synthetic PV simulation; not hardware measurement
822.85,14.7802,0.6949,8.5781,32.66,17.7811,0.5309,0.4691,Partial Shading,synthetic PV simulation; not hardware measurement
859.861,16.2503,0.5851,5.3486,17.038,18.5102,0.3067,0.6933,Partial Shading,synthetic PV simulation; not hardware measurement
735.206,13.1684,0.6123,4.3777,61.07,16.4522,0.3232,0.6768,Partial Shading,synthetic PV simulation; not hardware measurement
915.275,13.9547,0.8917,6.4633,55.502,16.7846,0.3768,0.6232,Partial Shading,synthetic PV simulation; not hardware measurement
941.894,18.1919,0.6304,7.9257,24.587,18.1924,0.4204,0.5796,Partial Shading,synthetic PV simulation; not hardware measurement
891.44,16.76,0.533,7.6987,42.461,17.3675,0.4482,0.5518,Partial Shading,synthetic PV simulation; not hardware measurement
762.651,16.8512,0.7009,9.4437,48.725,17.0294,0.6534,0.3466,Partial Shading,synthetic PV simulation; not hardware measurement
868.901,15.8064,0.7623,9.1849,41.014,17.423,0.5472,0.4528,Partial Shading,synthetic PV simulation; not hardware measurement
487.836,16.324,0.4519,4.5815,29.322,17.7533,0.4799,0.5201,Partial Shading,synthetic PV simulation; not hardware measurement
488.014,17.1914,0.356,4.3596,43.525,17.1057,0.4704,0.5296,Partial Shading,synthetic PV simulation; not hardware measurement
838.643,14.4772,0.8225,8.6189,15.986,18.5479,0.506,0.494,Partial Shading,synthetic PV simulation; not hardware measurement
972.952,14.2057,0.6859,5.8211,52.675,16.9277,0.3169,0.6831,Partial Shading,synthetic PV simulation; not hardware measurement
915.41,14.9124,0.6618,5.3257,55.404,16.7891,0.3104,0.6896,Partial Shading,synthetic PV simulation; not hardware measurement
422.803,16.9991,0.3805,4.5416,48.058,16.8509,0.5729,0.4271,Partial Shading,synthetic PV simulation; not hardware measurement
701.201,15.4212,0.5493,5.8352,19.584,18.3227,0.414,0.586,Partial Shading,synthetic PV simulation; not hardware measurement
655.268,16.2067,0.4519,5.1334,50.307,16.8956,0.4161,0.5839,Partial Shading,synthetic PV simulation; not hardware measurement
824.722,14.8954,0.7509,9.3271,17.58,18.4686,0.5587,0.4413,Partial Shading,synthetic PV simulation; not hardware measurement
1041.212,15.292,0.9565,13.5895,56.098,16.7995,0.6955,0.3045,Partial Shading,synthetic PV simulation; not hardware measurement
603.795,15.5847,0.4305,3.8175,30.865,17.7589,0.3228,0.6772,Partial Shading,synthetic PV simulation; not hardware measurement
655.249,16.1141,0.6032,7.6403,22.743,18.1512,0.5845,0.4155,Partial Shading,synthetic PV simulation; not hardware measurement
669.347,17.1152,0.4413,4.8752,50.431,16.8986,0.3868,0.6132,Partial Shading,synthetic PV simulation; not hardware measurement
1009.207,14.8725,0.8915,11.0075,26.068,18.153,0.5459,0.4541,Partial Shading,synthetic PV simulation; not hardware measurement
616.448,16.8791,0.4214,4.1072,61.062,16.391,0.363,0.637,Partial Shading,synthetic PV simulation; not hardware measurement
783.423,15.9048,0.7337,6.3176,64.972,16.3003,0.4411,0.5589,Partial Shading,synthetic PV simulation; not hardware measurement
749.359,15.4309,0.4151,4.3535,45.06,17.1892,0.3043,0.6957,Partial Shading,synthetic PV simulation; not hardware measurement
820.876,16.4425,0.798,10.2261,12.068,18.7176,0.6089,0.3911,Partial Shading,synthetic PV simulation; not hardware measurement
948.867,13.6221,0.5537,4.8551,51.011,16.9932,0.2701,0.7299,Partial Shading,synthetic PV simulation; not hardware measurement
932.075,14.0872,0.7441,8.9838,33.008,17.8159,0.49,0.51,Partial Shading,synthetic PV simulation; not hardware measurement
750.6,17.6808,0.5462,7.8198,20.967,18.2873,0.5191,0.4809,Partial Shading,synthetic PV simulation; not hardware measurement
872.395,17.6389,0.6968,7.3393,19.012,18.4262,0.4163,0.5837,Partial Shading,synthetic PV simulation; not hardware measurement
859.091,16.5395,0.5663,6.6646,47.358,17.1296,0.4072,0.5928,Partial Shading,synthetic PV simulation; not hardware measurement
967.285,16.6895,0.5934,8.8921,19.394,18.4394,0.4544,0.5456,Partial Shading,synthetic PV simulation; not hardware measurement
1010.043,17.7901,0.8284,9.0156,29.325,18.0052,0.4497,0.5503,Partial Shading,synthetic PV simulation; not hardware measurement
655.158,15.6676,0.4669,6.2703,12.557,18.6151,0.4702,0.5298,Partial Shading,synthetic PV simulation; not hardware measurement
703.781,15.779,0.429,4.0337,16.794,18.4512,0.2836,0.7164,Partial Shading,synthetic PV simulation; not hardware measurement
426.941,16.9585,0.2679,2.9237,58.615,16.3731,0.374,0.626,Partial Shading,synthetic PV simulation; not hardware measurement
770.886,14.4144,0.7039,8.1462,31.196,17.8213,0.5372,0.4628,Partial Shading,synthetic PV simulation; not hardware measurement
622.581,15.2431,0.5099,6.5958,12.449,18.5993,0.5209,0.4791,Partial Shading,synthetic PV simulation; not hardware measurement
719.943,18.3848,0.4136,5.0067,30.621,17.8306,0.3536,0.6464,Partial Shading,synthetic PV simulation; not hardware measurement
620.266,17.0304,0.3766,4.7777,31.88,17.7236,0.3938,0.6062,Partial Shading,synthetic PV simulation; not hardware measurement
990.915,17.4338,0.9755,9.4353,38.697,17.571,0.4892,0.5108,Partial Shading,synthetic PV simulation; not hardware measurement
558.566,16.9198,0.3171,4.2421,26.211,17.9393,0.3846,0.6154,Partial Shading,synthetic PV simulation; not hardware measurement
553.991,13.8558,0.2991,2.3946,42.73,17.183,0.2266,0.7734,Partial Shading,synthetic PV simulation; not hardware measurement
1017.606,15.121,0.7372,8.0032,12.024,18.7953,0.3829,0.6171,Partial Shading,synthetic PV simulation; not hardware measurement
816.185,17.5668,0.7475,10.956,34.326,17.702,0.6861,0.3139,Partial Shading,synthetic PV simulation; not hardware measurement
742.269,15.2957,0.5094,4.9803,12.492,18.6688,0.3289,0.6711,Partial Shading,synthetic PV simulation; not hardware measurement
863.538,17.2955,0.7881,7.1418,15.15,18.5979,0.4063,0.5937,Partial Shading,synthetic PV simulation; not hardware measurement
837.698,16.2988,0.7584,10.2289,51.114,16.9483,0.6465,0.3535,Partial Shading,synthetic PV simulation; not hardware measurement
752.386,16.4507,0.5258,5.3638,53.417,16.8102,0.3802,0.6198,Partial Shading,synthetic PV simulation; not hardware measurement
608.692,14.1419,0.4277,3.902,28.622,17.8644,0.3257,0.6743,Partial Shading,synthetic PV simulation; not hardware measurement
443.635,16.6358,0.4057,5.9989,60.239,16.3147,0.7406,0.2594,Partial Shading,synthetic PV simulation; not hardware measurement
979.573,14.585,0.7344,8.9211,56.347,16.7634,0.4862,0.5138,Partial Shading,synthetic PV simulation; not hardware measurement
609.54,15.2922,0.476,4.4058,53.894,16.7131,0.3876,0.6124,Partial Shading,synthetic PV simulation; not hardware measurement
800.33,15.0368,0.5438,4.9194,51.441,16.9149,0.326,0.674,Partial Shading,synthetic PV simulation; not hardware measurement
842.921,18.1005,0.6497,10.3349,22.575,18.25,0.6115,0.3885,Partial Shading,synthetic PV simulation; not hardware measurement
734.382,13.1824,0.5168,5.5493,56.838,16.6445,0.4063,0.5937,Partial Shading,synthetic PV simulation; not hardware measurement
885.883,15.6151,0.7219,10.2645,24.985,18.1605,0.5801,0.4199,Partial Shading,synthetic PV simulation; not hardware measurement
967.552,15.8415,0.8,6.8684,49.27,17.0803,0.3732,0.6268,Partial Shading,synthetic PV simulation; not hardware measurement
780.641,18.2621,0.6672,10.2087,30.359,17.8645,0.6635,0.3365,Partial Shading,synthetic PV simulation; not hardware measurement
928.593,16.5131,0.5881,7.0255,23.557,18.2447,0.3774,0.6226,Partial Shading,synthetic PV simulation; not hardware measurement
653.68,17.206,0.5136,7.3674,41.447,17.2982,0.5873,0.4127,Partial Shading,synthetic PV simulation; not hardware measurement
800.629,16.3769,0.5868,7.2511,52.917,16.8479,0.4818,0.5182,Partial Shading,synthetic PV simulation; not hardware measurement
666.702,17.1058,0.548,6.7611,31.047,17.78,0.5169,0.4831,Partial Shading,synthetic PV simulation; not hardware measurement
772.91,16.9186,0.5929,7.7373,37.721,17.5253,0.5158,0.4842,Partial Shading,synthetic PV simulation; not hardware measurement
541.765,15.9162,0.3483,3.4591,53.984,16.6713,0.3433,0.6567,Partial Shading,synthetic PV simulation; not hardware measurement
568.159,13.3184,0.3462,2.8211,50.474,16.8404,0.2646,0.7354,Partial Shading,synthetic PV simulation; not hardware measurement
748.697,14.4916,0.6625,7.1255,13.155,18.6421,0.467,0.533,Partial Shading,synthetic PV simulation; not hardware measurement
820.287,16.0704,0.5437,5.2848,48.21,17.072,0.3391,0.6609,Partial Shading,synthetic PV simulation; not hardware measurement
827.409,14.8967,0.4867,4.7755,59.713,16.5519,0.3115,0.6885,Partial Shading,synthetic PV simulation; not hardware measurement
738.753,15.1949,0.4929,4.4429,53.448,16.8013,0.3209,0.6791,Partial Shading,synthetic PV simulation; not hardware measurement
739.265,13.8979,0.4857,4.5846,28.413,17.942,0.3137,0.6863,Partial Shading,synthetic PV simulation; not hardware measurement
431.241,16.6457,0.2927,2.9048,34.462,17.4794,0.3488,0.6512,Partial Shading,synthetic PV simulation; not hardware measurement
490.214,17.9459,0.3693,5.3208,12.209,18.5358,0.5359,0.4641,Partial Shading,synthetic PV simulation; not hardware measurement
607.564,16.9791,0.411,6.0416,60.652,16.4037,0.5415,0.4585,Partial Shading,synthetic PV simulation; not hardware measurement
1043.284,16.0585,0.8485,7.2268,56.936,16.7622,0.3698,0.6302,Partial Shading,synthetic PV simulation; not hardware measurement
719.747,17.6362,0.6852,7.2466,31.72,17.7805,0.5131,0.4869,Partial Shading,synthetic PV simulation; not hardware measurement
669.515,17.9267,0.6801,9.1841,12.858,18.6102,0.6741,0.3259,Partial Shading,synthetic PV simulation; not hardware measurement
661.851,14.5241,0.5264,4.8804,24.499,18.0753,0.3709,0.6291,Partial Shading,synthetic PV simulation; not hardware measurement
670.532,14.5183,0.5554,5.595,22.44,18.1744,0.4179,0.5821,Partial Shading,synthetic PV simulation; not hardware measurement
921.32,17.6198,0.5839,7.8388,18.818,18.4572,0.4205,0.5795,Partial Shading,synthetic PV simulation; not hardware measurement
579.53,15.0726,0.6172,6.4801,59.724,16.4268,0.6082,0.3918,Partial Shading,synthetic PV simulation; not hardware measurement
836.114,17.2306,0.6307,5.8585,21.065,18.3155,0.3485,0.6515,Partial Shading,synthetic PV simulation; not hardware measurement
787.719,13.7564,0.4709,5.2277,41.117,17.3784,0.3443,0.6557,Partial Shading,synthetic PV simulation; not hardware measurement
999.077,14.7095,0.5898,6.1793,43.51,17.3554,0.321,0.679,Partial Shading,synthetic PV simulation; not hardware measurement
722.644,17.4181,0.5673,9.0316,46.582,17.1051,0.6572,0.3428,Partial Shading,synthetic PV simulation; not hardware measurement
461.182,15.5251,0.4139,3.7417,30.462,17.6785,0.416,0.584,Partial Shading,synthetic PV simulation; not hardware measurement
1022.82,17.1723,0.8563,8.2519,52.965,16.9348,0.4271,0.5729,Partial Shading,synthetic PV simulation; not hardware measurement
668.279,16.1423,0.5556,7.7841,23.361,18.131,0.5844,0.4156,Partial Shading,synthetic PV simulation; not hardware measurement
999.391,14.9853,0.6167,7.7589,56.672,16.7567,0.4146,0.5854,Partial Shading,synthetic PV simulation; not hardware measurement
540.987,15.7324,0.4059,3.8657,56.066,16.5757,0.386,0.614,Partial Shading,synthetic PV simulation; not hardware measurement
744.141,14.9679,0.5865,7.3188,47.908,17.0567,0.5183,0.4817,Partial Shading,synthetic PV simulation; not hardware measurement
474.725,17.0695,0.3587,4.5422,36.875,17.3978,0.497,0.503,Partial Shading,synthetic PV simulation; not hardware measurement
1032.394,14.145,0.8814,6.6482,54.82,16.8542,0.3422,0.6578,Partial Shading,synthetic PV simulation; not hardware measurement
706.652,13.2117,0.5663,4.1973,59.587,16.5036,0.3216,0.6784,Partial Shading,synthetic PV simulation; not hardware measurement
494.741,14.1976,0.533,6.6718,52.697,16.693,0.7244,0.2756,Partial Shading,synthetic PV simulation; not hardware measurement
509.407,15.1888,0.3765,3.8284,47.901,16.9236,0.3992,0.6008,Partial Shading,synthetic PV simulation; not hardware measurement
697.648,16.5018,0.5806,7.1224,48.19,17.0175,0.5391,0.4609,Partial Shading,synthetic PV simulation; not hardware measurement
802.575,14.122,0.5915,7.6562,45.624,17.1808,0.4995,0.5005,Partial Shading,synthetic PV simulation; not hardware measurement
982.453,15.4142,0.7229,8.7653,56.169,16.7727,0.4761,0.5239,Partial Shading,synthetic PV simulation; not hardware measurement
622.372,16.1368,0.5826,6.0278,24.265,18.072,0.4875,0.5125,Partial Shading,synthetic PV simulation; not hardware measurement
510.521,14.5832,0.3751,4.2809,52.244,16.7264,0.4497,0.5503,Partial Shading,synthetic PV simulation; not hardware measurement
862.152,17.7387,0.793,8.2713,45.026,17.2372,0.501,0.499,Partial Shading,synthetic PV simulation; not hardware measurement
484.634,13.9746,0.4808,4.3527,52.123,16.7108,0.482,0.518,Partial Shading,synthetic PV simulation; not hardware measurement
892.58,13.2597,0.6823,6.2653,56.046,16.7496,0.3752,0.6248,Partial Shading,synthetic PV simulation; not hardware measurement
754.25,15.743,0.7702,8.475,64.24,16.3182,0.614,0.386,Partial Shading,synthetic PV simulation; not hardware measurement
490.027,14.7999,0.4205,5.2808,56.897,16.4975,0.5845,0.4155,Partial Shading,synthetic PV simulation; not hardware measurement
841.879,14.4501,0.6931,9.1724,41.166,17.4032,0.5645,0.4355,Partial Shading,synthetic PV simulation; not hardware measurement
694.038,16.1154,0.4499,5.5041,27.675,17.9499,0.4011,0.5989,Partial Shading,synthetic PV simulation; not hardware measurement
775.267,14.6686,0.5741,4.4296,20.982,18.2886,0.2845,0.7155,Partial Shading,synthetic PV simulation; not hardware measurement
805.47,17.6896,0.8379,10.6622,13.87,18.6278,0.6495,0.3505,Partial Shading,synthetic PV simulation; not hardware measurement
711.983,15.0727,0.5341,6.4866,32.055,17.7608,0.4647,0.5353,Partial Shading,synthetic PV simulation; not hardware measurement
935.686,16.3257,0.7633,8.6912,56.283,16.758,0.4963,0.5037,Partial Shading,synthetic PV simulation; not hardware measurement
587.078,16.8698,0.3976,5.0614,36.696,17.4817,0.4457,0.5543,Partial Shading,synthetic PV simulation; not hardware measurement
987.296,13.8676,0.9006,7.291,55.635,16.799,0.3935,0.6065,Partial Shading,synthetic PV simulation; not hardware measurement
690.634,17.577,0.6653,6.1442,28.021,17.9322,0.4503,0.5497,Partial Shading,synthetic PV simulation; not hardware measurement
631.228,17.8736,0.4657,6.7044,37.693,17.4657,0.5495,0.4505,Partial Shading,synthetic PV simulation; not hardware measurement
577.375,18.4531,0.547,8.1282,19.269,18.2692,0.7026,0.2974,Partial Shading,synthetic PV simulation; not hardware measurement
934.263,16.0709,0.9847,8.8737,41.635,17.4242,0.4916,0.5084,Partial Shading,synthetic PV simulation; not hardware measurement
967.015,15.0591,0.6798,7.574,15.252,18.6278,0.384,0.616,Partial Shading,synthetic PV simulation; not hardware measurement
604.667,14.2189,0.6343,5.915,43.019,17.2055,0.5123,0.4877,Partial Shading,synthetic PV simulation; not hardware measurement
465.134,16.5785,0.4334,4.5779,30.817,17.6657,0.505,0.495,Partial Shading,synthetic PV simulation; not hardware measurement
690.924,15.0813,0.618,7.264,39.899,17.3913,0.5455,0.4545,Partial Shading,synthetic PV simulation; not hardware measurement
446.522,16.0343,0.4043,4.0945,16.162,18.3175,0.4571,0.5429,Partial Shading,synthetic PV simulation; not hardware measurement
876.518,16.6111,0.7854,7.8596,54.681,16.8044,0.478,0.522,Partial Shading,synthetic PV simulation; not hardware measurement
454.474,17.3393,0.3535,4.2649,34.287,17.498,0.4852,0.5148,Partial Shading,synthetic PV simulation; not hardware measurement
591.955,16.3488,0.5277,6.656,38.129,17.4197,0.583,0.417,Partial Shading,synthetic PV simulation; not hardware measurement
551.073,16.4374,0.3691,3.3563,14.734,18.457,0.3015,0.6985,Partial Shading,synthetic PV simulation; not hardware measurement
512.649,16.3518,0.3786,5.6954,41.853,17.202,0.5823,0.4177,Partial Shading,synthetic PV simulation; not hardware measurement
911.067,13.5531,0.8504,9.2994,57.652,16.6848,0.5473,0.4527,Partial Shading,synthetic PV simulation; not hardware measurement
955.451,16.0752,0.6015,6.1376,24.822,18.1875,0.321,0.679,Partial Shading,synthetic PV simulation; not hardware measurement
1026.135,15.8906,0.9236,7.7715,17.518,18.5488,0.3726,0.6274,Partial Shading,synthetic PV simulation; not hardware measurement
720.52,15.8553,0.4527,5.6546,13.254,18.622,0.3854,0.6146,Partial Shading,synthetic PV simulation; not hardware measurement
795.455,15.6248,0.6475,8.7135,63.108,16.3813,0.5964,0.4036,Partial Shading,synthetic PV simulation; not hardware measurement
420.654,15.7593,0.3626,4.3839,31.546,17.6024,0.5366,0.4634,Partial Shading,synthetic PV simulation; not hardware measurement
999.161,17.0945,0.7465,7.8124,53.806,16.887,0.4149,0.5851,Partial Shading,synthetic PV simulation; not hardware measurement
497.993,15.6618,0.4451,4.4546,60.696,16.3309,0.4892,0.5108,Partial Shading,synthetic PV simulation; not hardware measurement
706.409,16.9935,0.7669,11.5272,55.402,16.6941,0.8753,0.1247,Partial Shading,synthetic PV simulation; not hardware measurement
1011.127,14.1061,0.918,10.988,63.431,16.454,0.589,0.411,Partial Shading,synthetic PV simulation; not hardware measurement
1042.214,14.411,0.6929,8.8868,48.527,17.1443,0.4469,0.5531,Partial Shading,synthetic PV simulation; not hardware measurement
1014.859,15.5495,0.7959,8.818,58.966,16.6586,0.4662,0.5338,Partial Shading,synthetic PV simulation; not hardware measurement
595.898,15.0694,0.3987,4.3587,42.647,17.2165,0.3829,0.6171,Partial Shading,synthetic PV simulation; not hardware measurement
507.913,15.3036,0.3478,3.1805,64.94,16.1453,0.3457,0.6543,Partial Shading,synthetic PV simulation; not hardware measurement
870.494,14.9869,0.5749,7.22,55.883,16.7469,0.4434,0.5566,Partial Shading,synthetic PV simulation; not hardware measurement
992.701,15.6142,0.5666,7.6789,63.334,16.4509,0.4194,0.5806,Partial Shading,synthetic PV simulation; not hardware measurement
827.918,14.2054,0.8446,9.0571,57.205,16.6663,0.5872,0.4128,Partial Shading,synthetic PV simulation; not hardware measurement
779.733,15.0395,0.6101,5.1827,48.369,17.0441,0.3503,0.6497,Partial Shading,synthetic PV simulation; not hardware measurement
903.614,14.2272,0.8715,6.5385,55.799,16.7658,0.3865,0.6135,Partial Shading,synthetic PV simulation; not hardware measurement
585.799,16.6523,0.4666,6.6715,60.286,16.4056,0.6201,0.3799,Partial Shading,synthetic PV simulation; not hardware measurement
954.076,18.8964,0.6834,10.3633,27.125,18.0821,0.5454,0.4546,Partial Shading,synthetic PV simulation; not hardware measurement
702.691,15.1094,0.4793,4.0368,31.341,17.788,0.2927,0.7073,Partial Shading,synthetic PV simulation; not hardware measurement
885.653,15.2762,0.5986,7.7545,16.324,18.5547,0.4309,0.5691,Partial Shading,synthetic PV simulation; not hardware measurement
597.038,14.4947,0.4366,5.746,34.874,17.5716,0.4955,0.5045,Partial Shading,synthetic PV simulation; not hardware measurement
493.899,17.469,0.3608,5.8461,28.707,17.7864,0.6039,0.3961,Partial Shading,synthetic PV simulation; not hardware measurement
894.384,15.7403,0.8426,7.7566,49.557,17.0458,0.457,0.543,Partial Shading,synthetic PV simulation; not hardware measurement
791.959,17.8426,0.6567,8.7236,24.578,18.1335,0.5522,0.4478,Partial Shading,synthetic PV simulation; not hardware measurement
452.68,15.2527,0.2889,2.9308,57.532,16.4464,0.3522,0.6478,Partial Shading,synthetic PV simulation; not hardware measurement
966.544,15.2031,0.9123,9.5219,34.718,17.742,0.5022,0.4978,Partial Shading,synthetic PV simulation; not hardware measurement
487.284,15.6735,0.4298,4.8026,20.789,18.142,0.495,0.505,Partial Shading,synthetic PV simulation; not hardware measurement
987.483,15.2287,0.8003,6.8071,62.587,16.4828,0.3731,0.6269,Partial Shading,synthetic PV simulation; not hardware measurement
473.342,16.9554,0.3187,3.3472,21.635,18.0916,0.3559,0.6441,Partial Shading,synthetic PV simulation; not hardware measurement
962.886,18.1717,0.7411,7.823,29.325,17.9858,0.4097,0.5903,Partial Shading,synthetic PV simulation; not hardware measurement
509.487,17.1519,0.3181,2.9475,17.788,18.297,0.2886,0.7114,Partial Shading,synthetic PV simulation; not hardware measurement
565.089,15.7545,0.3718,3.1091,60.011,16.4035,0.2996,0.7004,Partial Shading,synthetic PV simulation; not hardware measurement
538.791,16.1102,0.377,5.2861,55.865,16.5832,0.5298,0.4702,Partial Shading,synthetic PV simulation; not hardware measurement
878.49,16.6178,0.5167,6.7549,54.643,16.807,0.4099,0.5901,Partial Shading,synthetic PV simulation; not hardware measurement
688.0,17.0738,0.6623,8.8321,24.046,18.1117,0.6446,0.3554,Partial Shading,synthetic PV simulation; not hardware measurement
461.564,16.1383,0.4707,5.4973,23.695,17.9874,0.6023,0.3977,Partial Shading,synthetic PV simulation; not hardware measurement
836.299,17.0746,0.7367,9.9295,12.884,18.688,0.5811,0.4189,Partial Shading,synthetic PV simulation; not hardware measurement
883.35,15.2031,0.7764,6.9273,18.27,18.465,0.3874,0.6126,Partial Shading,synthetic PV simulation; not hardware measurement
931.513,14.9082,0.7813,9.8597,28.557,18.0183,0.5332,0.4668,Partial Shading,synthetic PV simulation; not hardware measurement
978.944,15.5152,0.7613,9.9823,31.689,17.8849,0.5165,0.4835,Partial Shading,synthetic PV simulation; not hardware measurement
480.807,14.6921,0.3357,3.6799,47.728,16.908,0.4068,0.5932,Partial Shading,synthetic PV simulation; not hardware measurement
454.285,17.0889,0.3871,4.9308,35.259,17.4535,0.5623,0.4377,Partial Shading,synthetic PV simulation; not hardware measurement
919.358,13.1664,0.7978,8.4138,55.55,16.7842,0.4883,0.5117,Partial Shading,synthetic PV simulation; not hardware measurement
577.631,15.893,0.4611,6.0652,24.725,18.0207,0.5298,0.4702,Partial Shading,synthetic PV simulation; not hardware measurement
564.485,14.9307,0.4438,4.1524,41.714,17.237,0.3847,0.6153,Partial Shading,synthetic PV simulation; not hardware measurement
459.048,14.7275,0.3838,4.4539,14.632,18.3985,0.4819,0.5181,Partial Shading,synthetic PV simulation; not hardware measurement
1023.796,15.3221,0.6096,6.2835,19.125,18.4747,0.3029,0.6971,Partial Shading,synthetic PV simulation; not hardware measurement
477.788,15.4508,0.3842,3.3764,57.725,16.4495,0.3842,0.6158,Partial Shading,synthetic PV simulation; not hardware measurement
693.481,15.4665,0.7234,7.2173,20.668,18.2688,0.519,0.481,Partial Shading,synthetic PV simulation; not hardware measurement
879.447,17.0402,0.8157,10.8742,38.509,17.5419,0.6366,0.3634,Partial Shading,synthetic PV simulation; not hardware measurement
908.451,17.5548,0.6306,9.1075,12.573,18.7358,0.4896,0.5104,Partial Shading,synthetic PV simulation; not hardware measurement
773.354,14.7149,0.4941,4.2354,30.482,17.8551,0.278,0.722,Partial Shading,synthetic PV simulation; not hardware measurement
641.385,15.4757,0.5247,6.787,19.918,18.2712,0.5277,0.4723,Partial Shading,synthetic PV simulation; not hardware measurement
942.887,17.8616,0.8515,13.5392,33.892,17.7695,0.7312,0.2688,Partial Shading,synthetic PV simulation; not hardware measurement
574.038,15.4445,0.4798,4.4184,44.479,17.1178,0.4048,0.5952,Partial Shading,synthetic PV simulation; not hardware measurement
858.898,16.3639,0.7745,6.7957,34.544,17.7128,0.4042,0.5958,Partial Shading,synthetic PV simulation; not hardware measurement
445.451,14.1206,0.3669,3.1424,39.494,17.2524,0.3689,0.6311,Partial Shading,synthetic PV simulation; not hardware measurement
939.924,15.5234,0.9573,9.6034,45.259,17.251,0.5329,0.4671,Partial Shading,synthetic PV simulation; not hardware measurement
817.856,17.6807,0.5148,6.1283,18.828,18.4083,0.3711,0.6289,Partial Shading,synthetic PV simulation; not hardware measurement
985.838,14.4363,0.8577,7.7316,46.384,17.2192,0.4096,0.5904,Partial Shading,synthetic PV simulation; not hardware measurement
630.195,15.4398,0.3899,4.5492,20.919,18.2184,0.3608,0.6392,Partial Shading,synthetic PV simulation; not hardware measurement
862.618,14.3907,0.8453,9.973,56.44,16.7178,0.619,0.381,Partial Shading,synthetic PV simulation; not hardware measurement
915.549,15.7047,0.5834,5.1803,44.56,17.2828,0.2948,0.7052,Partial Shading,synthetic PV simulation; not hardware measurement
743.092,13.6638,0.4923,3.5432,55.441,16.7129,0.2555,0.7445,Partial Shading,synthetic PV simulation; not hardware measurement
740.707,17.9461,0.8264,11.5094,17.596,18.4355,0.7692,0.2308,Partial Shading,synthetic PV simulation; not hardware measurement
856.527,16.2892,0.5561,5.1016,58.986,16.599,0.3207,0.6793,Partial Shading,synthetic PV simulation; not hardware measurement
954.061,16.4549,0.8011,8.8451,24.639,18.1952,0.4632,0.5368,Partial Shading,synthetic PV simulation; not hardware measurement
592.506,15.5832,0.3495,3.461,13.359,18.5491,0.288,0.712,Partial Shading,synthetic PV simulation; not hardware measurement
762.209,17.7505,0.8037,9.3056,16.682,18.4774,0.603,0.397,Partial Shading,synthetic PV simulation; not hardware measurement
985.833,13.3432,0.785,6.9541,46.595,17.2096,0.3686,0.6314,Partial Shading,synthetic PV simulation; not hardware measurement
934.01,18.1997,0.7268,8.6582,14.061,18.6678,0.4538,0.5462,Partial Shading,synthetic PV simulation; not hardware measurement
516.31,17.3463,0.5209,7.4258,45.061,17.0586,0.759,0.241,Partial Shading,synthetic PV simulation; not hardware measurement
596.417,16.9658,0.6106,8.9136,24.359,18.0504,0.753,0.247,Partial Shading,synthetic PV simulation; not hardware measurement
437.75,14.5342,0.3845,3.6442,12.845,18.4607,0.4124,0.5876,Partial Shading,synthetic PV simulation; not hardware measurement
746.875,14.8986,0.5705,6.4101,58.938,16.5557,0.4635,0.5365,Partial Shading,synthetic PV simulation; not hardware measurement
961.683,14.4901,0.6783,8.6581,42.973,17.3644,0.467,0.533,Partial Shading,synthetic PV simulation; not hardware measurement
1041.218,15.8622,0.665,7.7077,33.452,17.8298,0.3759,0.6241,Partial Shading,synthetic PV simulation; not hardware measurement
986.045,16.7599,0.6042,8.2161,52.86,16.9247,0.4413,0.5587,Partial Shading,synthetic PV simulation; not hardware measurement
878.192,14.9588,0.6179,6.4474,20.701,18.352,0.3645,0.6355,Partial Shading,synthetic PV simulation; not hardware measurement
451.228,14.9439,0.4606,4.4998,48.878,16.8297,0.5322,0.4678,Partial Shading,synthetic PV simulation; not hardware measurement
831.228,15.2647,0.8182,9.5608,17.91,18.4567,0.5685,0.4315,Partial Shading,synthetic PV simulation; not hardware measurement
1025.474,17.0534,0.8813,12.5861,40.825,17.4882,0.633,0.367,Partial Shading,synthetic PV simulation; not hardware measurement
692.141,15.4351,0.5774,5.941,43.437,17.2308,0.4487,0.5513,Partial Shading,synthetic PV simulation; not hardware measurement
988.231,17.9176,0.6064,6.9188,23.609,18.2564,0.3488,0.6512,Partial Shading,synthetic PV simulation; not hardware measurement
901.045,14.0331,0.7448,8.4735,63.527,16.4129,0.5111,0.4889,Partial Shading,synthetic PV simulation; not hardware measurement
551.799,14.8604,0.3735,4.7965,47.548,16.9618,0.4606,0.5394,Partial Shading,synthetic PV simulation; not hardware measurement
719.912,17.409,0.4148,5.9349,18.761,18.3709,0.4093,0.5907,Partial Shading,synthetic PV simulation; not hardware measurement
483.72,16.8662,0.3634,3.4328,12.198,18.5308,0.3504,0.6496,Partial Shading,synthetic PV simulation; not hardware measurement
909.858,18.0536,0.6183,7.0621,19.768,18.4089,0.3844,0.6156,Partial Shading,synthetic PV simulation; not hardware measurement
637.652,15.7403,0.5254,6.7779,27.964,17.9023,0.5388,0.4612,Partial Shading,synthetic PV simulation; not hardware measurement
842.773,16.9781,0.6785,6.9026,19.497,18.3901,0.406,0.594,Partial Shading,synthetic PV simulation; not hardware measurement
867.195,18.4176,0.8131,11.743,16.055,18.5584,0.6664,0.3336,Partial Shading,synthetic PV simulation; not hardware measurement
534.31,15.5221,0.4042,3.9311,56.202,16.5645,0.3977,0.6023,Partial Shading,synthetic PV simulation; not hardware measurement
774.688,14.2716,0.6324,5.7518,46.716,17.1273,0.39,0.61,Partial Shading,synthetic PV simulation; not hardware measurement
682.868,14.3098,0.5219,5.7777,46.737,17.0751,0.4456,0.5544,Partial Shading,synthetic PV simulation; not hardware measurement
841.798,14.9142,0.6971,7.0885,53.163,16.857,0.4478,0.5522,Partial Shading,synthetic PV simulation; not hardware measurement
1015.599,15.7142,0.7257,7.8746,35.947,17.7062,0.3959,0.6041,Partial Shading,synthetic PV simulation; not hardware measurement
950.244,14.0097,0.7047,7.1201,46.775,17.1865,0.392,0.608,Partial Shading,synthetic PV simulation; not hardware measurement
585.697,14.9737,0.5316,6.4071,40.126,17.3244,0.5697,0.4303,Partial Shading,synthetic PV simulation; not hardware measurement
912.305,14.6764,0.7576,6.4065,34.62,17.7339,0.3583,0.6417,Partial Shading,synthetic PV simulation; not hardware measurement
830.552,16.8428,0.5097,4.6882,30.622,17.8777,0.2862,0.7138,Partial Shading,synthetic PV simulation; not hardware measurement
872.902,15.7176,0.9414,8.1766,41.038,17.4238,0.4849,0.5151,Partial Shading,synthetic PV simulation; not hardware measurement
452.826,16.4017,0.4035,5.0006,21.591,18.0756,0.5563,0.4437,Partial Shading,synthetic PV simulation; not hardware measurement
494.441,15.6749,0.4785,6.1016,54.869,16.5937,0.6661,0.3339,Partial Shading,synthetic PV simulation; not hardware measurement
687.422,16.711,0.5009,5.7067,59.852,16.4804,0.45,0.55,Partial Shading,synthetic PV simulation; not hardware measurement
898.366,16.9071,0.5749,7.0981,42.066,17.3886,0.4096,0.5904,Partial Shading,synthetic PV simulation; not hardware measurement
638.313,15.0067,0.5429,5.4956,37.109,17.4969,0.4448,0.5552,Partial Shading,synthetic PV simulation; not hardware measurement
463.024,16.5683,0.4272,3.7571,23.806,17.9837,0.4104,0.5896,Partial Shading,synthetic PV simulation; not hardware measurement
828.87,15.1389,0.4751,3.8126,30.312,17.891,0.2331,0.7669,Partial Shading,synthetic PV simulation; not hardware measurement
753.941,17.177,0.6496,8.6336,12.431,18.678,0.561,0.439,Partial Shading,synthetic PV simulation; not hardware measurement
538.67,17.0272,0.4806,6.4538,21.325,18.1472,0.6012,0.3988,Partial Shading,synthetic PV simulation; not hardware measurement
634.43,14.3265,0.4707,5.5431,33.698,17.6499,0.4482,0.5518,Partial Shading,synthetic PV simulation; not hardware measurement
844.329,15.8873,0.7405,7.179,56.669,16.6987,0.4556,0.5444,Partial Shading,synthetic PV simulation; not hardware measurement
1048.737,16.5691,0.9259,11.9457,24.575,18.2366,0.568,0.432,Partial Shading,synthetic PV simulation; not hardware measurement
624.835,16.9612,0.5688,7.4819,27.144,17.9424,0.6062,0.3938,Partial Shading,synthetic PV simulation; not hardware measurement
499.867,14.5571,0.415,4.2135,26.148,17.908,0.4277,0.5723,Partial Shading,synthetic PV simulation; not hardware measurement
820.028,13.5805,0.7952,9.7179,45.669,17.1875,0.6203,0.3797,Partial Shading,synthetic PV simulation; not hardware measurement
904.609,16.667,0.5702,5.2082,18.688,18.4557,0.2846,0.7154,Partial Shading,synthetic PV simulation; not hardware measurement
570.625,14.4449,0.4079,4.7311,44.706,17.105,0.4363,0.5637,Partial Shading,synthetic PV simulation; not hardware measurement
650.613,16.4175,0.4568,5.9391,21.107,18.2228,0.4562,0.5438,Partial Shading,synthetic PV simulation; not hardware measurement
853.779,12.9784,0.6847,5.6861,53.996,16.8249,0.3547,0.6453,Partial Shading,synthetic PV simulation; not hardware measurement
792.732,17.4855,0.7154,10.747,28.662,17.948,0.6853,0.3147,Partial Shading,synthetic PV simulation; not hardware measurement
921.42,13.6594,0.7297,5.7735,43.74,17.3228,0.3259,0.6741,Partial Shading,synthetic PV simulation; not hardware measurement
581.153,15.0417,0.5845,4.8827,34.434,17.5807,0.4324,0.5676,Partial Shading,synthetic PV simulation; not hardware measurement
870.294,16.0924,0.8664,9.5937,44.156,17.2806,0.5744,0.4256,Partial Shading,synthetic PV simulation; not hardware measurement
589.454,17.8788,0.5494,7.4946,47.382,16.9963,0.6725,0.3275,Partial Shading,synthetic PV simulation; not hardware measurement
860.251,16.9955,0.7583,7.7352,30.5,17.8976,0.4555,0.5445,Partial Shading,synthetic PV simulation; not hardware measurement
945.021,16.7648,0.8144,7.8117,45.679,17.2341,0.4314,0.5686,Partial Shading,synthetic PV simulation; not hardware measurement
1049.403,15.9125,0.911,10.4028,36.114,17.7119,0.506,0.494,Partial Shading,synthetic PV simulation; not hardware measurement
817.835,14.5892,0.6743,7.3207,35.226,17.6618,0.4583,0.5417,Partial Shading,synthetic PV simulation; not hardware measurement
1045.086,18.228,0.8865,13.3527,18.794,18.4981,0.6299,0.3701,Partial Shading,synthetic PV simulation; not hardware measurement
532.129,17.4038,0.3564,3.85,17.789,18.3035,0.3606,0.6394,Partial Shading,synthetic PV simulation; not hardware measurement
629.313,17.8275,0.4156,6.3726,29.031,17.8593,0.5146,0.4854,Partial Shading,synthetic PV simulation; not hardware measurement
715.305,15.6598,0.6747,7.7001,24.369,18.1128,0.5405,0.4595,Partial Shading,synthetic PV simulation; not hardware measurement
609.414,13.6207,0.4049,4.6579,47.341,17.0117,0.404,0.596,Partial Shading,synthetic PV simulation; not hardware measurement
648.232,14.8802,0.5733,4.6617,33.457,17.6588,0.3686,0.6314,Partial Shading,synthetic PV simulation; not hardware measurement
642.789,13.7127,0.655,5.2552,25.531,18.0164,0.4123,0.5877,Partial Shading,synthetic PV simulation; not hardware measurement
708.118,18.6711,0.4395,7.4891,15.203,18.5262,0.5216,0.4784,Partial Shading,synthetic PV simulation; not hardware measurement
996.065,16.5261,0.6771,7.0569,35.826,17.7038,0.3618,0.6382,Partial Shading,synthetic PV simulation; not hardware measurement
806.46,17.078,0.6434,7.1782,39.11,17.4793,0.4596,0.5404,Partial Shading,synthetic PV simulation; not hardware measurement
516.681,14.4811,0.5033,5.3319,40.187,17.2812,0.5389,0.4611,Partial Shading,synthetic PV simulation; not hardware measurement
926.496,16.6708,0.5566,5.3358,49.205,17.0762,0.303,0.697,Partial Shading,synthetic PV simulation; not hardware measurement
863.103,15.768,0.536,4.5493,35.26,17.6822,0.2696,0.7304,Partial Shading,synthetic PV simulation; not hardware measurement
992.485,14.4127,0.8301,6.7892,51.082,17.0082,0.3609,0.6391,Partial Shading,synthetic PV simulation; not hardware measurement
694.714,13.8084,0.6999,5.1144,46.398,17.0975,0.3873,0.6127,Partial Shading,synthetic PV simulation; not hardware measurement
447.17,14.7241,0.4653,4.733,64.47,16.1248,0.5853,0.4147,Partial Shading,synthetic PV simulation; not hardware measurement
972.318,14.5216,0.8795,10.5252,52.645,16.9288,0.5733,0.4267,Partial Shading,synthetic PV simulation; not hardware measurement
807.212,16.8067,0.5565,5.894,32.781,17.7679,0.3721,0.6279,Partial Shading,synthetic PV simulation; not hardware measurement
492.912,17.2492,0.4016,4.1203,34.465,17.523,0.4317,0.5683,Partial Shading,synthetic PV simulation; not hardware measurement
826.49,17.9688,0.5176,5.5893,12.919,18.6816,0.3311,0.6689,Partial Shading,synthetic PV simulation; not hardware measurement
525.284,15.7369,0.3614,3.7558,50.122,16.8348,0.3814,0.6186,Partial Shading,synthetic PV simulation; not hardware measurement
870.922,14.1181,0.8793,10.8526,55.402,16.7689,0.6655,0.3345,Partial Shading,synthetic PV simulation; not hardware measurement
968.906,14.979,0.6479,6.1468,54.439,16.8457,0.3373,0.6627,Partial Shading,synthetic PV simulation; not hardware measurement
892.963,16.3195,0.8463,9.2366,46.022,17.2061,0.5409,0.4591,Partial Shading,synthetic PV simulation; not hardware measurement
455.67,15.1761,0.422,3.8537,40.72,17.2057,0.4433,0.5567,Partial Shading,synthetic PV simulation; not hardware measurement
750.378,15.6637,0.4475,5.8493,49.909,16.9689,0.4125,0.5875,Partial Shading,synthetic PV simulation; not hardware measurement
815.962,15.5619,0.7627,6.5258,16.298,18.5226,0.3942,0.6058,Partial Shading,synthetic PV simulation; not hardware measurement
805.893,16.0276,0.8131,8.0319,41.412,17.3743,0.5171,0.4829,Partial Shading,synthetic PV simulation; not hardware measurement
979.952,14.7535,0.7466,7.408,54.905,16.8291,0.4023,0.5977,Partial Shading,synthetic PV simulation; not hardware measurement
665.702,14.3192,0.429,3.3973,18.142,18.3672,0.2534,0.7466,Partial Shading,synthetic PV simulation; not hardware measurement
661.026,15.0253,0.4216,3.5742,25.579,18.0256,0.2726,0.7274,Partial Shading,synthetic PV simulation; not hardware measurement
893.393,15.9864,0.9704,11.092,45.568,17.227,0.6486,0.3514,Partial Shading,synthetic PV simulation; not hardware measurement
921.857,13.7938,0.8045,9.1834,38.364,17.5677,0.5122,0.4878,Partial Shading,synthetic PV simulation; not hardware measurement
1040.89,16.3889,0.9714,11.9349,49.599,17.0951,0.6024,0.3976,Partial Shading,synthetic PV simulation; not hardware measurement
428.17,15.4212,0.4296,4.8774,38.511,17.2917,0.595,0.405,Partial Shading,synthetic PV simulation; not hardware measurement
997.903,16.4434,0.8882,9.6005,63.397,16.4502,0.5216,0.4784,Partial Shading,synthetic PV simulation; not hardware measurement
743.246,16.7934,0.7343,9.1895,39.708,17.4297,0.6403,0.3597,Partial Shading,synthetic PV simulation; not hardware measurement
473.814,15.0268,0.4519,3.5995,14.772,18.405,0.3772,0.6228,Partial Shading,synthetic PV simulation; not hardware measurement
616.587,17.1531,0.4995,5.792,36.316,17.5189,0.4848,0.5152,Partial Shading,synthetic PV simulation; not hardware measurement
739.568,13.3463,0.4414,3.3721,58.075,16.591,0.2458,0.7542,Partial Shading,synthetic PV simulation; not hardware measurement
883.393,15.4569,0.9234,10.7675,40.164,17.4684,0.6296,0.3704,Partial Shading,synthetic PV simulation; not hardware measurement
1022.551,14.84,0.8652,7.3839,41.016,17.4783,0.3726,0.6274,Partial Shading,synthetic PV simulation; not hardware measurement
856.908,16.2701,0.5297,6.3558,46.737,17.1568,0.3888,0.6112,Partial Shading,synthetic PV simulation; not hardware measurement
511.399,14.3409,0.4017,5.0096,35.782,17.4779,0.5069,0.4931,Partial Shading,synthetic PV simulation; not hardware measurement
945.568,16.6237,0.6692,9.5219,38.421,17.5646,0.5176,0.4824,Partial Shading,synthetic PV simulation; not hardware measurement
651.281,16.7511,0.5376,6.4793,57.512,16.5752,0.5371,0.4629,Partial Shading,synthetic PV simulation; not hardware measurement
648.37,16.1137,0.4082,4.8828,19.624,18.289,0.3753,0.6247,Partial Shading,synthetic PV simulation; not hardware measurement
822.991,16.2077,0.5914,5.6486,37.941,17.5408,0.3534,0.6466,Partial Shading,synthetic PV simulation; not hardware measurement
810.808,14.9743,0.8267,6.8365,58.64,16.5925,0.4542,0.5458,Partial Shading,synthetic PV simulation; not hardware measurement
518.196,17.0804,0.3687,5.1585,38.675,17.3514,0.5181,0.4819,Partial Shading,synthetic PV simulation; not hardware measurement
689.874,16.1752,0.4876,6.9981,64.693,16.2613,0.556,0.444,Partial Shading,synthetic PV simulation; not hardware measurement
811.68,18.3968,0.7816,12.4,23.308,18.2013,0.7636,0.2364,Partial Shading,synthetic PV simulation; not hardware measurement
540.427,14.4616,0.2943,2.5202,22.057,18.1152,0.2343,0.7657,Partial Shading,synthetic PV simulation; not hardware measurement
580.323,17.0094,0.4474,6.3488,29.119,17.8223,0.5569,0.4431,Partial Shading,synthetic PV simulation; not hardware measurement
788.949,16.7679,0.7454,7.949,39.492,17.453,0.5209,0.4791,Partial Shading,synthetic PV simulation; not hardware measurement
657.02,14.0448,0.502,3.8698,43.376,17.2124,0.3082,0.6918,Partial Shading,synthetic PV simulation; not hardware measurement
669.72,18.3241,0.6158,8.1748,22.963,18.15,0.6119,0.3881,Partial Shading,synthetic PV simulation; not hardware measurement
912.109,16.4686,0.9405,11.7932,63.196,16.4329,0.702,0.298,Partial Shading,synthetic PV simulation; not hardware measurement
532.436,15.5513,0.3769,4.1839,12.576,18.5413,0.3876,0.6124,Partial Shading,synthetic PV simulation; not hardware measurement
980.251,17.2871,0.7383,8.1048,57.214,16.7242,0.4422,0.5578,Partial Shading,synthetic PV simulation; not hardware measurement
737.479,14.0195,0.428,4.3086,33.934,17.6895,0.299,0.701,Partial Shading,synthetic PV simulation; not hardware measurement
562.384,15.5462,0.3509,4.2331,44.104,17.1266,0.3957,0.6043,Partial Shading,synthetic PV simulation; not hardware measurement
946.929,15.8197,0.8415,9.572,58.427,16.655,0.5425,0.4575,Partial Shading,synthetic PV simulation; not hardware measurement
929.109,14.5392,0.5831,4.5216,56.681,16.737,0.2603,0.7397,Partial Shading,synthetic PV simulation; not hardware measurement
575.758,14.9474,0.5514,5.0377,23.453,18.0773,0.4404,0.5596,Partial Shading,synthetic PV simulation; not hardware measurement
831.699,15.3758,0.836,9.1741,57.587,16.6507,0.5925,0.4075,Partial Shading,synthetic PV simulation; not hardware measurement
788.165,15.1111,0.5253,5.4533,58.671,16.5796,0.373,0.627,Partial Shading,synthetic PV simulation; not hardware measurement
727.152,17.1275,0.617,8.9713,36.145,17.5831,0.6344,0.3656,Partial Shading,synthetic PV simulation; not hardware measurement
883.749,13.7548,0.6002,7.0636,42.577,17.3587,0.415,0.585,Partial Shading,synthetic PV simulation; not hardware measurement
958.349,16.9417,0.5481,5.2697,25.672,18.15,0.2753,0.7247,Partial Shading,synthetic PV simulation; not hardware measurement
743.106,15.4893,0.4801,4.3369,33.241,17.7242,0.2982,0.7018,Partial Shading,synthetic PV simulation; not hardware measurement
839.634,14.1378,0.7495,5.7449,46.764,17.1473,0.3588,0.6412,Partial Shading,synthetic PV simulation; not hardware measurement
656.509,16.296,0.4596,6.4816,27.405,17.9396,0.4996,0.5004,Partial Shading,synthetic PV simulation; not hardware measurement
623.349,16.0314,0.3749,4.4098,34.864,17.5896,0.3639,0.6361,Partial Shading,synthetic PV simulation; not hardware measurement
471.368,14.818,0.3782,3.7479,45.314,17.01,0.4206,0.5794,Partial Shading,synthetic PV simulation; not hardware measurement
471.971,15.6094,0.3765,3.7431,26.256,17.8797,0.403,0.597,Partial Shading,synthetic PV simulation; not hardware measurement
640.737,13.8875,0.4967,4.5473,64.471,16.2513,0.3894,0.6106,Partial Shading,synthetic PV simulation; not hardware measurement
816.309,14.2345,0.6905,6.918,34.385,17.6994,0.4332,0.5668,Partial Shading,synthetic PV simulation; not hardware measurement
520.716,13.5814,0.4363,4.8808,45.732,17.0315,0.4953,0.5047,Partial Shading,synthetic PV simulation; not hardware measurement
737.69,16.6782,0.6523,9.6508,53.498,16.7985,0.6981,0.3019,Partial Shading,synthetic PV simulation; not hardware measurement
1022.835,15.1026,0.9417,9.3577,51.105,17.0194,0.4824,0.5176,Partial Shading,synthetic PV simulation; not hardware measurement
548.581,17.4995,0.4686,7.3375,28.631,17.8217,0.6809,0.3191,Partial Shading,synthetic PV simulation; not hardware measurement
499.691,16.8896,0.3279,4.6541,41.526,17.2065,0.4881,0.5119,Partial Shading,synthetic PV simulation; not hardware measurement
874.965,15.5435,0.8333,9.565,61.804,16.4794,0.5922,0.4078,Partial Shading,synthetic PV simulation; not hardware measurement
597.494,15.2101,0.4125,5.1133,62.493,16.313,0.4681,0.5319,Partial Shading,synthetic PV simulation; not hardware measurement
426.0,16.5081,0.3345,3.9286,42.18,17.1222,0.4855,0.5145,Partial Shading,synthetic PV simulation; not hardware measurement
681.637,17.9853,0.4347,5.0604,22.192,18.1923,0.3715,0.6285,Partial Shading,synthetic PV simulation; not hardware measurement
485.184,16.8717,0.3242,3.8972,22.599,18.0577,0.4049,0.5951,Partial Shading,synthetic PV simulation; not hardware measurement
1020.487,15.9738,0.8738,11.1774,22.561,18.3171,0.5442,0.4558,Partial Shading,synthetic PV simulation; not hardware measurement
682.468,18.0336,0.4683,7.4652,19.475,18.3166,0.5444,0.4556,Partial Shading,synthetic PV simulation; not hardware measurement
479.18,15.3507,0.3231,3.6342,63.909,16.1686,0.4182,0.5818,Partial Shading,synthetic PV simulation; not hardware measurement
495.173,16.2431,0.4719,4.9319,19.73,18.1969,0.499,0.501,Partial Shading,synthetic PV simulation; not hardware measurement
1008.286,14.5488,0.8311,9.8218,48.661,17.1248,0.511,0.489,Partial Shading,synthetic PV simulation; not hardware measurement
757.719,16.5887,0.6389,8.1396,32.253,17.7771,0.5475,0.4525,Partial Shading,synthetic PV simulation; not hardware measurement
637.452,14.3659,0.5527,4.8478,46.794,17.0549,0.4011,0.5989,Partial Shading,synthetic PV simulation; not hardware measurement
748.688,16.9217,0.5631,5.9219,27.639,17.9824,0.3994,0.6006,Partial Shading,synthetic PV simulation; not hardware measurement
480.738,14.2227,0.4615,4.9963,35.112,17.4833,0.5377,0.4623,Partial Shading,synthetic PV simulation; not hardware measurement
573.538,17.1765,0.5119,7.7453,28.637,17.8395,0.6869,0.3131,Partial Shading,synthetic PV simulation; not hardware measurement
976.128,13.7026,0.7075,7.0138,56.723,16.7449,0.3839,0.6161,Partial Shading,synthetic PV simulation; not hardware measurement
675.923,14.7793,0.6585,5.5851,42.437,17.2668,0.4312,0.5688,Partial Shading,synthetic PV simulation; not hardware measurement
567.306,14.3373,0.4413,4.2147,55.319,16.6189,0.4003,0.5997,Partial Shading,synthetic PV simulation; not hardware measurement
708.455,13.9195,0.4297,3.8374,43.952,17.2168,0.2833,0.7167,Partial Shading,synthetic PV simulation; not hardware measurement
858.11,14.1954,0.6498,4.9516,29.517,17.9413,0.2917,0.7083,Partial Shading,synthetic PV simulation; not hardware measurement
483.139,16.1482,0.4177,4.8322,43.773,17.0903,0.527,0.473,Partial Shading,synthetic PV simulation; not hardware measurement
910.281,14.8321,0.826,7.0703,38.257,17.5674,0.3994,0.6006,Partial Shading,synthetic PV simulation; not hardware measurement
970.848,12.9727,0.7785,7.6436,61.417,16.5291,0.4252,0.5748,Partial Shading,synthetic PV simulation; not hardware measurement
820.531,13.6162,0.8605,10.1355,62.279,16.4317,0.6708,0.3292,Partial Shading,synthetic PV simulation; not hardware measurement
442.43,13.4029,0.3092,2.7202,62.512,16.2098,0.3385,0.6615,Partial Shading,synthetic PV simulation; not hardware measurement
541.128,14.6551,0.3457,3.9033,46.817,16.9872,0.3817,0.6183,Partial Shading,synthetic PV simulation; not hardware measurement
888.116,15.1858,0.6694,7.2716,14.622,18.6333,0.4016,0.5984,Partial Shading,synthetic PV simulation; not hardware measurement
1008.481,14.7192,0.7938,10.2049,42.032,17.4265,0.5234,0.4766,Partial Shading,synthetic PV simulation; not hardware measurement
533.085,17.3898,0.4197,6.1749,14.227,18.4666,0.5732,0.4268,Partial Shading,synthetic PV simulation; not hardware measurement
511.831,15.3055,0.503,5.973,14.017,18.4596,0.5777,0.4223,Partial Shading,synthetic PV simulation; not hardware measurement
776.212,17.0986,0.5403,5.3305,44.532,17.2276,0.359,0.641,Partial Shading,synthetic PV simulation; not hardware measurement
515.999,15.302,0.5352,4.5947,13.29,18.496,0.4401,0.5599,Partial Shading,synthetic PV simulation; not hardware measurement
923.91,15.6218,0.8157,8.6252,17.526,18.5172,0.4602,0.5398,Partial Shading,synthetic PV simulation; not hardware measurement
998.992,16.615,0.7692,7.5832,59.318,16.6362,0.4078,0.5922,Partial Shading,synthetic PV simulation; not hardware measurement
594.943,14.3089,0.5084,5.8104,26.321,17.96,0.4941,0.5059,Partial Shading,synthetic PV simulation; not hardware measurement
572.66,17.4574,0.5392,8.0292,19.822,18.2407,0.7006,0.2994,Partial Shading,synthetic PV simulation; not hardware measurement
617.224,14.0562,0.5137,4.5303,27.361,17.9276,0.3718,0.6282,Partial Shading,synthetic PV simulation; not hardware measurement
948.116,13.829,0.8913,8.6355,60.981,16.5393,0.4916,0.5084,Partial Shading,synthetic PV simulation; not hardware measurement
481.718,15.7284,0.2979,2.6933,43.649,17.0948,0.2946,0.7054,Partial Shading,synthetic PV simulation; not hardware measurement
887.686,18.2253,0.5795,6.7195,29.122,17.9731,0.3821,0.6179,Partial Shading,synthetic PV simulation; not hardware measurement
700.909,16.127,0.6818,7.8803,37.184,17.5208,0.5798,0.4202,Partial Shading,synthetic PV simulation; not hardware measurement
951.449,15.4251,0.6179,5.7917,40.333,17.4801,0.3141,0.6859,Partial Shading,synthetic PV simulation; not hardware measurement
676.133,17.4332,0.6509,6.7987,44.529,17.1716,0.5271,0.4729,Partial Shading,synthetic PV simulation; not hardware measurement
881.054,16.3812,0.5827,5.0626,31.583,17.8579,0.2916,0.7084,Partial Shading,synthetic PV simulation; not hardware measurement
951.905,13.7938,0.5674,6.2175,38.5,17.5637,0.3357,0.6643,Partial Shading,synthetic PV simulation; not hardware measurement
469.234,16.0679,0.411,4.4265,48.714,16.8531,0.5028,0.4972,Partial Shading,synthetic PV simulation; not hardware measurement
557.445,15.9623,0.4278,4.5515,22.089,18.1264,0.4101,0.5899,Partial Shading,synthetic PV simulation; not hardware measurement
643.441,16.5321,0.5008,5.4674,49.314,16.9439,0.4505,0.5495,Partial Shading,synthetic PV simulation; not hardware measurement
783.774,16.0829,0.6394,8.7377,33.185,17.7375,0.5689,0.4311,Partial Shading,synthetic PV simulation; not hardware measurement
584.232,14.5834,0.4151,4.7001,35.802,17.5205,0.4152,0.5848,Partial Shading,synthetic PV simulation; not hardware measurement
699.199,16.5537,0.4171,4.0401,15.57,18.5043,0.2852,0.7148,Partial Shading,synthetic PV simulation; not hardware measurement
640.297,14.3135,0.4592,3.6892,18.804,18.3212,0.2867,0.7133,Partial Shading,synthetic PV simulation; not hardware measurement
811.574,14.6191,0.8189,11.1262,36.816,17.5863,0.7044,0.2956,Partial Shading,synthetic PV simulation; not hardware measurement
910.581,17.1786,0.7496,11.4462,15.875,18.5864,0.6178,0.3822,Partial Shading,synthetic PV simulation; not hardware measurement
661.477,14.5885,0.4515,3.4082,42.011,17.2773,0.2688,0.7312,Partial Shading,synthetic PV simulation; not hardware measurement
1013.12,17.3984,0.9966,11.2235,12.121,18.7891,0.5394,0.4606,Partial Shading,synthetic PV simulation; not hardware measurement
813.983,17.1033,0.4856,6.239,24.89,18.1305,0.3843,0.6157,Partial Shading,synthetic PV simulation; not hardware measurement
912.47,16.7267,0.9453,11.0367,34.66,17.7321,0.6173,0.3827,Partial Shading,synthetic PV simulation; not hardware measurement
879.12,14.0793,0.5366,6.6405,55.886,16.7507,0.4037,0.5963,Partial Shading,synthetic PV simulation; not hardware measurement
899.412,16.1546,0.733,6.4877,21.27,18.3358,0.3584,0.6416,Partial Shading,synthetic PV simulation; not hardware measurement
525.611,15.1315,0.5038,4.932,51.495,16.7725,0.502,0.498,Partial Shading,synthetic PV simulation; not hardware measurement
499.935,16.4285,0.2965,2.6097,15.42,18.3973,0.2592,0.7408,Partial Shading,synthetic PV simulation; not hardware measurement
1016.855,15.9757,0.8637,8.0302,40.651,17.4927,0.4072,0.5928,Partial Shading,synthetic PV simulation; not hardware measurement
545.054,17.0594,0.484,5.7798,18.589,18.2767,0.5291,0.4709,Partial Shading,synthetic PV simulation; not hardware measurement
744.168,14.4976,0.7628,6.1036,23.044,18.1892,0.4104,0.5896,Partial Shading,synthetic PV simulation; not hardware measurement
424.419,14.8605,0.3944,3.964,13.389,18.4233,0.4634,0.5366,Partial Shading,synthetic PV simulation; not hardware measurement
576.439,16.3739,0.5646,6.1575,46.898,17.0093,0.5647,0.4353,Partial Shading,synthetic PV simulation; not hardware measurement
698.13,18.2738,0.4036,3.8369,22.907,18.1695,0.2753,0.7247,Partial Shading,synthetic PV simulation; not hardware measurement
816.313,15.5096,0.5677,6.433,24.09,18.168,0.3945,0.6055,Partial Shading,synthetic PV simulation; not hardware measurement
716.163,14.8597,0.4544,4.6575,30.737,17.8232,0.3308,0.6692,Partial Shading,synthetic PV simulation; not hardware measurement
1005.151,14.7827,0.6965,7.4974,26.303,18.1407,0.3735,0.6265,Partial Shading,synthetic PV simulation; not hardware measurement
894.496,15.5615,0.98,9.0176,30.786,17.9004,0.5106,0.4894,Partial Shading,synthetic PV simulation; not hardware measurement
677.831,17.7752,0.3825,4.8904,25.752,18.0279,0.3636,0.6364,Partial Shading,synthetic PV simulation; not hardware measurement
981.929,16.7606,0.9792,13.2654,30.609,17.9353,0.6827,0.3173,Partial Shading,synthetic PV simulation; not hardware measurement
538.187,17.6246,0.4462,6.0079,39.39,17.3235,0.5815,0.4185,Partial Shading,synthetic PV simulation; not hardware measurement
554.913,15.6887,0.368,4.289,41.035,17.261,0.4038,0.5962,Partial Shading,synthetic PV simulation; not hardware measurement
767.408,17.4958,0.6844,9.3222,22.958,18.1945,0.6074,0.3926,Partial Shading,synthetic PV simulation; not hardware measurement
492.201,14.8943,0.3591,4.9017,20.335,18.1668,0.4996,0.5004,Partial Shading,synthetic PV simulation; not hardware measurement
564.171,18.1796,0.319,4.8307,12.689,18.5597,0.422,0.578,Partial Shading,synthetic PV simulation; not hardware measurement
430.115,14.3606,0.3985,3.0155,59.562,16.3329,0.3836,0.6164,Partial Shading,synthetic PV simulation; not hardware measurement
633.511,14.3837,0.5058,5.5752,34.972,17.5912,0.4527,0.5473,Partial Shading,synthetic PV simulation; not hardware measurement
812.344,16.4575,0.5267,6.5327,62.243,16.4292,0.4368,0.5632,Partial Shading,synthetic PV simulation; not hardware measurement
615.953,12.7943,0.6403,4.8938,63.574,16.2761,0.4354,0.5646,Partial Shading,synthetic PV simulation; not hardware measurement
777.732,17.9457,0.7239,9.3551,46.712,17.1185,0.6317,0.3683,Partial Shading,synthetic PV simulation; not hardware measurement
694.032,14.3417,0.5981,6.6288,46.757,17.0807,0.5028,0.4972,Partial Shading,synthetic PV simulation; not hardware measurement
810.71,15.1639,0.8308,7.5342,20.026,18.3503,0.4615,0.5385,Partial Shading,synthetic PV simulation; not hardware measurement
428.374,17.342,0.2815,3.1434,29.071,17.7227,0.3757,0.6243,Partial Shading,synthetic PV simulation; not hardware measurement
543.806,13.0378,0.5046,5.8865,46.956,16.9829,0.573,0.427,Partial Shading,synthetic PV simulation; not hardware measurement
461.871,15.5018,0.3473,3.7126,36.184,17.4181,0.4171,0.5829,Partial Shading,synthetic PV simulation; not hardware measurement
491.227,17.9144,0.4176,4.0934,18.137,18.2663,0.4162,0.5838,Partial Shading,synthetic PV simulation; not hardware measurement
518.981,16.279,0.4859,6.4255,44.579,17.0827,0.6526,0.3474,Partial Shading,synthetic PV simulation; not hardware measurement
881.376,17.1867,0.808,10.5359,23.291,18.2356,0.5965,0.4035,Partial Shading,synthetic PV simulation; not hardware measurement
526.662,13.5924,0.3719,4.4257,32.083,17.6477,0.4312,0.5688,Partial Shading,synthetic PV simulation; not hardware measurement
844.542,17.1103,0.5027,6.1127,13.919,18.6449,0.3549,0.6451,Partial Shading,synthetic PV simulation; not hardware measurement
549.599,16.8491,0.5326,7.5242,25.759,17.9533,0.6929,0.3071,Partial Shading,synthetic PV simulation; not hardware measurement
835.178,15.1977,0.5714,7.5668,38.271,17.5318,0.4667,0.5333,Partial Shading,synthetic PV simulation; not hardware measurement
907.199,14.9109,0.5808,7.2306,19.324,18.4279,0.3944,0.6056,Partial Shading,synthetic PV simulation; not hardware measurement
561.93,15.9424,0.4219,5.2956,15.979,18.4081,0.4675,0.5325,Partial Shading,synthetic PV simulation; not hardware measurement
493.214,13.758,0.4525,3.7395,51.064,16.7662,0.4058,0.5942,Partial Shading,synthetic PV simulation; not hardware measurement
974.987,15.7777,0.7083,8.1272,32.439,17.8492,0.4229,0.5771,Partial Shading,synthetic PV simulation; not hardware measurement
704.602,16.1248,0.6797,7.8192,21.434,18.2404,0.5541,0.4459,Partial Shading,synthetic PV simulation; not hardware measurement
639.357,16.9794,0.621,6.9758,29.533,17.8319,0.5548,0.4452,Partial Shading,synthetic PV simulation; not hardware measurement
910.531,14.2285,0.6655,7.9251,33.418,17.7878,0.4431,0.5569,Partial Shading,synthetic PV simulation; not hardware measurement
977.458,14.123,0.7106,7.7191,31.612,17.8878,0.3999,0.6001,Partial Shading,synthetic PV simulation; not hardware measurement
504.772,17.7992,0.4088,5.2537,14.897,18.4251,0.5163,0.4837,Partial Shading,synthetic PV simulation; not hardware measurement
551.474,16.7415,0.3477,3.5713,46.495,17.0096,0.3423,0.6577,Partial Shading,synthetic PV simulation; not hardware measurement
701.054,15.8828,0.5417,6.6841,52.068,16.8429,0.5077,0.4923,Partial Shading,synthetic PV simulation; not hardware measurement
586.373,14.529,0.4418,5.681,30.394,17.7684,0.4944,0.5056,Partial Shading,synthetic PV simulation; not hardware measurement
538.554,16.2067,0.5202,5.7212,44.836,17.0756,0.5598,0.4402,Partial Shading,synthetic PV simulation; not hardware measurement
480.033,16.6931,0.4623,4.8496,42.023,17.1675,0.5304,0.4696,Partial Shading,synthetic PV simulation; not hardware measurement
504.488,17.4556,0.3529,5.1129,31.531,17.6663,0.5199,0.4801,Partial Shading,synthetic PV simulation; not hardware measurement
546.616,16.9946,0.3787,3.5167,34.048,17.5733,0.3312,0.6688,Partial Shading,synthetic PV simulation; not hardware measurement
761.086,14.6194,0.5037,4.0235,51.004,16.9248,0.2804,0.7196,Partial Shading,synthetic PV simulation; not hardware measurement
914.867,14.1313,0.637,7.7122,42.329,17.3841,0.4371,0.5629,Partial Shading,synthetic PV simulation; not hardware measurement
585.696,18.0291,0.3802,6.0152,20.737,18.2081,0.5139,0.4861,Partial Shading,synthetic PV simulation; not hardware measurement
1040.066,15.7995,0.7718,7.7448,20.206,18.432,0.3682,0.6318,Partial Shading,synthetic PV simulation; not hardware measurement
1004.209,13.1876,0.8233,9.4204,57.189,16.7352,0.5015,0.4985,Partial Shading,synthetic PV simulation; not hardware measurement
920.231,15.3186,0.8104,10.245,34.376,17.7485,0.5677,0.4323,Partial Shading,synthetic PV simulation; not hardware measurement
628.584,13.5164,0.6598,6.7895,40.665,17.3286,0.5624,0.4376,Partial Shading,synthetic PV simulation; not hardware measurement
960.271,14.6016,0.7167,6.3515,46.945,17.183,0.3461,0.6539,Partial Shading,synthetic PV simulation; not hardware measurement
717.533,17.7828,0.6292,8.53,14.231,18.5758,0.585,0.415,Partial Shading,synthetic PV simulation; not hardware measurement
624.212,16.9955,0.4517,5.5986,44.749,17.1396,0.4712,0.5288,Partial Shading,synthetic PV simulation; not hardware measurement
545.73,16.803,0.3204,4.8818,32.956,17.6224,0.4595,0.5405,Partial Shading,synthetic PV simulation; not hardware measurement
807.025,18.129,0.7787,7.9143,16.328,18.5168,0.4835,0.5165,Partial Shading,synthetic PV simulation; not hardware measurement
804.971,17.6175,0.7685,11.8336,14.485,18.5996,0.7222,0.2778,Partial Shading,synthetic PV simulation; not hardware measurement
982.503,14.845,0.6482,7.8887,61.975,16.5086,0.434,0.566,Partial Shading,synthetic PV simulation; not hardware measurement
424.235,14.9523,0.4043,3.4411,18.925,18.1706,0.4069,0.5931,Partial Shading,synthetic PV simulation; not hardware measurement
564.9,18.0333,0.4728,6.8404,17.182,18.3554,0.6021,0.3979,Partial Shading,synthetic PV simulation; not hardware measurement
526.589,14.6212,0.3616,3.0284,62.559,16.2686,0.3155,0.6845,Partial Shading,synthetic PV simulation; not hardware measurement
804.322,15.4722,0.7755,7.8638,53.449,16.8255,0.5207,0.4793,Partial Shading,synthetic PV simulation; not hardware measurement
813.795,17.6132,0.7737,11.5378,23.039,18.2146,0.7082,0.2918,Partial Shading,synthetic PV simulation; not hardware measurement
728.796,15.742,0.5915,5.351,21.392,18.256,0.3663,0.6337,Partial Shading,synthetic PV simulation; not hardware measurement
625.049,14.7093,0.509,4.9803,32.83,17.6834,0.4081,0.5919,Partial Shading,synthetic PV simulation; not hardware measurement
489.735,15.4536,0.3008,3.0621,20.49,18.1577,0.3138,0.6862,Partial Shading,synthetic PV simulation; not hardware measurement
968.455,15.8771,0.5798,6.8038,18.534,18.4791,0.3467,0.6533,Partial Shading,synthetic PV simulation; not hardware measurement
1014.611,13.4076,0.7004,6.9616,63.932,16.4326,0.3723,0.6277,Partial Shading,synthetic PV simulation; not hardware measurement
824.08,14.1486,0.6855,5.1323,39.823,17.4557,0.3219,0.6781,Partial Shading,synthetic PV simulation; not hardware measurement
709.394,15.9804,0.4213,5.8094,44.634,17.1863,0.429,0.571,Partial Shading,synthetic PV simulation; not hardware measurement
945.086,16.0279,0.7568,7.8068,62.114,16.4865,0.4471,0.5529,Partial Shading,synthetic PV simulation; not hardware measurement
816.816,16.1855,0.7081,9.9694,57.565,16.6444,0.6558,0.3442,Partial Shading,synthetic PV simulation; not hardware measurement
811.066,15.6693,0.8114,6.9577,27.233,18.0223,0.4322,0.5678,Partial Shading,synthetic PV simulation; not hardware measurement
541.366,15.8811,0.4327,5.1145,26.541,17.9116,0.479,0.521,Partial Shading,synthetic PV simulation; not hardware measurement
837.125,14.3595,0.6298,5.9487,62.412,16.4337,0.3858,0.6142,Partial Shading,synthetic PV simulation; not hardware measurement
972.02,15.5474,0.7445,9.593,20.531,18.3897,0.4889,0.5111,Partial Shading,synthetic PV simulation; not hardware measurement
874.472,13.9991,0.8533,9.3956,41.731,17.3929,0.557,0.443,Partial Shading,synthetic PV simulation; not hardware measurement
697.162,17.8672,0.4759,6.4418,25.189,18.065,0.4649,0.5351,Partial Shading,synthetic PV simulation; not hardware measurement
528.792,16.6712,0.3707,5.0013,18.074,18.2879,0.4717,0.5283,Partial Shading,synthetic PV simulation; not hardware measurement
442.671,15.3611,0.3924,5.3831,16.812,18.2843,0.607,0.393,Partial Shading,synthetic PV simulation; not hardware measurement
745.173,18.1655,0.5567,8.5912,25.914,18.0591,0.5802,0.4198,Partial Shading,synthetic PV simulation; not hardware measurement
611.565,17.5608,0.3798,5.1678,30.134,17.7974,0.4306,0.5694,Partial Shading,synthetic PV simulation; not hardware measurement
565.704,13.1432,0.4338,4.7226,51.114,16.8094,0.4456,0.5544,Partial Shading,synthetic PV simulation; not hardware measurement
740.324,14.1092,0.6686,7.4567,44.381,17.2152,0.5269,0.4731,Partial Shading,synthetic PV simulation; not hardware measurement
551.128,17.2133,0.4028,4.9676,37.825,17.4045,0.4677,0.5323,Partial Shading,synthetic PV simulation; not hardware measurement
779.163,16.461,0.5886,7.0404,57.68,16.6302,0.4861,0.5139,Partial Shading,synthetic PV simulation; not hardware measurement
697.353,13.666,0.4512,4.4499,55.849,16.6685,0.3427,0.6573,Partial Shading,synthetic PV simulation; not hardware measurement
687.912,17.7056,0.6732,8.4758,26.669,17.9922,0.622,0.378,Partial Shading,synthetic PV simulation; not hardware measurement
624.492,16.8429,0.4276,4.8059,30.662,17.7819,0.3924,0.6076,Partial Shading,synthetic PV simulation; not hardware measurement
986.934,15.7154,0.6697,9.217,59.307,16.6318,0.5018,0.4982,Partial Shading,synthetic PV simulation; not hardware measurement
895.274,14.6783,0.6268,6.079,41.631,17.4071,0.3517,0.6483,Partial Shading,synthetic PV simulation; not hardware measurement
740.583,14.1141,0.7838,7.2762,35.821,17.6053,0.5047,0.4953,Partial Shading,synthetic PV simulation; not hardware measurement
428.768,16.629,0.2789,4.0916,45.288,16.983,0.5058,0.4942,Partial Shading,synthetic PV simulation; not hardware measurement
1020.417,15.6867,0.8424,8.9394,64.781,16.3963,0.4762,0.5238,Partial Shading,synthetic PV simulation; not hardware measurement
624.487,16.5808,0.5491,7.6516,41.339,17.2952,0.6389,0.3611,Partial Shading,synthetic PV simulation; not hardware measurement
681.445,16.2131,0.4581,5.5832,59.327,16.5007,0.4437,0.5563,Partial Shading,synthetic PV simulation; not hardware measurement
550.4,14.5863,0.5347,6.3523,13.215,18.5257,0.5697,0.4303,Partial Shading,synthetic PV simulation; not hardware measurement
916.55,16.6568,0.8787,13.0215,45.342,17.2476,0.7415,0.2585,Partial Shading,synthetic PV simulation; not hardware measurement
518.891,17.3103,0.3716,5.5776,37.637,17.3992,0.5582,0.4418,Partial Shading,synthetic PV simulation; not hardware measurement
858.861,14.9946,0.7962,9.8374,27.648,18.0267,0.5769,0.4231,Partial Shading,synthetic PV simulation; not hardware measurement
935.687,14.3194,0.9533,11.9792,60.168,16.5811,0.69,0.31,Partial Shading,synthetic PV simulation; not hardware measurement
862.005,16.5235,0.6271,5.6183,64.914,16.3317,0.3557,0.6443,Partial Shading,synthetic PV simulation; not hardware measurement
771.42,15.5276,0.5389,5.337,26.567,18.0323,0.3484,0.6516,Partial Shading,synthetic PV simulation; not hardware measurement
783.729,18.3685,0.7269,8.0665,14.077,18.6073,0.5055,0.4945,Partial Shading,synthetic PV simulation; not hardware measurement
1024.618,15.2736,1.0404,10.9191,53.729,16.9008,0.5651,0.4349,Partial Shading,synthetic PV simulation; not hardware measurement
657.988,14.3907,0.4862,5.5757,49.18,16.9487,0.449,0.551,Partial Shading,synthetic PV simulation; not hardware measurement
748.626,17.0424,0.6605,8.7524,32.725,17.7507,0.5966,0.4034,Partial Shading,synthetic PV simulation; not hardware measurement
787.357,15.5356,0.8043,8.1561,56.8,16.6643,0.5561,0.4439,Partial Shading,synthetic PV simulation; not hardware measurement
875.584,15.9189,0.8323,8.3674,64.626,16.3512,0.521,0.479,Partial Shading,synthetic PV simulation; not hardware measurement
611.203,17.7176,0.6153,9.1092,33.027,17.6653,0.764,0.236,Partial Shading,synthetic PV simulation; not hardware measurement
497.473,13.4945,0.307,2.3452,51.951,16.7293,0.2528,0.7472,Partial Shading,synthetic PV simulation; not hardware measurement
1024.884,16.7226,0.9582,12.662,50.123,17.0649,0.65,0.35,Partial Shading,synthetic PV simulation; not hardware measurement
710.74,15.7751,0.5045,5.2104,34.712,17.639,0.376,0.624,Partial Shading,synthetic PV simulation; not hardware measurement
865.363,15.4115,0.4332,3.7265,38.341,17.543,0.2217,0.7783,Partial Shading,synthetic PV simulation; not hardware measurement
439.556,14.1133,0.442,3.9363,61.024,16.2751,0.4914,0.5086,Partial Shading,synthetic PV simulation; not hardware measurement
990.968,17.543,0.9814,11.58,52.747,16.9319,0.6187,0.3813,Partial Shading,synthetic PV simulation; not hardware measurement
1030.408,15.5883,0.8835,8.3665,33.371,17.8292,0.4123,0.5877,Partial Shading,synthetic PV simulation; not hardware measurement
850.62,14.8226,0.6828,6.408,33.204,17.7699,0.3838,0.6162,Partial Shading,synthetic PV simulation; not hardware measurement
629.287,15.3793,0.667,6.627,57.848,16.5459,0.5693,0.4307,Partial Shading,synthetic PV simulation; not hardware measurement
874.933,16.3916,0.74,10.9886,25.309,18.1407,0.6293,0.3707,Partial Shading,synthetic PV simulation; not hardware measurement
825.427,17.1566,0.6843,9.9816,31.391,17.8402,0.6142,0.3858,Partial Shading,synthetic PV simulation; not hardware measurement
591.981,15.7571,0.572,5.0241,33.411,17.6348,0.4357,0.5643,Partial Shading,synthetic PV simulation; not hardware measurement
885.816,17.1543,0.7002,9.3174,56.928,16.7064,0.5634,0.4366,Partial Shading,synthetic PV simulation; not hardware measurement
768.132,16.0034,0.6895,8.9111,56.393,16.683,0.6225,0.3775,Partial Shading,synthetic PV simulation; not hardware measurement
563.21,15.739,0.4334,5.4805,36.432,17.4768,0.5032,0.4968,Partial Shading,synthetic PV simulation; not hardware measurement
779.891,15.5393,0.749,6.8178,29.325,17.9112,0.4426,0.5574,Partial Shading,synthetic PV simulation; not hardware measurement
873.933,17.7538,0.8807,13.0769,22.081,18.2872,0.745,0.255,Partial Shading,synthetic PV simulation; not hardware measurement
759.419,16.8326,0.7552,9.8338,58.759,16.5706,0.6987,0.3013,Partial Shading,synthetic PV simulation; not hardware measurement
450.855,15.3024,0.4111,4.5719,16.591,18.3019,0.5058,0.4942,Partial Shading,synthetic PV simulation; not hardware measurement
972.934,17.0877,0.935,8.5121,34.658,17.7474,0.4459,0.5541,Partial Shading,synthetic PV simulation; not hardware measurement
686.705,15.961,0.4153,4.3662,53.071,16.7888,0.3395,0.6605,Partial Shading,synthetic PV simulation; not hardware measurement
921.27,13.3469,0.6208,5.6897,62.082,16.4877,0.3344,0.6656,Partial Shading,synthetic PV simulation; not hardware measurement
455.668,13.6762,0.4139,3.4674,29.428,17.7207,0.3895,0.6105,Partial Shading,synthetic PV simulation; not hardware measurement
422.709,14.9302,0.3982,3.7126,49.543,16.7831,0.47,0.53,Partial Shading,synthetic PV simulation; not hardware measurement
421.551,15.7249,0.3333,4.3422,40.658,17.1874,0.5407,0.4593,Partial Shading,synthetic PV simulation; not hardware measurement
856.169,16.1396,0.836,11.1704,45.445,17.2153,0.682,0.318,Partial Shading,synthetic PV simulation; not hardware measurement
975.928,17.655,0.7456,10.8365,48.468,17.1203,0.5827,0.4173,Partial Shading,synthetic PV simulation; not hardware measurement
703.9,14.4115,0.6674,7.3349,40.211,17.3846,0.5408,0.4592,Partial Shading,synthetic PV simulation; not hardware measurement
633.804,14.987,0.6248,6.5354,43.719,17.1928,0.5403,0.4597,Partial Shading,synthetic PV simulation; not hardware measurement
479.678,15.5025,0.4767,5.6211,45.182,17.0231,0.6195,0.3805,Partial Shading,synthetic PV simulation; not hardware measurement
588.211,18.9833,0.4441,5.429,13.853,18.5236,0.4556,0.5444,Partial Shading,synthetic PV simulation; not hardware measurement
1021.571,13.9343,0.8722,9.7405,44.923,17.3002,0.4961,0.5039,Partial Shading,synthetic PV simulation; not hardware measurement
963.856,15.3919,0.7915,9.3387,28.653,18.0167,0.4879,0.5121,Partial Shading,synthetic PV simulation; not hardware measurement
566.622,16.8004,0.3373,3.0679,15.393,18.4382,0.2682,0.7318,Partial Shading,synthetic PV simulation; not hardware measurement
635.442,15.5964,0.5475,5.4049,34.925,17.5946,0.4374,0.5626,Partial Shading,synthetic PV simulation; not hardware measurement
427.004,18.3382,0.4383,6.7015,12.304,18.4752,0.777,0.223,Partial Shading,synthetic PV simulation; not hardware measurement
1007.701,17.553,0.65,10.1722,18.689,18.4882,0.4979,0.5021,Partial Shading,synthetic PV simulation; not hardware measurement
1029.718,15.4108,0.7365,9.3198,58.388,16.6908,0.4849,0.5151,Partial Shading,synthetic PV simulation; not hardware measurement
822.527,15.4699,0.8259,7.3788,20.946,18.3142,0.4462,0.5538,Partial Shading,synthetic PV simulation; not hardware measurement
990.34,14.9345,0.8457,8.5502,49.501,17.0793,0.4539,0.5461,Partial Shading,synthetic PV simulation; not hardware measurement
756.973,14.827,0.5628,4.4744,48.069,17.0562,0.3115,0.6885,Partial Shading,synthetic PV simulation; not hardware measurement
884.655,14.9393,0.7738,6.6715,22.285,18.2829,0.3755,0.6245,Partial Shading,synthetic PV simulation; not hardware measurement
985.778,17.2732,0.9907,15.1064,28.567,18.0298,0.7712,0.2288,Partial Shading,synthetic PV simulation; not hardware measurement
639.528,13.9379,0.3608,4.3009,16.452,18.4279,0.3331,0.6669,Partial Shading,synthetic PV simulation; not hardware measurement
680.466,14.4247,0.6485,6.5153,33.487,17.6771,0.4903,0.5097,Partial Shading,synthetic PV simulation; not hardware measurement
488.447,14.4947,0.3826,4.3603,29.961,17.7247,0.4568,0.5432,Partial Shading,synthetic PV simulation; not hardware measurement
448.173,17.4501,0.2662,3.6078,31.698,17.6104,0.4141,0.5859,Partial Shading,synthetic PV simulation; not hardware measurement
499.074,13.6915,0.4098,3.5355,49.3,16.8515,0.3776,0.6224,Partial Shading,synthetic PV simulation; not hardware measurement
920.179,17.3735,0.5758,7.3135,51.685,16.9605,0.4205,0.5795,Partial Shading,synthetic PV simulation; not hardware measurement
780.57,14.8671,0.7042,7.7634,46.827,17.1148,0.5224,0.4776,Partial Shading,synthetic PV simulation; not hardware measurement
502.309,14.7936,0.3553,4.6549,29.297,17.7664,0.4732,0.5268,Partial Shading,synthetic PV simulation; not hardware measurement
673.789,17.8132,0.5196,7.6562,14.519,18.5371,0.5601,0.4399,Partial Shading,synthetic PV simulation; not hardware measurement
957.28,15.3609,0.7502,9.1289,20.93,18.3653,0.4729,0.5271,Partial Shading,synthetic PV simulation; not hardware measurement
902.392,17.218,0.8291,11.395,26.762,18.0872,0.6342,0.3658,Partial Shading,synthetic PV simulation; not hardware measurement
717.912,17.3956,0.4784,7.2228,37.872,17.4992,0.5193,0.4807,Partial Shading,synthetic PV simulation; not hardware measurement
906.981,13.2108,0.8045,9.2258,62.675,16.4544,0.5517,0.4483,Partial Shading,synthetic PV simulation; not hardware measurement
768.053,16.7858,0.6868,6.2538,16.71,18.4792,0.4021,0.5979,Partial Shading,synthetic PV simulation; not hardware measurement
541.868,15.8107,0.58,7.0458,62.107,16.3009,0.7121,0.2879,Partial Shading,synthetic PV simulation; not hardware measurement
553.3,13.5297,0.4874,4.0723,60.385,16.3779,0.4013,0.5987,Partial Shading,synthetic PV simulation; not hardware measurement
1020.513,16.7855,0.989,15.1014,43.824,17.3497,0.7681,0.2319,Partial Shading,synthetic PV simulation; not hardware measurement
736.585,14.0128,0.4469,3.2497,27.583,17.9783,0.2228,0.7772,Partial Shading,synthetic PV simulation; not hardware measurement
806.713,17.2333,0.475,6.6826,19.748,18.3609,0.4112,0.5888,Partial Shading,synthetic PV simulation; not hardware measurement
1048.834,16.6135,0.9724,12.1056,47.278,17.2037,0.6032,0.3968,Partial Shading,synthetic PV simulation; not hardware measurement
1037.157,15.7855,0.7035,6.961,37.698,17.635,0.3438,0.6562,Partial Shading,synthetic PV simulation; not hardware measurement
485.317,14.6189,0.4416,4.2056,36.953,17.4032,0.45,0.55,Partial Shading,synthetic PV simulation; not hardware measurement
880.511,15.7101,0.8619,10.6979,61.111,16.5135,0.657,0.343,Soiling/Dust,synthetic PV simulation; not hardware measurement
505.998,16.4818,0.4502,5.7834,39.71,17.2945,0.5965,0.4035,Soiling/Dust,synthetic PV simulation; not hardware measurement
772.343,18.4967,0.8516,13.8955,24.165,18.1421,0.9016,0.0984,Soiling/Dust,synthetic PV simulation; not hardware measurement
427.338,15.2515,0.363,4.0274,55.323,16.5237,0.5108,0.4892,Soiling/Dust,synthetic PV simulation; not hardware measurement
676.246,14.0817,0.7271,8.4633,64.037,16.283,0.6852,0.3148,Soiling/Dust,synthetic PV simulation; not hardware measurement
899.805,17.8758,0.8656,12.0226,23.257,18.2456,0.6664,0.3336,Soiling/Dust,synthetic PV simulation; not hardware measurement
522.4,17.4766,0.5269,7.3542,28.813,17.7935,0.7176,0.2824,Soiling/Dust,synthetic PV simulation; not hardware measurement
830.832,17.4171,0.6745,10.89,27.148,18.036,0.6599,0.3401,Soiling/Dust,synthetic PV simulation; not hardware measurement
796.929,16.3185,0.7572,10.5988,16.339,18.5111,0.6559,0.3441,Soiling/Dust,synthetic PV simulation; not hardware measurement
640.331,15.3443,0.6241,8.0011,53.893,16.7332,0.6693,0.3307,Soiling/Dust,synthetic PV simulation; not hardware measurement
454.768,17.841,0.3794,4.9229,36.378,17.4029,0.5622,0.4378,Soiling/Dust,synthetic PV simulation; not hardware measurement
1020.089,16.498,1.0107,14.7159,18.764,18.4897,0.7115,0.2885,Soiling/Dust,synthetic PV simulation; not hardware measurement
668.212,17.6047,0.5727,8.6925,52.58,16.8001,0.6942,0.3058,Soiling/Dust,synthetic PV simulation; not hardware measurement
877.417,17.1715,0.8502,12.6874,21.612,18.3102,0.7192,0.2808,Soiling/Dust,synthetic PV simulation; not hardware measurement
1031.984,17.8857,0.9438,11.8851,22.558,18.3218,0.5721,0.4279,Soiling/Dust,synthetic PV simulation; not hardware measurement
754.108,16.1123,0.6437,8.5544,60.6,16.4839,0.6148,0.3852,Soiling/Dust,synthetic PV simulation; not hardware measurement
754.623,16.2283,0.5668,7.4256,58.532,16.5784,0.5308,0.4692,Soiling/Dust,synthetic PV simulation; not hardware measurement
523.123,15.4399,0.5438,5.6786,62.317,16.277,0.5952,0.4048,Soiling/Dust,synthetic PV simulation; not hardware measurement
506.425,16.7042,0.5217,6.4094,51.553,16.7547,0.6778,0.3222,Soiling/Dust,synthetic PV simulation; not hardware measurement
808.573,15.959,0.8476,10.8183,61.742,16.4501,0.7259,0.2741,Soiling/Dust,synthetic PV simulation; not hardware measurement
1023.12,18.3165,0.8146,11.3204,31.314,17.9199,0.5595,0.4405,Soiling/Dust,synthetic PV simulation; not hardware measurement
593.696,18.068,0.4983,7.3257,32.014,17.6996,0.6316,0.3684,Soiling/Dust,synthetic PV simulation; not hardware measurement
926.247,16.1,0.8381,9.7882,28.937,17.9987,0.5328,0.4672,Soiling/Dust,synthetic PV simulation; not hardware measurement
608.648,17.9411,0.484,7.5046,25.161,18.0221,0.622,0.378,Soiling/Dust,synthetic PV simulation; not hardware measurement
812.027,17.4758,0.8292,10.6388,34.024,17.7137,0.6693,0.3307,Soiling/Dust,synthetic PV simulation; not hardware measurement
771.519,16.7387,0.7952,11.623,56.724,16.6697,0.8089,0.1911,Soiling/Dust,synthetic PV simulation; not hardware measurement
494.316,16.8764,0.4637,5.6976,47.874,16.9126,0.6126,0.3874,Soiling/Dust,synthetic PV simulation; not hardware measurement
881.291,17.8173,0.6739,10.4166,12.35,18.7336,0.5773,0.4227,Soiling/Dust,synthetic PV simulation; not hardware measurement
427.629,14.5916,0.3735,4.863,61.956,16.2213,0.6258,0.3742,Soiling/Dust,synthetic PV simulation; not hardware measurement
787.737,16.4147,0.8552,11.7011,52.569,16.8571,0.7899,0.2101,Soiling/Dust,synthetic PV simulation; not hardware measurement
983.042,17.1705,0.9227,14.7793,24.327,18.2215,0.7502,0.2498,Soiling/Dust,synthetic PV simulation; not hardware measurement
626.665,16.7188,0.5083,6.0035,33.98,17.632,0.4918,0.5082,Soiling/Dust,synthetic PV simulation; not hardware measurement
525.631,16.032,0.5013,6.1258,19.296,18.2298,0.5827,0.4173,Soiling/Dust,synthetic PV simulation; not hardware measurement
593.993,17.9818,0.5741,8.3145,23.281,18.0979,0.7038,0.2962,Soiling/Dust,synthetic PV simulation; not hardware measurement
853.489,16.9914,0.6934,8.3149,18.743,18.4295,0.4821,0.5179,Soiling/Dust,synthetic PV simulation; not hardware measurement
607.931,16.4045,0.6217,9.2034,42.551,17.229,0.7919,0.2081,Soiling/Dust,synthetic PV simulation; not hardware measurement
728.415,14.9602,0.7728,7.9831,52.526,16.8376,0.5837,0.4163,Soiling/Dust,synthetic PV simulation; not hardware measurement
854.399,17.8181,0.9162,14.4681,36.248,17.6331,0.8681,0.1319,Soiling/Dust,synthetic PV simulation; not hardware measurement
952.965,17.6878,0.9637,12.0138,17.886,18.502,0.6215,0.3785,Soiling/Dust,synthetic PV simulation; not hardware measurement
673.676,15.3366,0.6438,7.5344,46.104,17.0984,0.5883,0.4117,Soiling/Dust,synthetic PV simulation; not hardware measurement
824.784,16.1887,0.7902,10.6577,33.352,17.7506,0.659,0.341,Soiling/Dust,synthetic PV simulation; not hardware measurement
576.558,16.8986,0.5563,7.6676,52.837,16.7386,0.7123,0.2877,Soiling/Dust,synthetic PV simulation; not hardware measurement
843.303,17.0651,0.8253,11.5489,33.985,17.7308,0.699,0.301,Soiling/Dust,synthetic PV simulation; not hardware measurement
479.983,18.7212,0.3801,5.8458,15.091,18.3957,0.6049,0.3951,Soiling/Dust,synthetic PV simulation; not hardware measurement
997.361,17.3795,0.8791,14.2161,35.398,17.7238,0.7272,0.2728,Soiling/Dust,synthetic PV simulation; not hardware measurement
690.873,18.4312,0.6451,9.5893,29.134,17.8816,0.7042,0.2958,Soiling/Dust,synthetic PV simulation; not hardware measurement
622.144,18.9361,0.5193,7.3323,19.071,18.3086,0.5871,0.4129,Soiling/Dust,synthetic PV simulation; not hardware measurement
879.676,16.1653,0.7614,11.0906,62.959,16.429,0.6847,0.3153,Soiling/Dust,synthetic PV simulation; not hardware measurement
950.032,15.5069,0.9384,11.1813,41.997,17.4038,0.6094,0.3906,Soiling/Dust,synthetic PV simulation; not hardware measurement
875.241,17.8972,0.8027,12.4711,55.741,16.7555,0.7614,0.2386,Soiling/Dust,synthetic PV simulation; not hardware measurement
954.261,18.4935,0.7539,10.3456,30.382,17.934,0.5479,0.4521,Soiling/Dust,synthetic PV simulation; not hardware measurement
959.924,16.2463,0.7533,9.3623,54.755,16.8276,0.519,0.481,Soiling/Dust,synthetic PV simulation; not hardware measurement
1020.756,16.8924,0.9207,10.9792,28.141,18.0633,0.5405,0.4595,Soiling/Dust,synthetic PV simulation; not hardware measurement
983.001,17.3075,1.0376,12.3183,30.403,17.9451,0.633,0.367,Soiling/Dust,synthetic PV simulation; not hardware measurement
842.015,17.8956,0.8721,11.6895,36.711,17.6061,0.7126,0.2874,Soiling/Dust,synthetic PV simulation; not hardware measurement
718.522,16.4373,0.6049,8.9805,12.462,18.657,0.6129,0.3871,Soiling/Dust,synthetic PV simulation; not hardware measurement
924.111,16.7168,0.9602,11.4267,39.112,17.5346,0.6367,0.3633,Soiling/Dust,synthetic PV simulation; not hardware measurement
633.318,16.2913,0.7097,10.9028,56.864,16.5933,0.9285,0.0715,Soiling/Dust,synthetic PV simulation; not hardware measurement
967.864,18.9212,0.9424,16.4265,18.03,18.5017,0.8367,0.1633,Soiling/Dust,synthetic PV simulation; not hardware measurement
531.172,16.0183,0.5054,7.1896,55.045,16.6148,0.7298,0.2702,Soiling/Dust,synthetic PV simulation; not hardware measurement
979.538,15.1866,0.9974,12.5526,45.153,17.2726,0.6676,0.3324,Soiling/Dust,synthetic PV simulation; not hardware measurement
476.889,15.9161,0.4673,5.7145,52.298,16.6962,0.6436,0.3564,Soiling/Dust,synthetic PV simulation; not hardware measurement
904.717,16.0776,0.8635,10.6985,45.779,17.2225,0.6179,0.3821,Soiling/Dust,synthetic PV simulation; not hardware measurement
1023.082,18.1303,0.9708,14.9115,23.643,18.2689,0.7257,0.2743,Soiling/Dust,synthetic PV simulation; not hardware measurement
435.416,17.1664,0.4564,6.1061,24.612,17.9218,0.7113,0.2887,Soiling/Dust,synthetic PV simulation; not hardware measurement
651.318,17.8577,0.6679,7.9571,40.108,17.3578,0.6349,0.3651,Soiling/Dust,synthetic PV simulation; not hardware measurement
683.615,15.0409,0.6458,7.0953,54.345,16.7289,0.5558,0.4442,Soiling/Dust,synthetic PV simulation; not hardware measurement
536.644,16.881,0.4806,7.0808,15.103,18.4293,0.654,0.346,Soiling/Dust,synthetic PV simulation; not hardware measurement
775.563,16.0493,0.6656,9.5862,33.85,17.7029,0.6317,0.3683,Soiling/Dust,synthetic PV simulation; not hardware measurement
703.299,15.1248,0.5951,8.5484,62.957,16.3482,0.6633,0.3367,Soiling/Dust,synthetic PV simulation; not hardware measurement
1037.964,17.2575,0.9187,13.2329,54.31,16.8796,0.6767,0.3233,Soiling/Dust,synthetic PV simulation; not hardware measurement
512.669,15.9106,0.4247,5.7384,31.43,17.6774,0.5739,0.4261,Soiling/Dust,synthetic PV simulation; not hardware measurement
829.784,15.3319,0.7847,9.6119,47.577,17.1055,0.6087,0.3913,Soiling/Dust,synthetic PV simulation; not hardware measurement
982.777,17.1266,0.7879,10.9994,23.891,18.2413,0.558,0.442,Soiling/Dust,synthetic PV simulation; not hardware measurement
798.243,16.9311,0.7319,8.8657,55.43,16.7323,0.5942,0.4058,Soiling/Dust,synthetic PV simulation; not hardware measurement
626.577,15.3166,0.5689,7.2423,51.832,16.8183,0.6166,0.3834,Soiling/Dust,synthetic PV simulation; not hardware measurement
791.601,15.4455,0.6998,9.0155,53.369,16.8227,0.6067,0.3933,Soiling/Dust,synthetic PV simulation; not hardware measurement
961.558,17.6253,0.9539,14.7437,24.677,18.1967,0.766,0.234,Soiling/Dust,synthetic PV simulation; not hardware measurement
704.634,16.8229,0.721,8.3948,38.554,17.4605,0.6161,0.3839,Soiling/Dust,synthetic PV simulation; not hardware measurement
735.71,16.3422,0.6427,7.9602,51.491,16.8888,0.5748,0.4252,Soiling/Dust,synthetic PV simulation; not hardware measurement
977.219,15.508,0.9785,10.3144,60.363,16.5797,0.5686,0.4314,Soiling/Dust,synthetic PV simulation; not hardware measurement
599.127,16.0134,0.6072,6.7101,62.817,16.2994,0.613,0.387,Soiling/Dust,synthetic PV simulation; not hardware measurement
605.416,18.0189,0.5018,7.5574,20.143,18.2487,0.6235,0.3765,Soiling/Dust,synthetic PV simulation; not hardware measurement
537.308,15.5492,0.4519,5.2751,61.884,16.3076,0.5375,0.4625,Soiling/Dust,synthetic PV simulation; not hardware measurement
431.908,16.8077,0.3462,4.0905,17.458,18.2448,0.4736,0.5264,Soiling/Dust,synthetic PV simulation; not hardware measurement
847.565,16.9873,0.8522,10.3443,54.096,16.8173,0.6503,0.3497,Soiling/Dust,synthetic PV simulation; not hardware measurement
497.974,18.8366,0.4964,6.7957,20.755,18.1524,0.685,0.315,Soiling/Dust,synthetic PV simulation; not hardware measurement
675.313,17.4551,0.5655,8.9925,39.131,17.417,0.6901,0.3099,Soiling/Dust,synthetic PV simulation; not hardware measurement
543.619,16.0037,0.6184,7.3332,22.645,18.0908,0.6786,0.3214,Soiling/Dust,synthetic PV simulation; not hardware measurement
843.555,17.3152,0.8406,11.508,27.275,18.0364,0.6868,0.3132,Soiling/Dust,synthetic PV simulation; not hardware measurement
883.977,17.2677,0.7894,11.5939,15.208,18.6047,0.6441,0.3559,Soiling/Dust,synthetic PV simulation; not hardware measurement
802.918,16.6288,0.6262,9.7816,28.695,17.9517,0.6157,0.3843,Soiling/Dust,synthetic PV simulation; not hardware measurement
587.362,17.111,0.5793,7.0431,41.981,17.241,0.6269,0.3731,Soiling/Dust,synthetic PV simulation; not hardware measurement
549.096,16.4787,0.5222,6.2841,63.894,16.2248,0.6292,0.3708,Soiling/Dust,synthetic PV simulation; not hardware measurement
1024.39,17.2696,0.8986,12.5187,26.845,18.1237,0.6124,0.3876,Soiling/Dust,synthetic PV simulation; not hardware measurement
883.51,16.0282,0.7735,8.7375,28.321,18.0076,0.4985,0.5015,Soiling/Dust,synthetic PV simulation; not hardware measurement
720.752,16.4739,0.785,10.9343,59.558,16.513,0.821,0.179,Soiling/Dust,synthetic PV simulation; not hardware measurement
607.83,18.4929,0.4952,8.6275,29.334,17.8314,0.7222,0.2778,Soiling/Dust,synthetic PV simulation; not hardware measurement
442.979,16.8283,0.4676,5.7037,26.608,17.8378,0.6555,0.3445,Soiling/Dust,synthetic PV simulation; not hardware measurement
785.513,17.328,0.6569,9.804,18.565,18.4039,0.6184,0.3816,Soiling/Dust,synthetic PV simulation; not hardware measurement
769.331,16.6623,0.8065,12.21,26.06,18.0542,0.7985,0.2015,Soiling/Dust,synthetic PV simulation; not hardware measurement
663.157,14.4154,0.6443,7.2787,59.407,16.486,0.5948,0.4052,Soiling/Dust,synthetic PV simulation; not hardware measurement
512.048,17.7329,0.5165,8.2992,51.646,16.7549,0.8679,0.1321,Soiling/Dust,synthetic PV simulation; not hardware measurement
942.282,16.8811,0.7326,10.5739,22.603,18.2828,0.5585,0.4415,Soiling/Dust,synthetic PV simulation; not hardware measurement
667.973,16.9563,0.6882,8.2516,53.845,16.7423,0.6611,0.3389,Soiling/Dust,synthetic PV simulation; not hardware measurement
926.05,15.7977,0.8643,10.7332,38.76,17.5515,0.5964,0.4036,Soiling/Dust,synthetic PV simulation; not hardware measurement
1013.156,17.7688,0.8245,13.7524,30.243,17.9647,0.685,0.315,Soiling/Dust,synthetic PV simulation; not hardware measurement
587.368,17.5779,0.539,8.5004,18.089,18.33,0.7203,0.2797,Soiling/Dust,synthetic PV simulation; not hardware measurement
638.024,16.3142,0.6008,8.2864,41.735,17.2859,0.6775,0.3225,Soiling/Dust,synthetic PV simulation; not hardware measurement
456.572,18.0613,0.3596,4.5684,21.55,18.0808,0.5039,0.4961,Soiling/Dust,synthetic PV simulation; not hardware measurement
982.34,16.8181,0.9559,12.7551,54.436,16.8515,0.6902,0.3098,Soiling/Dust,synthetic PV simulation; not hardware measurement
554.934,16.5078,0.4154,4.9939,55.773,16.5892,0.4855,0.5145,Soiling/Dust,synthetic PV simulation; not hardware measurement
984.711,17.9819,0.7916,12.515,33.937,17.7851,0.6466,0.3534,Soiling/Dust,synthetic PV simulation; not hardware measurement
611.048,15.0878,0.4936,6.1429,62.716,16.312,0.5499,0.4501,Soiling/Dust,synthetic PV simulation; not hardware measurement
921.543,18.12,0.9506,12.6496,29.307,17.9798,0.6927,0.3073,Soiling/Dust,synthetic PV simulation; not hardware measurement
656.095,15.3353,0.5647,7.3254,42.155,17.2675,0.5827,0.4173,Soiling/Dust,synthetic PV simulation; not hardware measurement
812.515,16.4204,0.6735,9.3772,47.672,17.0926,0.6068,0.3932,Soiling/Dust,synthetic PV simulation; not hardware measurement
600.025,16.9403,0.6385,7.6682,62.142,16.3307,0.6984,0.3016,Soiling/Dust,synthetic PV simulation; not hardware measurement
442.019,16.6751,0.462,5.8261,38.957,17.2737,0.6887,0.3113,Soiling/Dust,synthetic PV simulation; not hardware measurement
555.613,16.5793,0.4937,7.3075,49.208,16.889,0.6993,0.3007,Soiling/Dust,synthetic PV simulation; not hardware measurement
830.184,18.2303,0.8193,13.9976,25.186,18.125,0.8455,0.1545,Soiling/Dust,synthetic PV simulation; not hardware measurement
988.862,16.838,1.0485,14.1222,55.513,16.8051,0.7608,0.2392,Soiling/Dust,synthetic PV simulation; not hardware measurement
421.801,15.3655,0.4608,5.4051,51.848,16.677,0.6893,0.3107,Soiling/Dust,synthetic PV simulation; not hardware measurement
449.594,16.907,0.4014,4.8657,23.347,17.9926,0.5472,0.4528,Soiling/Dust,synthetic PV simulation; not hardware measurement
813.788,14.8796,0.708,7.4298,54.273,16.7928,0.487,0.513,Soiling/Dust,synthetic PV simulation; not hardware measurement
724.166,17.0153,0.574,6.6913,30.517,17.8378,0.4697,0.5303,Soiling/Dust,synthetic PV simulation; not hardware measurement
556.123,17.9136,0.4376,6.23,34.477,17.5608,0.5771,0.4229,Soiling/Dust,synthetic PV simulation; not hardware measurement
775.523,17.3547,0.6902,9.4547,13.68,18.6211,0.5984,0.4016,Soiling/Dust,synthetic PV simulation; not hardware measurement
547.97,16.0113,0.4413,6.5318,33.563,17.5964,0.6131,0.3869,Soiling/Dust,synthetic PV simulation; not hardware measurement
765.753,17.1292,0.7448,11.1235,29.224,17.9193,0.7356,0.2644,Soiling/Dust,synthetic PV simulation; not hardware measurement
975.488,17.9545,1.022,15.7468,24.975,18.189,0.8067,0.1933,Soiling/Dust,synthetic PV simulation; not hardware measurement
678.645,17.1201,0.5297,8.4512,19.625,18.3075,0.62,0.38,Soiling/Dust,synthetic PV simulation; not hardware measurement
526.691,17.622,0.5511,8.2439,28.889,17.7934,0.7979,0.2021,Soiling/Dust,synthetic PV simulation; not hardware measurement
911.964,17.0569,0.9177,14.4023,42.981,17.3531,0.8201,0.1799,Soiling/Dust,synthetic PV simulation; not hardware measurement
923.564,17.7415,0.9779,12.8599,29.656,17.9648,0.7032,0.2968,Soiling/Dust,synthetic PV simulation; not hardware measurement
757.35,16.252,0.6431,9.2673,12.819,18.6621,0.5999,0.4001,Soiling/Dust,synthetic PV simulation; not hardware measurement
677.996,15.6257,0.6619,7.3525,26.882,17.9765,0.5478,0.4522,Soiling/Dust,synthetic PV simulation; not hardware measurement
1033.223,15.1435,0.8569,10.3722,53.747,16.9034,0.5322,0.4678,Soiling/Dust,synthetic PV simulation; not hardware measurement
430.613,15.7989,0.3686,5.3325,61.571,16.2417,0.6807,0.3193,Soiling/Dust,synthetic PV simulation; not hardware measurement
483.308,18.4985,0.5189,7.3976,12.06,18.5368,0.7556,0.2444,Soiling/Dust,synthetic PV simulation; not hardware measurement
868.946,15.6368,0.7325,8.6041,55.85,16.7476,0.5293,0.4707,Soiling/Dust,synthetic PV simulation; not hardware measurement
431.165,17.9501,0.4359,7.0393,24.38,17.9284,0.8279,0.1721,Soiling/Dust,synthetic PV simulation; not hardware measurement
1045.382,15.9982,0.9628,11.6258,48.781,17.134,0.5831,0.4169,Soiling/Dust,synthetic PV simulation; not hardware measurement
1026.856,15.7048,0.9933,12.6075,40.435,17.5064,0.6327,0.3673,Soiling/Dust,synthetic PV simulation; not hardware measurement
533.307,16.8224,0.5415,7.551,30.842,17.7094,0.7245,0.2755,Soiling/Dust,synthetic PV simulation; not hardware measurement
587.168,16.3953,0.4805,6.8266,26.409,17.9506,0.5884,0.4116,Soiling/Dust,synthetic PV simulation; not hardware measurement
741.739,16.015,0.6597,7.448,57.309,16.6271,0.5403,0.4597,Soiling/Dust,synthetic PV simulation; not hardware measurement
421.784,16.4347,0.3693,4.7842,56.879,16.4474,0.6171,0.3829,Soiling/Dust,synthetic PV simulation; not hardware measurement
668.846,15.7145,0.6393,7.8348,23.412,18.1291,0.5878,0.4122,Soiling/Dust,synthetic PV simulation; not hardware measurement
722.54,16.3285,0.7325,11.1151,61.89,16.4078,0.8369,0.1631,Soiling/Dust,synthetic PV simulation; not hardware measurement
448.365,16.3726,0.3463,5.3553,50.063,16.7833,0.6391,0.3609,Soiling/Dust,synthetic PV simulation; not hardware measurement
884.002,18.5327,0.9084,11.9912,14.898,18.6188,0.6658,0.3342,Soiling/Dust,synthetic PV simulation; not hardware measurement
624.853,18.2004,0.4968,8.1183,37.486,17.471,0.672,0.328,Soiling/Dust,synthetic PV simulation; not hardware measurement
906.093,16.3375,0.8029,10.9724,31.485,17.8738,0.614,0.386,Soiling/Dust,synthetic PV simulation; not hardware measurement
872.663,14.4584,0.9109,10.5379,61.585,16.4883,0.6539,0.3461,Soiling/Dust,synthetic PV simulation; not hardware measurement
502.363,17.4342,0.5461,7.917,40.242,17.2672,0.8235,0.1765,Soiling/Dust,synthetic PV simulation; not hardware measurement
1005.171,14.9618,0.867,9.426,64.598,16.3985,0.5097,0.4903,Soiling/Dust,synthetic PV simulation; not hardware measurement
927.383,15.7567,0.9462,13.2127,52.251,16.9379,0.7546,0.2454,Soiling/Dust,synthetic PV simulation; not hardware measurement
655.174,17.8825,0.634,10.7766,46.64,17.0626,0.8667,0.1333,Soiling/Dust,synthetic PV simulation; not hardware measurement
668.898,18.7096,0.5503,9.4608,17.296,18.4077,0.7011,0.2989,Soiling/Dust,synthetic PV simulation; not hardware measurement
986.372,19.5612,0.9385,16.4985,13.695,18.7066,0.8174,0.1826,Soiling/Dust,synthetic PV simulation; not hardware measurement
846.874,16.85,0.9508,11.2398,62.554,16.432,0.7207,0.2793,Soiling/Dust,synthetic PV simulation; not hardware measurement
635.13,18.3847,0.6087,9.6112,21.505,18.1949,0.7572,0.2428,Soiling/Dust,synthetic PV simulation; not hardware measurement
506.646,15.4306,0.5177,7.303,55.57,16.5716,0.7789,0.2211,Soiling/Dust,synthetic PV simulation; not hardware measurement
656.721,17.0117,0.7087,10.284,26.186,17.9953,0.7905,0.2095,Soiling/Dust,synthetic PV simulation; not hardware measurement
934.072,16.8672,0.7241,11.3846,12.098,18.7572,0.5944,0.4056,Soiling/Dust,synthetic PV simulation; not hardware measurement
811.165,17.8206,0.8299,13.0773,32.169,17.7977,0.8204,0.1796,Soiling/Dust,synthetic PV simulation; not hardware measurement
469.104,17.0809,0.4296,5.0286,59.79,16.3479,0.5858,0.4142,Soiling/Dust,synthetic PV simulation; not hardware measurement
674.902,17.3524,0.5688,8.5606,24.382,18.0886,0.6376,0.3624,Soiling/Dust,synthetic PV simulation; not hardware measurement
575.444,16.9181,0.5604,6.8566,42.111,17.2267,0.6234,0.3766,Soiling/Dust,synthetic PV simulation; not hardware measurement
873.131,17.2231,0.715,9.0541,51.906,16.9291,0.5495,0.4505,Soiling/Dust,synthetic PV simulation; not hardware measurement
639.442,18.4162,0.5914,7.957,14.803,18.5029,0.6144,0.3856,Soiling/Dust,synthetic PV simulation; not hardware measurement
861.458,16.7891,0.7776,10.6796,36.836,17.6097,0.6362,0.3638,Soiling/Dust,synthetic PV simulation; not hardware measurement
441.074,16.2207,0.4482,5.0327,25.895,17.8686,0.5801,0.4199,Soiling/Dust,synthetic PV simulation; not hardware measurement
460.622,16.9525,0.3766,6.1409,17.72,18.2591,0.6662,0.3338,Soiling/Dust,synthetic PV simulation; not hardware measurement
1022.59,16.6919,1.0098,13.375,47.02,17.2052,0.6835,0.3165,Soiling/Dust,synthetic PV simulation; not hardware measurement
1024.441,16.7752,0.897,12.0036,49.854,17.077,0.6161,0.3839,Soiling/Dust,synthetic PV simulation; not hardware measurement
563.296,16.574,0.5003,5.4771,48.584,16.923,0.5161,0.4839,Soiling/Dust,synthetic PV simulation; not hardware measurement
885.936,16.7301,0.9367,14.5869,64.705,16.3524,0.8976,0.1024,Soiling/Dust,synthetic PV simulation; not hardware measurement
733.145,18.4064,0.8086,10.7118,28.044,17.9554,0.7387,0.2613,Soiling/Dust,synthetic PV simulation; not hardware measurement
611.548,17.0678,0.4817,7.8281,38.026,17.4377,0.6631,0.3369,Soiling/Dust,synthetic PV simulation; not hardware measurement
819.424,16.3476,0.7066,10.7226,52.946,16.856,0.6959,0.3041,Soiling/Dust,synthetic PV simulation; not hardware measurement
867.344,16.1797,0.9595,14.1591,51.218,16.9577,0.8639,0.1361,Soiling/Dust,synthetic PV simulation; not hardware measurement
540.675,16.0091,0.5024,6.1155,62.256,16.2932,0.6197,0.3803,Soiling/Dust,synthetic PV simulation; not hardware measurement
438.053,15.4893,0.3823,4.698,28.973,17.7254,0.5488,0.4512,Soiling/Dust,synthetic PV simulation; not hardware measurement
639.285,15.0073,0.5462,6.0366,49.13,16.9496,0.5005,0.4995,Soiling/Dust,synthetic PV simulation; not hardware measurement
757.362,16.7399,0.5569,7.8401,27.355,18.0,0.5223,0.4777,Soiling/Dust,synthetic PV simulation; not hardware measurement
440.434,18.816,0.3949,5.5601,16.29,18.3061,0.6296,0.3704,Soiling/Dust,synthetic PV simulation; not hardware measurement
718.51,16.9231,0.6525,9.559,25.486,18.0637,0.6694,0.3306,Soiling/Dust,synthetic PV simulation; not hardware measurement
987.97,16.6933,0.9218,13.2151,61.097,16.5508,0.7216,0.2784,Soiling/Dust,synthetic PV simulation; not hardware measurement
1047.964,17.0446,1.076,13.5646,62.461,16.5126,0.6995,0.3005,Soiling/Dust,synthetic PV simulation; not hardware measurement
919.594,17.8749,0.7817,10.8431,36.106,17.6695,0.6034,0.3966,Soiling/Dust,synthetic PV simulation; not hardware measurement
545.545,17.2444,0.5494,8.4825,23.415,18.0572,0.7833,0.2167,Soiling/Dust,synthetic PV simulation; not hardware measurement
650.436,16.6462,0.6783,10.065,23.548,18.1115,0.7771,0.2229,Soiling/Dust,synthetic PV simulation; not hardware measurement
489.984,16.1376,0.3849,4.8421,37.768,17.3699,0.5139,0.4861,Soiling/Dust,synthetic PV simulation; not hardware measurement
978.869,17.8005,1.0307,13.0878,25.025,18.1881,0.6682,0.3318,Soiling/Dust,synthetic PV simulation; not hardware measurement
466.429,16.0049,0.5071,6.1438,61.477,16.2686,0.7227,0.2773,Soiling/Dust,synthetic PV simulation; not hardware measurement
462.849,17.1818,0.4548,6.7976,48.183,16.8717,0.7821,0.2179,Soiling/Dust,synthetic PV simulation; not hardware measurement
885.878,17.9169,0.6706,8.0568,19.321,18.4184,0.4502,0.5498,Soiling/Dust,synthetic PV simulation; not hardware measurement
530.478,15.8507,0.4079,6.2139,53.388,16.6899,0.6292,0.3708,Soiling/Dust,synthetic PV simulation; not hardware measurement
580.247,15.8154,0.5366,6.0907,41.549,17.2557,0.5484,0.4516,Soiling/Dust,synthetic PV simulation; not hardware measurement
755.326,18.6703,0.6526,9.9871,12.003,18.6982,0.6472,0.3528,Soiling/Dust,synthetic PV simulation; not hardware measurement
420.952,17.3373,0.4202,6.2864,35.185,17.4366,0.7748,0.2252,Soiling/Dust,synthetic PV simulation; not hardware measurement
746.824,17.2338,0.7707,10.9188,35.113,17.6409,0.7498,0.2502,Soiling/Dust,synthetic PV simulation; not hardware measurement
993.485,16.5399,1.1094,12.9221,34.557,17.7605,0.6625,0.3375,Soiling/Dust,synthetic PV simulation; not hardware measurement
731.682,14.5382,0.7886,9.4773,58.674,16.5594,0.6994,0.3006,Soiling/Dust,synthetic PV simulation; not hardware measurement
632.261,16.2788,0.4872,6.4101,55.176,16.6696,0.5448,0.4552,Soiling/Dust,synthetic PV simulation; not hardware measurement
464.544,17.0062,0.37,5.438,16.628,18.3123,0.5836,0.4164,Soiling/Dust,synthetic PV simulation; not hardware measurement
979.564,18.5037,0.7513,13.0955,26.811,18.1071,0.6705,0.3295,Soiling/Dust,synthetic PV simulation; not hardware measurement
950.405,17.6701,1.0337,12.8423,46.872,17.1822,0.707,0.293,Soiling/Dust,synthetic PV simulation; not hardware measurement
1009.955,16.5556,0.7782,12.6518,54.814,16.8455,0.6661,0.3339,Soiling/Dust,synthetic PV simulation; not hardware measurement
845.9,16.7672,0.7967,9.2049,38.534,17.525,0.5607,0.4393,Soiling/Dust,synthetic PV simulation; not hardware measurement
690.432,17.1437,0.5868,9.6433,23.868,18.1212,0.7011,0.2989,Soiling/Dust,synthetic PV simulation; not hardware measurement
694.761,15.8299,0.7458,10.423,39.553,17.4093,0.7777,0.2223,Soiling/Dust,synthetic PV simulation; not hardware measurement
864.006,17.7453,0.8964,14.5181,16.361,18.543,0.8274,0.1726,Soiling/Dust,synthetic PV simulation; not hardware measurement
631.926,17.3012,0.5963,7.4267,44.325,17.1639,0.6167,0.3833,Soiling/Dust,synthetic PV simulation; not hardware measurement
820.481,15.4649,0.6722,7.9667,44.173,17.2559,0.5066,0.4934,Soiling/Dust,synthetic PV simulation; not hardware measurement
628.046,16.4453,0.6788,9.2472,17.327,18.3806,0.7308,0.2692,Soiling/Dust,synthetic PV simulation; not hardware measurement
425.827,15.8388,0.3456,4.3697,55.713,16.5045,0.5567,0.4433,Soiling/Dust,synthetic PV simulation; not hardware measurement
730.529,16.3955,0.737,10.4246,33.429,17.7087,0.7296,0.2704,Soiling/Dust,synthetic PV simulation; not hardware measurement
1001.355,15.9592,0.8811,12.7325,36.48,17.6762,0.6501,0.3499,Soiling/Dust,synthetic PV simulation; not hardware measurement
735.379,16.1658,0.6437,8.1202,46.05,17.1365,0.5798,0.4202,Soiling/Dust,synthetic PV simulation; not hardware measurement
934.631,15.8344,0.7611,8.7214,30.531,17.9298,0.472,0.528,Soiling/Dust,synthetic PV simulation; not hardware measurement
474.04,16.7412,0.439,5.4788,31.743,17.6312,0.5939,0.4061,Soiling/Dust,synthetic PV simulation; not hardware measurement
990.116,17.3193,1.0733,12.566,26.646,18.119,0.6362,0.3638,Soiling/Dust,synthetic PV simulation; not hardware measurement
984.638,16.1448,1.0353,13.927,37.996,17.6004,0.7257,0.2743,Soiling/Dust,synthetic PV simulation; not hardware measurement
901.012,16.6903,0.7521,10.8626,47.159,17.158,0.6319,0.3681,Soiling/Dust,synthetic PV simulation; not hardware measurement
721.978,16.35,0.7033,8.1204,64.294,16.2979,0.6153,0.3847,Soiling/Dust,synthetic PV simulation; not hardware measurement
868.2,16.5174,0.7538,8.6698,18.679,18.4394,0.4939,0.5061,Soiling/Dust,synthetic PV simulation; not hardware measurement
944.165,17.8827,0.8006,12.3706,36.396,17.6561,0.6706,0.3294,Soiling/Dust,synthetic PV simulation; not hardware measurement
605.576,18.5076,0.5138,8.8567,22.292,18.1508,0.7336,0.2664,Soiling/Dust,synthetic PV simulation; not hardware measurement
499.338,16.5906,0.4893,6.7755,22.871,18.057,0.684,0.316,Soiling/Dust,synthetic PV simulation; not hardware measurement
919.78,18.7416,0.9503,13.8271,25.49,18.1528,0.7528,0.2472,Soiling/Dust,synthetic PV simulation; not hardware measurement
617.973,17.8804,0.6104,10.1072,31.055,17.7597,0.8349,0.1651,Soiling/Dust,synthetic PV simulation; not hardware measurement
555.009,17.5158,0.5105,8.0626,55.845,16.586,0.7839,0.2161,Soiling/Dust,synthetic PV simulation; not hardware measurement
930.885,16.9287,0.8371,10.7779,63.422,16.4309,0.6287,0.3713,Soiling/Dust,synthetic PV simulation; not hardware measurement
736.762,16.1968,0.694,7.7849,41.103,17.3625,0.5489,0.4511,Soiling/Dust,synthetic PV simulation; not hardware measurement
874.346,16.9835,0.9496,12.7074,56.596,16.7162,0.7781,0.2219,Soiling/Dust,synthetic PV simulation; not hardware measurement
700.9,16.7787,0.6139,7.545,41.086,17.343,0.5597,0.4403,Soiling/Dust,synthetic PV simulation; not hardware measurement
621.63,17.4043,0.4634,6.6705,42.993,17.218,0.5616,0.4384,Soiling/Dust,synthetic PV simulation; not hardware measurement
956.641,15.9111,0.9675,10.3414,37.553,17.6088,0.5545,0.4455,Soiling/Dust,synthetic PV simulation; not hardware measurement
467.194,14.8169,0.4608,4.8858,54.861,16.571,0.5651,0.4349,Soiling/Dust,synthetic PV simulation; not hardware measurement
678.055,16.0595,0.6259,7.0709,64.187,16.2773,0.5711,0.4289,Soiling/Dust,synthetic PV simulation; not hardware measurement
732.987,16.7688,0.6398,7.6365,37.347,17.5316,0.537,0.463,Soiling/Dust,synthetic PV simulation; not hardware measurement
474.265,16.8862,0.4228,5.4019,12.761,18.4971,0.5633,0.4367,Soiling/Dust,synthetic PV simulation; not hardware measurement
740.567,18.0424,0.7528,9.8511,39.258,17.4487,0.6882,0.3118,Soiling/Dust,synthetic PV simulation; not hardware measurement
874.402,17.6388,0.7318,11.3134,29.08,17.9688,0.6533,0.3467,Soiling/Dust,synthetic PV simulation; not hardware measurement
445.189,16.109,0.4626,4.9851,54.931,16.5583,0.6058,0.3942,Soiling/Dust,synthetic PV simulation; not hardware measurement
1049.429,17.0677,0.9972,15.5223,49.52,17.1019,0.7768,0.2232,Soiling/Dust,synthetic PV simulation; not hardware measurement
654.984,15.5183,0.5715,7.9709,49.366,16.9383,0.6451,0.3549,Soiling/Dust,synthetic PV simulation; not hardware measurement
490.883,17.3965,0.3747,6.3052,26.794,17.8712,0.6529,0.3471,Soiling/Dust,synthetic PV simulation; not hardware measurement
636.069,14.9499,0.6271,7.0174,55.619,16.6518,0.5933,0.4067,Soiling/Dust,synthetic PV simulation; not hardware measurement
910.945,17.0354,0.8838,12.8366,47.172,17.1619,0.7384,0.2616,Soiling/Dust,synthetic PV simulation; not hardware measurement
761.348,16.3657,0.5917,6.7755,20.384,18.3197,0.4428,0.5572,Soiling/Dust,synthetic PV simulation; not hardware measurement
672.172,18.6613,0.6614,9.4182,34.09,17.6447,0.7185,0.2815,Soiling/Dust,synthetic PV simulation; not hardware measurement
842.021,18.4418,0.7271,11.6772,27.343,18.0326,0.6983,0.3017,Soiling/Dust,synthetic PV simulation; not hardware measurement
914.354,17.201,0.8729,10.5478,53.668,16.8677,0.6131,0.3869,Soiling/Dust,synthetic PV simulation; not hardware measurement
695.271,15.6568,0.7828,8.7253,39.081,17.4311,0.6499,0.3501,Soiling/Dust,synthetic PV simulation; not hardware measurement
828.422,16.1405,0.7163,10.7797,60.278,16.5267,0.7033,0.2967,Soiling/Dust,synthetic PV simulation; not hardware measurement
999.585,17.9545,0.86,13.5466,32.042,17.8773,0.6867,0.3133,Soiling/Dust,synthetic PV simulation; not hardware measurement
812.117,17.0593,0.795,12.4699,26.326,18.0641,0.7721,0.2279,Soiling/Dust,synthetic PV simulation; not hardware measurement
921.421,17.1141,0.7314,11.2209,34.615,17.7381,0.6213,0.3787,Soiling/Dust,synthetic PV simulation; not hardware measurement
1009.501,15.626,0.7985,8.5812,46.687,17.2151,0.444,0.556,Soiling/Dust,synthetic PV simulation; not hardware measurement
713.289,16.8657,0.6787,8.647,38.038,17.489,0.6261,0.3739,Soiling/Dust,synthetic PV simulation; not hardware measurement
516.722,17.4231,0.4471,6.5896,31.756,17.6658,0.6542,0.3458,Soiling/Dust,synthetic PV simulation; not hardware measurement
519.296,18.2676,0.484,8.4492,22.25,18.0902,0.8185,0.1815,Soiling/Dust,synthetic PV simulation; not hardware measurement
754.959,16.0847,0.7478,9.096,62.024,16.4195,0.655,0.345,Soiling/Dust,synthetic PV simulation; not hardware measurement
934.793,17.0038,0.8674,12.9638,44.511,17.2935,0.7222,0.2778,Soiling/Dust,synthetic PV simulation; not hardware measurement
1018.06,17.6097,0.9368,11.8667,39.336,17.553,0.5994,0.4006,Soiling/Dust,synthetic PV simulation; not hardware measurement
734.563,15.3686,0.6942,8.7197,57.117,16.6319,0.6386,0.3614,Soiling/Dust,synthetic PV simulation; not hardware measurement
443.996,17.503,0.4888,6.3334,48.338,16.8581,0.7605,0.2395,Soiling/Dust,synthetic PV simulation; not hardware measurement
1007.934,17.1428,0.8564,11.967,59.476,16.6326,0.6379,0.3621,Soiling/Dust,synthetic PV simulation; not hardware measurement
444.319,17.8333,0.4694,5.4715,20.478,18.1186,0.6192,0.3808,Soiling/Dust,synthetic PV simulation; not hardware measurement
437.599,17.3197,0.3831,5.5785,41.635,17.1581,0.67,0.33,Soiling/Dust,synthetic PV simulation; not hardware measurement
780.514,16.7546,0.7306,9.3287,38.021,17.5156,0.6161,0.3839,Soiling/Dust,synthetic PV simulation; not hardware measurement
876.648,16.7176,0.8878,12.2164,14.592,18.6294,0.6837,0.3163,Soiling/Dust,synthetic PV simulation; not hardware measurement
1009.728,17.4903,0.988,15.6797,46.44,17.2264,0.8107,0.1893,Soiling/Dust,synthetic PV simulation; not hardware measurement
836.802,15.3683,0.8911,11.8417,60.146,16.5367,0.7644,0.2356,Soiling/Dust,synthetic PV simulation; not hardware measurement
428.654,16.8837,0.4371,5.3717,48.514,16.8357,0.6689,0.3311,Soiling/Dust,synthetic PV simulation; not hardware measurement
725.85,15.8955,0.6505,7.8447,58.264,16.5748,0.5831,0.4169,Soiling/Dust,synthetic PV simulation; not hardware measurement
833.729,18.4072,0.6707,9.3181,17.518,18.4758,0.552,0.448,Soiling/Dust,synthetic PV simulation; not hardware measurement
761.219,15.2781,0.7298,9.7951,32.854,17.7516,0.6566,0.3434,Soiling/Dust,synthetic PV simulation; not hardware measurement
933.822,19.1823,0.9167,12.3102,17.711,18.5017,0.6499,0.3501,Soiling/Dust,synthetic PV simulation; not hardware measurement
781.175,15.551,0.7878,11.6315,47.813,17.0702,0.7838,0.2162,Soiling/Dust,synthetic PV simulation; not hardware measurement
455.885,17.1332,0.3744,5.1956,44.631,17.0275,0.6024,0.3976,Soiling/Dust,synthetic PV simulation; not hardware measurement
600.09,15.3875,0.5095,6.7112,59.472,16.4525,0.6075,0.3925,Soiling/Dust,synthetic PV simulation; not hardware measurement
627.528,15.7919,0.5002,5.4404,52.73,16.778,0.4634,0.5366,Soiling/Dust,synthetic PV simulation; not hardware measurement
693.825,14.9239,0.5722,7.1771,57.61,16.5862,0.5578,0.4422,Soiling/Dust,synthetic PV simulation; not hardware measurement
982.926,17.2066,0.9692,13.3274,31.767,17.883,0.6868,0.3132,Soiling/Dust,synthetic PV simulation; not hardware measurement
692.008,17.0509,0.5501,6.2248,18.003,18.3893,0.4462,0.5538,Soiling/Dust,synthetic PV simulation; not hardware measurement
884.276,18.0019,0.9657,16.0024,26.249,18.1023,0.9083,0.0917,Soiling/Dust,synthetic PV simulation; not hardware measurement
484.479,15.9101,0.4659,6.4588,43.574,17.1005,0.7022,0.2978,Soiling/Dust,synthetic PV simulation; not hardware measurement
473.317,16.1615,0.4792,5.6702,63.82,16.1677,0.6606,0.3394,Soiling/Dust,synthetic PV simulation; not hardware measurement
660.749,15.731,0.5616,8.0185,55.811,16.6483,0.6524,0.3476,Soiling/Dust,synthetic PV simulation; not hardware measurement
509.638,16.319,0.4794,6.7176,21.184,18.1423,0.6619,0.3381,Soiling/Dust,synthetic PV simulation; not hardware measurement
978.029,17.3281,0.9709,13.1568,32.858,17.8314,0.683,0.317,Soiling/Dust,synthetic PV simulation; not hardware measurement
1030.359,19.0541,0.7997,14.5792,19.922,18.441,0.6993,0.3007,Soiling/Dust,synthetic PV simulation; not hardware measurement
549.091,15.5272,0.4454,5.6136,37.823,17.4031,0.5305,0.4695,Soiling/Dust,synthetic PV simulation; not hardware measurement
875.461,16.2953,0.7706,10.419,48.264,17.096,0.6256,0.3744,Soiling/Dust,synthetic PV simulation; not hardware measurement
895.83,16.914,0.8948,12.5822,18.677,18.4522,0.6943,0.3057,Soiling/Dust,synthetic PV simulation; not hardware measurement
540.609,17.7637,0.4911,7.5458,27.768,17.8551,0.7095,0.2905,Soiling/Dust,synthetic PV simulation; not hardware measurement
812.861,17.8919,0.5847,8.7538,37.702,17.5466,0.5543,0.4457,Soiling/Dust,synthetic PV simulation; not hardware measurement
442.44,16.5244,0.4429,5.3948,12.741,18.4698,0.6038,0.3962,Soiling/Dust,synthetic PV simulation; not hardware measurement
948.518,16.9956,0.7489,10.2358,40.715,17.4615,0.5573,0.4427,Soiling/Dust,synthetic PV simulation; not hardware measurement
512.728,15.0169,0.5093,6.0627,54.147,16.6414,0.6367,0.3633,Soiling/Dust,synthetic PV simulation; not hardware measurement
1046.668,16.8338,1.0938,14.6099,12.89,18.7674,0.6803,0.3197,Soiling/Dust,synthetic PV simulation; not hardware measurement
601.333,15.7567,0.5282,7.7739,61.048,16.3815,0.7047,0.2953,Soiling/Dust,synthetic PV simulation; not hardware measurement
509.533,18.1328,0.509,8.4426,27.499,17.8542,0.8428,0.1572,Soiling/Dust,synthetic PV simulation; not hardware measurement
527.033,18.4756,0.4509,5.5676,26.763,17.8905,0.5362,0.4638,Soiling/Dust,synthetic PV simulation; not hardware measurement
917.97,17.9972,0.7451,11.8395,31.156,17.8941,0.6534,0.3466,Soiling/Dust,synthetic PV simulation; not hardware measurement
656.32,16.5383,0.579,7.85,48.141,16.9949,0.6323,0.3677,Soiling/Dust,synthetic PV simulation; not hardware measurement
480.954,17.1583,0.5045,6.4772,39.636,17.2772,0.7035,0.2965,Soiling/Dust,synthetic PV simulation; not hardware measurement
829.852,17.1382,0.8965,10.6156,38.692,17.51,0.6596,0.3404,Soiling/Dust,synthetic PV simulation; not hardware measurement
788.045,16.1316,0.8099,9.1909,53.627,16.8091,0.6217,0.3783,Soiling/Dust,synthetic PV simulation; not hardware measurement
447.039,19.0007,0.4255,6.3049,26.311,17.8551,0.7175,0.2825,Soiling/Dust,synthetic PV simulation; not hardware measurement
1017.411,17.1136,0.9863,12.7135,16.508,18.5913,0.6136,0.3864,Soiling/Dust,synthetic PV simulation; not hardware measurement
485.083,16.9836,0.4937,6.5786,22.043,18.083,0.6829,0.3171,Soiling/Dust,synthetic PV simulation; not hardware measurement
753.76,15.3243,0.7857,11.6036,56.047,16.6911,0.8258,0.1742,Soiling/Dust,synthetic PV simulation; not hardware measurement
970.383,14.64,0.995,11.1407,64.776,16.3761,0.6248,0.3752,Soiling/Dust,synthetic PV simulation; not hardware measurement
1030.871,17.6319,1.0114,15.3176,34.652,17.7711,0.7564,0.2436,Soiling/Dust,synthetic PV simulation; not hardware measurement
493.522,15.9834,0.5099,5.8564,48.62,16.8779,0.6317,0.3683,Soiling/Dust,synthetic PV simulation; not hardware measurement
655.015,15.6234,0.5939,8.2316,57.673,16.56,0.6786,0.3214,Soiling/Dust,synthetic PV simulation; not hardware measurement
948.344,16.1427,0.9348,12.4392,29.305,17.9805,0.6616,0.3384,Soiling/Dust,synthetic PV simulation; not hardware measurement
825.884,17.8584,0.68,8.7421,20.322,18.3443,0.5258,0.4742,Soiling/Dust,synthetic PV simulation; not hardware measurement
667.855,17.581,0.6825,8.0911,46.667,17.0692,0.6382,0.3618,Soiling/Dust,synthetic PV simulation; not hardware measurement
983.97,14.8671,1.042,13.7676,53.113,16.9124,0.7416,0.2584,Soiling/Dust,synthetic PV simulation; not hardware measurement
546.227,18.1723,0.4685,7.545,16.383,18.3782,0.6861,0.3139,Soiling/Dust,synthetic PV simulation; not hardware measurement
571.5,16.4656,0.5505,6.794,33.342,17.6236,0.6106,0.3894,Soiling/Dust,synthetic PV simulation; not hardware measurement
536.727,18.0385,0.5299,8.3261,39.396,17.3221,0.8081,0.1919,Soiling/Dust,synthetic PV simulation; not hardware measurement
615.158,16.2538,0.5366,7.4733,17.952,18.355,0.604,0.396,Soiling/Dust,synthetic PV simulation; not hardware measurement
471.651,15.8618,0.3975,5.395,45.617,16.9964,0.6055,0.3945,Soiling/Dust,synthetic PV simulation; not hardware measurement
857.738,17.3719,0.7673,9.7693,30.153,17.9121,0.5766,0.4234,Soiling/Dust,synthetic PV simulation; not hardware measurement
494.706,18.1742,0.4983,7.4358,12.193,18.5402,0.7419,0.2581,Soiling/Dust,synthetic PV simulation; not hardware measurement
716.287,16.141,0.7345,8.0195,44.935,17.1765,0.5867,0.4133,Soiling/Dust,synthetic PV simulation; not hardware measurement
437.812,16.2757,0.4754,7.0275,12.299,18.4856,0.7943,0.2057,Soiling/Dust,synthetic PV simulation; not hardware measurement
847.229,17.2432,0.7871,11.7458,22.278,18.2656,0.6909,0.3091,Soiling/Dust,synthetic PV simulation; not hardware measurement
690.35,17.0858,0.5869,7.0778,26.022,18.023,0.5169,0.4831,Soiling/Dust,synthetic PV simulation; not hardware measurement
973.793,16.8025,0.9085,14.4359,57.842,16.693,0.7941,0.2059,Soiling/Dust,synthetic PV simulation; not hardware measurement
542.994,17.6142,0.5082,8.582,50.189,16.8349,0.8426,0.1574,Soiling/Dust,synthetic PV simulation; not hardware measurement
432.337,17.6616,0.4748,5.9249,26.416,17.8367,0.6978,0.3022,Soiling/Dust,synthetic PV simulation; not hardware measurement
457.546,15.7475,0.4093,4.9014,23.643,17.9862,0.5418,0.4582,Soiling/Dust,synthetic PV simulation; not hardware measurement
1000.659,17.0859,1.0386,12.8409,42.121,17.4193,0.664,0.336,Soiling/Dust,synthetic PV simulation; not hardware measurement
420.75,16.7699,0.4124,5.57,19.719,18.1422,0.6653,0.3347,Soiling/Dust,synthetic PV simulation; not hardware measurement
756.764,15.6937,0.7989,11.7967,42.998,17.2871,0.8126,0.1874,Soiling/Dust,synthetic PV simulation; not hardware measurement
1015.98,14.9412,0.8719,9.1964,52.935,16.9335,0.4792,0.5208,Soiling/Dust,synthetic PV simulation; not hardware measurement
799.604,15.928,0.7184,9.2646,51.691,16.9031,0.6148,0.3852,Soiling/Dust,synthetic PV simulation; not hardware measurement
1003.258,17.1163,0.9947,13.4804,59.711,16.62,0.7223,0.2777,Soiling/Dust,synthetic PV simulation; not hardware measurement
514.664,15.5388,0.5278,7.3765,43.911,17.1098,0.7545,0.2455,Soiling/Dust,synthetic PV simulation; not hardware measurement
775.928,16.8827,0.7076,11.4788,12.229,18.6873,0.7241,0.2759,Soiling/Dust,synthetic PV simulation; not hardware measurement
953.503,17.6983,0.9365,11.8195,27.269,18.0753,0.6226,0.3774,Soiling/Dust,synthetic PV simulation; not hardware measurement
1006.428,19.0591,0.9928,17.7557,12.307,18.778,0.8595,0.1405,Soiling/Dust,synthetic PV simulation; not hardware measurement
491.067,17.3067,0.4021,5.6876,41.811,17.1865,0.6075,0.3925,Soiling/Dust,synthetic PV simulation; not hardware measurement
980.059,17.9978,0.8986,11.2312,42.786,17.3805,0.594,0.406,Soiling/Dust,synthetic PV simulation; not hardware measurement
532.931,16.5784,0.4666,6.9393,38.252,17.3714,0.6767,0.3233,Soiling/Dust,synthetic PV simulation; not hardware measurement
454.538,15.0258,0.4063,5.3494,54.461,16.5882,0.6358,0.3642,Soiling/Dust,synthetic PV simulation; not hardware measurement
777.9,15.1381,0.6861,6.9344,62.261,16.4209,0.4846,0.5154,Soiling/Dust,synthetic PV simulation; not hardware measurement
883.269,16.3368,0.8618,9.697,54.858,16.7994,0.5854,0.4146,Soiling/Dust,synthetic PV simulation; not hardware measurement
813.98,16.4372,0.6613,8.2516,53.409,16.8322,0.5397,0.4603,Soiling/Dust,synthetic PV simulation; not hardware measurement
814.835,15.7468,0.7347,10.4235,51.41,16.9236,0.6781,0.3219,Soiling/Dust,synthetic PV simulation; not hardware measurement
673.232,14.7343,0.5663,6.988,61.14,16.4132,0.5646,0.4354,Soiling/Dust,synthetic PV simulation; not hardware measurement
773.896,16.9201,0.7873,11.4618,53.283,16.8278,0.7892,0.2108,Soiling/Dust,synthetic PV simulation; not hardware measurement
1000.4,17.5332,0.7673,10.2738,36.127,17.6919,0.5247,0.4753,Soiling/Dust,synthetic PV simulation; not hardware measurement
635.011,16.8148,0.6097,7.4673,53.648,16.741,0.6297,0.3703,Soiling/Dust,synthetic PV simulation; not hardware measurement
791.435,16.2295,0.7544,9.4352,42.155,17.3331,0.6198,0.3802,Soiling/Dust,synthetic PV simulation; not hardware measurement
693.552,16.7273,0.663,10.5166,58.478,16.5465,0.8193,0.1807,Soiling/Dust,synthetic PV simulation; not hardware measurement
895.843,15.8229,0.7529,8.4852,52.317,16.9209,0.5021,0.4979,Soiling/Dust,synthetic PV simulation; not hardware measurement
901.471,18.2488,0.7303,9.9045,30.462,17.9183,0.556,0.444,Soiling/Dust,synthetic PV simulation; not hardware measurement
521.043,16.7651,0.4351,5.6391,33.211,17.6028,0.5568,0.4432,Soiling/Dust,synthetic PV simulation; not hardware measurement
979.218,14.8195,0.8954,9.6956,54.938,16.8274,0.5269,0.4731,Soiling/Dust,synthetic PV simulation; not hardware measurement
654.033,15.9587,0.5829,6.8028,47.628,17.0169,0.5493,0.4507,Soiling/Dust,synthetic PV simulation; not hardware measurement
921.057,18.9801,0.8386,14.7489,12.57,18.7415,0.7818,0.2182,Soiling/Dust,synthetic PV simulation; not hardware measurement
1037.134,15.7896,0.9079,10.6818,64.882,16.3983,0.5598,0.4402,Soiling/Dust,synthetic PV simulation; not hardware measurement
512.863,17.0171,0.4946,6.0526,41.523,17.2172,0.6181,0.3819,Soiling/Dust,synthetic PV simulation; not hardware measurement
1015.48,16.2757,0.8827,11.3793,24.566,18.2239,0.5591,0.4409,Soiling/Dust,synthetic PV simulation; not hardware measurement
740.12,17.8519,0.584,8.975,33.869,17.6939,0.6204,0.3796,Soiling/Dust,synthetic PV simulation; not hardware measurement
801.31,17.0592,0.8035,11.9433,24.961,18.1209,0.7476,0.2524,Soiling/Dust,synthetic PV simulation; not hardware measurement
541.402,17.1266,0.5318,8.2893,49.621,16.8596,0.8153,0.1847,Soiling/Dust,synthetic PV simulation; not hardware measurement
918.743,16.5719,0.9885,11.8059,59.719,16.5942,0.6921,0.3079,Soiling/Dust,synthetic PV simulation; not hardware measurement
1024.431,17.8935,1.0249,17.2722,38.68,17.5853,0.8657,0.1343,Soiling/Dust,synthetic PV simulation; not hardware measurement
742.776,17.225,0.6409,10.1042,14.831,18.5626,0.6698,0.3302,Soiling/Dust,synthetic PV simulation; not hardware measurement
547.197,18.2557,0.5516,8.0548,26.179,17.9324,0.7457,0.2543,Soiling/Dust,synthetic PV simulation; not hardware measurement
505.625,17.4427,0.4194,5.324,30.046,17.7349,0.5385,0.4615,Soiling/Dust,synthetic PV simulation; not hardware measurement
790.769,15.8432,0.7274,8.4066,49.627,16.9926,0.5617,0.4383,Soiling/Dust,synthetic PV simulation; not hardware measurement
819.385,16.9216,0.8367,11.3561,34.629,17.6898,0.7087,0.2913,Soiling/Dust,synthetic PV simulation; not hardware measurement
585.155,17.0307,0.6155,8.0911,12.304,18.5921,0.6805,0.3195,Soiling/Dust,synthetic PV simulation; not hardware measurement
728.086,17.2656,0.643,10.1377,50.256,16.9408,0.7379,0.2621,Soiling/Dust,synthetic PV simulation; not hardware measurement
546.383,15.7128,0.5785,6.9984,40.853,17.263,0.6691,0.3309,Soiling/Dust,synthetic PV simulation; not hardware measurement
1020.621,16.251,1.1923,15.3774,44.935,17.2992,0.7839,0.2161,Soiling/Dust,synthetic PV simulation; not hardware measurement
560.683,15.9646,0.5624,5.9957,49.122,16.8966,0.5684,0.4316,Soiling/Dust,synthetic PV simulation; not hardware measurement
555.415,17.8976,0.6055,8.7556,33.275,17.615,0.8101,0.1899,Soiling/Dust,synthetic PV simulation; not hardware measurement
1007.82,18.2837,0.7983,12.8255,36.698,17.6689,0.6509,0.3491,Soiling/Dust,synthetic PV simulation; not hardware measurement
524.966,16.9173,0.492,7.0845,60.855,16.3451,0.7375,0.2625,Soiling/Dust,synthetic PV simulation; not hardware measurement
711.145,16.4123,0.7923,9.6606,33.695,17.6856,0.6953,0.3047,Soiling/Dust,synthetic PV simulation; not hardware measurement
573.136,14.5878,0.5597,6.4337,61.452,16.3436,0.6131,0.3869,Soiling/Dust,synthetic PV simulation; not hardware measurement
667.723,16.2542,0.573,7.9545,60.126,16.456,0.6466,0.3534,Soiling/Dust,synthetic PV simulation; not hardware measurement
924.836,16.989,0.8958,11.5593,15.572,18.6065,0.6137,0.3863,Soiling/Dust,synthetic PV simulation; not hardware measurement
587.682,18.1551,0.5309,7.3315,32.741,17.6624,0.6397,0.3603,Soiling/Dust,synthetic PV simulation; not hardware measurement
970.322,15.1153,0.8234,8.6216,48.319,17.1248,0.4662,0.5338,Soiling/Dust,synthetic PV simulation; not hardware measurement
445.672,16.8643,0.412,6.3074,34.585,17.4765,0.7325,0.2675,Soiling/Dust,synthetic PV simulation; not hardware measurement
553.836,17.7694,0.5396,8.8901,37.213,17.4344,0.8318,0.1682,Soiling/Dust,synthetic PV simulation; not hardware measurement
811.404,16.1549,0.7397,9.5161,47.262,17.1107,0.6161,0.3839,Soiling/Dust,synthetic PV simulation; not hardware measurement
764.261,17.7867,0.6179,8.6219,38.522,17.495,0.5824,0.4176,Soiling/Dust,synthetic PV simulation; not hardware measurement
747.222,17.2338,0.6909,11.1813,13.06,18.6457,0.7341,0.2659,Soiling/Dust,synthetic PV simulation; not hardware measurement
467.074,15.5693,0.4891,6.4024,51.742,16.7131,0.7356,0.2644,Soiling/Dust,synthetic PV simulation; not hardware measurement
477.434,16.901,0.4122,5.9265,24.14,17.9809,0.6279,0.3721,Soiling/Dust,synthetic PV simulation; not hardware measurement
878.194,15.9886,0.7138,9.9198,58.614,16.6261,0.6075,0.3925,Soiling/Dust,synthetic PV simulation; not hardware measurement
995.402,16.676,0.8597,10.3954,48.302,17.1359,0.5476,0.4524,Soiling/Dust,synthetic PV simulation; not hardware measurement
633.747,17.9487,0.4976,6.6347,15.788,18.4544,0.518,0.482,Soiling/Dust,synthetic PV simulation; not hardware measurement
692.836,16.2049,0.6409,7.1778,32.148,17.7455,0.5288,0.4712,Soiling/Dust,synthetic PV simulation; not hardware measurement
955.35,15.2091,0.7489,8.7764,63.042,16.4486,0.4981,0.5019,Soiling/Dust,synthetic PV simulation; not hardware measurement
1018.452,15.6512,1.0424,12.8943,38.087,17.6099,0.6493,0.3507,Soiling/Dust,synthetic PV simulation; not hardware measurement
816.024,17.1587,0.8302,12.5581,51.953,16.8995,0.8167,0.1833,Soiling/Dust,synthetic PV simulation; not hardware measurement
715.098,15.7534,0.7057,8.5717,43.463,17.2429,0.6262,0.3738,Soiling/Dust,synthetic PV simulation; not hardware measurement
1004.532,17.2979,1.0748,14.5759,32.531,17.8571,0.7359,0.2641,Soiling/Dust,synthetic PV simulation; not hardware measurement
676.411,15.2877,0.7183,8.1867,38.196,17.4602,0.6259,0.3741,Soiling/Dust,synthetic PV simulation; not hardware measurement
903.627,17.4337,0.773,9.5345,23.26,18.2471,0.5262,0.4738,Soiling/Dust,synthetic PV simulation; not hardware measurement
757.633,15.2077,0.8204,11.9016,51.906,16.8818,0.8349,0.1651,Soiling/Dust,synthetic PV simulation; not hardware measurement
564.512,16.9238,0.6133,9.0904,44.27,17.1205,0.8468,0.1532,Soiling/Dust,synthetic PV simulation; not hardware measurement
987.799,16.6694,1.0185,15.254,41.184,17.4566,0.7976,0.2024,Soiling/Dust,synthetic PV simulation; not hardware measurement
811.866,15.5341,0.8948,13.2289,59.02,16.5757,0.8785,0.1215,Soiling/Dust,synthetic PV simulation; not hardware measurement
1038.097,16.522,1.0934,16.0468,46.321,17.2431,0.8064,0.1936,Soiling/Dust,synthetic PV simulation; not hardware measurement
852.067,17.6017,0.6665,8.7962,47.673,17.1119,0.5423,0.4577,Soiling/Dust,synthetic PV simulation; not hardware measurement
821.864,17.606,0.9057,12.7105,19.246,18.3913,0.7666,0.2334,Soiling/Dust,synthetic PV simulation; not hardware measurement
965.17,19.0049,1.0199,16.1913,17.369,18.5307,0.826,0.174,Soiling/Dust,synthetic PV simulation; not hardware measurement
707.921,14.5286,0.5649,6.9191,60.687,16.4543,0.5305,0.4695,Soiling/Dust,synthetic PV simulation; not hardware measurement
980.547,17.0513,0.8651,12.8289,56.918,16.7378,0.6993,0.3007,Soiling/Dust,synthetic PV simulation; not hardware measurement
771.686,17.811,0.6772,11.252,24.154,18.1423,0.7307,0.2693,Soiling/Dust,synthetic PV simulation; not hardware measurement
762.272,17.8545,0.8136,11.9736,16.989,18.4635,0.7763,0.2237,Soiling/Dust,synthetic PV simulation; not hardware measurement
986.281,15.4484,0.8255,10.4982,45.119,17.277,0.5544,0.4456,Soiling/Dust,synthetic PV simulation; not hardware measurement
1043.848,16.7174,0.8525,10.6304,16.218,18.6149,0.4995,0.5005,Soiling/Dust,synthetic PV simulation; not hardware measurement
889.197,15.2641,0.9552,11.3657,50.777,16.9879,0.6754,0.3246,Soiling/Dust,synthetic PV simulation; not hardware measurement
1003.494,16.556,0.9301,14.5941,31.113,17.9212,0.7354,0.2646,Soiling/Dust,synthetic PV simulation; not hardware measurement
696.749,16.4383,0.6075,9.206,59.295,16.5112,0.7151,0.2849,Soiling/Dust,synthetic PV simulation; not hardware measurement
1024.237,15.6937,0.8657,12.3472,34.253,17.7866,0.6133,0.3867,Soiling/Dust,synthetic PV simulation; not hardware measurement
636.765,16.9725,0.561,6.8201,24.166,18.0747,0.5388,0.4612,Soiling/Dust,synthetic PV simulation; not hardware measurement
661.512,17.9427,0.5679,8.1626,23.031,18.1419,0.6188,0.3812,Soiling/Dust,synthetic PV simulation; not hardware measurement
795.595,17.6754,0.8386,13.4489,48.034,17.0676,0.8899,0.1101,Soiling/Dust,synthetic PV simulation; not hardware measurement
594.88,14.781,0.5346,7.2029,48.678,16.9409,0.6421,0.3579,Soiling/Dust,synthetic PV simulation; not hardware measurement
736.875,15.8076,0.6289,7.4137,63.917,16.3234,0.5497,0.4503,Soiling/Dust,synthetic PV simulation; not hardware measurement
534.56,16.9396,0.5598,6.7706,28.074,17.8365,0.6444,0.3556,Soiling/Dust,synthetic PV simulation; not hardware measurement
819.646,16.2566,0.8661,9.6277,53.899,16.8127,0.626,0.374,Soiling/Dust,synthetic PV simulation; not hardware measurement
955.01,19.2217,1.008,13.6222,14.751,18.6455,0.6989,0.3011,Soiling/Dust,synthetic PV simulation; not hardware measurement
887.59,17.1225,0.9897,13.3513,53.644,16.8567,0.7999,0.2001,Soiling/Dust,synthetic PV simulation; not hardware measurement
598.652,14.5286,0.6398,8.0478,55.068,16.6522,0.723,0.277,Soiling/Dust,synthetic PV simulation; not hardware measurement
1005.559,18.6084,0.9202,11.5384,14.05,18.6983,0.5609,0.4391,Soiling/Dust,synthetic PV simulation; not hardware measurement
674.765,15.8052,0.6652,9.5923,45.734,17.1159,0.7472,0.2528,Soiling/Dust,synthetic PV simulation; not hardware measurement
759.105,18.4304,0.7938,10.2463,23.894,18.1586,0.6763,0.3237,Soiling/Dust,synthetic PV simulation; not hardware measurement
445.654,14.8881,0.459,4.893,55.676,16.5247,0.595,0.405,Soiling/Dust,synthetic PV simulation; not hardware measurement
428.356,17.258,0.432,6.8206,15.264,18.3415,0.7929,0.2071,Soiling/Dust,synthetic PV simulation; not hardware measurement
549.076,15.6982,0.5811,8.6444,47.525,16.9609,0.8342,0.1658,Soiling/Dust,synthetic PV simulation; not hardware measurement
843.263,17.8913,0.6962,10.7754,36.53,17.6149,0.6557,0.3443,Soiling/Dust,synthetic PV simulation; not hardware measurement
429.312,17.0523,0.3491,4.3248,53.433,16.6119,0.5436,0.4564,Soiling/Dust,synthetic PV simulation; not hardware measurement
830.276,17.1433,0.6904,7.7264,35.417,17.6593,0.4765,0.5235,Soiling/Dust,synthetic PV simulation; not hardware measurement
532.595,16.5675,0.5387,7.5183,61.073,16.341,0.7715,0.2285,Soiling/Dust,synthetic PV simulation; not hardware measurement
762.997,15.8337,0.8275,10.145,38.019,17.5173,0.6857,0.3143,Soiling/Dust,synthetic PV simulation; not hardware measurement
856.006,18.043,0.8241,11.6905,35.793,17.6546,0.6995,0.3005,Soiling/Dust,synthetic PV simulation; not hardware measurement
523.113,18.0748,0.4362,7.3377,19.618,18.2131,0.7018,0.2982,Soiling/Dust,synthetic PV simulation; not hardware measurement
623.146,18.0266,0.4928,6.6558,17.364,18.3871,0.5303,0.4697,Soiling/Dust,synthetic PV simulation; not hardware measurement
909.723,18.0027,0.7471,11.5056,13.421,18.6977,0.6186,0.3814,Soiling/Dust,synthetic PV simulation; not hardware measurement
991.306,16.6941,1.0862,17.3842,26.2,18.1398,0.8782,0.1218,Soiling/Dust,synthetic PV simulation; not hardware measurement
881.129,15.1561,0.6967,8.4771,51.532,16.9499,0.5093,0.4907,Soiling/Dust,synthetic PV simulation; not hardware measurement
681.688,15.4441,0.6037,7.2952,43.739,17.2109,0.5599,0.4401,Soiling/Dust,synthetic PV simulation; not hardware measurement
433.738,16.7749,0.4047,4.5816,58.883,16.3673,0.577,0.423,Soiling/Dust,synthetic PV simulation; not hardware measurement
643.135,18.1655,0.5538,8.2078,26.725,17.9622,0.6452,0.3548,Soiling/Dust,synthetic PV simulation; not hardware measurement
639.776,18.7576,0.5579,8.19,28.193,17.8932,0.6492,0.3508,Soiling/Dust,synthetic PV simulation; not hardware measurement
651.164,16.9154,0.5552,8.1989,50.882,16.8669,0.6698,0.3302,Soiling/Dust,synthetic PV simulation; not hardware measurement
493.972,15.766,0.4602,6.4077,42.078,17.1767,0.6808,0.3192,Soiling/Dust,synthetic PV simulation; not hardware measurement
432.739,15.3346,0.361,3.8735,43.945,17.0481,0.4729,0.5271,Soiling/Dust,synthetic PV simulation; not hardware measurement
511.866,17.7727,0.5351,7.9653,13.812,18.4689,0.77,0.23,Soiling/Dust,synthetic PV simulation; not hardware measurement
1027.603,16.0414,0.7812,10.3765,47.838,17.1699,0.5286,0.4714,Soiling/Dust,synthetic PV simulation; not hardware measurement
507.545,15.2086,0.4317,5.3815,43.885,17.1053,0.5583,0.4417,Soiling/Dust,synthetic PV simulation; not hardware measurement
926.646,18.8184,0.7633,10.8007,23.405,18.2507,0.5812,0.4188,Soiling/Dust,synthetic PV simulation; not hardware measurement
721.151,15.899,0.8161,10.2663,51.477,16.8813,0.7566,0.2434,Soiling/Dust,synthetic PV simulation; not hardware measurement
551.191,19.029,0.4916,7.5079,17.399,18.3355,0.6779,0.3221,Soiling/Dust,synthetic PV simulation; not hardware measurement
429.872,15.5265,0.3763,4.9288,54.04,16.5847,0.6196,0.3804,Soiling/Dust,synthetic PV simulation; not hardware measurement
853.694,15.8362,0.8543,9.5215,61.665,16.4757,0.6043,0.3957,Soiling/Dust,synthetic PV simulation; not hardware measurement
819.929,15.8017,0.7397,9.6081,57.507,16.6486,0.6295,0.3705,Soiling/Dust,synthetic PV simulation; not hardware measurement
556.055,16.402,0.6162,7.6217,17.305,18.3434,0.6819,0.3181,Soiling/Dust,synthetic PV simulation; not hardware measurement
728.766,16.4519,0.6591,7.9869,19.268,18.3527,0.5445,0.4555,Soiling/Dust,synthetic PV simulation; not hardware measurement
990.745,17.2058,1.0169,13.3263,55.933,16.7868,0.7172,0.2828,Soiling/Dust,synthetic PV simulation; not hardware measurement
609.771,17.687,0.5864,8.3011,26.197,17.9757,0.6882,0.3118,Soiling/Dust,synthetic PV simulation; not hardware measurement
698.411,17.5882,0.7364,10.7446,45.515,17.1398,0.8076,0.1924,Soiling/Dust,synthetic PV simulation; not hardware measurement
873.351,16.2846,0.8372,11.0791,35.853,17.66,0.6495,0.3505,Soiling/Dust,synthetic PV simulation; not hardware measurement
970.139,16.5101,0.9119,10.7474,27.33,18.0796,0.5563,0.4437,Soiling/Dust,synthetic PV simulation; not hardware measurement
626.893,16.1412,0.5354,7.4431,60.201,16.437,0.6454,0.3546,Soiling/Dust,synthetic PV simulation; not hardware measurement
869.017,15.3579,0.8534,11.5678,51.852,16.9297,0.7053,0.2947,Soiling/Dust,synthetic PV simulation; not hardware measurement
781.278,17.0972,0.8604,10.415,33.091,17.7405,0.6802,0.3198,Soiling/Dust,synthetic PV simulation; not hardware measurement
832.209,15.3275,0.774,8.3023,60.957,16.4976,0.54,0.46,Soiling/Dust,synthetic PV simulation; not hardware measurement
504.561,15.2287,0.5177,5.741,63.197,16.2221,0.6257,0.3743,Soiling/Dust,synthetic PV simulation; not hardware measurement
627.0,15.5746,0.5156,7.4193,47.289,17.0256,0.625,0.375,Soiling/Dust,synthetic PV simulation; not hardware measurement
888.003,18.0561,0.9248,14.3941,18.646,18.4501,0.8013,0.1987,Soiling/Dust,synthetic PV simulation; not hardware measurement
845.333,16.1,0.7035,10.1136,56.998,16.6842,0.6416,0.3584,Soiling/Dust,synthetic PV simulation; not hardware measurement
619.212,17.8627,0.5788,9.3702,28.401,17.8815,0.7682,0.2318,Soiling/Dust,synthetic PV simulation; not hardware measurement
815.359,16.1782,0.8283,11.0415,52.407,16.8785,0.7194,0.2806,Soiling/Dust,synthetic PV simulation; not hardware measurement
782.236,16.0857,0.815,9.1407,60.244,16.515,0.6323,0.3677,Soiling/Dust,synthetic PV simulation; not hardware measurement
565.67,19.3015,0.4869,7.127,15.289,18.4423,0.6241,0.3759,Soiling/Dust,synthetic PV simulation; not hardware measurement
626.067,17.4134,0.5693,7.1442,15.325,18.4705,0.5642,0.4358,Soiling/Dust,synthetic PV simulation; not hardware measurement
513.235,17.0109,0.5881,7.3409,20.925,18.1569,0.7178,0.2822,Soiling/Dust,synthetic PV simulation; not hardware measurement
916.319,17.4955,0.9781,15.7203,42.965,17.3558,0.8908,0.1092,Soiling/Dust,synthetic PV simulation; not hardware measurement
768.27,16.3197,0.6147,8.1123,39.848,17.4368,0.5466,0.4534,Soiling/Dust,synthetic PV simulation; not hardware measurement
429.629,16.5826,0.376,4.5847,34.965,17.455,0.5532,0.4468,Soiling/Dust,synthetic PV simulation; not hardware measurement
563.488,16.2707,0.5714,6.2524,58.697,16.4622,0.6025,0.3975,Soiling/Dust,synthetic PV simulation; not hardware measurement
787.009,17.8399,0.5972,7.4921,49.321,17.0046,0.5027,0.4973,Soiling/Dust,synthetic PV simulation; not hardware measurement
630.12,17.6387,0.5044,6.3553,47.396,17.0228,0.5328,0.4672,Soiling/Dust,synthetic PV simulation; not hardware measurement
975.731,17.4089,0.9811,12.516,30.915,17.9188,0.6487,0.3513,Soiling/Dust,synthetic PV simulation; not hardware measurement
759.355,17.4678,0.6931,9.8758,27.506,17.9942,0.6564,0.3436,Soiling/Dust,synthetic PV simulation; not hardware measurement
1014.945,16.2864,0.8858,12.0773,62.966,16.4767,0.6443,0.3557,Soiling/Dust,synthetic PV simulation; not hardware measurement
934.369,18.4538,0.9958,15.0248,12.913,18.7202,0.7854,0.2146,Soiling/Dust,synthetic PV simulation; not hardware measurement
472.225,17.3855,0.4309,5.0416,26.836,17.8535,0.5431,0.4569,Soiling/Dust,synthetic PV simulation; not hardware measurement
726.93,17.8085,0.6074,9.304,31.481,17.7954,0.6518,0.3482,Soiling/Dust,synthetic PV simulation; not hardware measurement
1015.473,16.4337,0.8257,10.6735,40.976,17.4773,0.5424,0.4576,Soiling/Dust,synthetic PV simulation; not hardware measurement
731.008,16.4803,0.5778,7.9364,43.575,17.2468,0.5671,0.4329,Soiling/Dust,synthetic PV simulation; not hardware measurement
533.436,14.8222,0.6098,7.7642,55.713,16.5861,0.7859,0.2141,Soiling/Dust,synthetic PV simulation; not hardware measurement
863.732,15.0273,0.8132,10.5034,59.559,16.5763,0.6556,0.3444,Soiling/Dust,synthetic PV simulation; not hardware measurement
1001.874,16.1124,0.8437,11.7315,29.052,18.0143,0.5897,0.4103,Soiling/Dust,synthetic PV simulation; not hardware measurement
700.993,18.6793,0.5996,9.9651,33.677,17.6806,0.7278,0.2722,Soiling/Dust,synthetic PV simulation; not hardware measurement
632.301,18.5847,0.6837,8.7685,17.208,18.3888,0.6881,0.3119,Soiling/Dust,synthetic PV simulation; not hardware measurement
583.741,15.5879,0.5682,5.9827,51.161,16.8201,0.5467,0.4533,Soiling/Dust,synthetic PV simulation; not hardware measurement
553.157,18.0542,0.5705,9.1075,37.199,17.4345,0.8532,0.1468,Soiling/Dust,synthetic PV simulation; not hardware measurement
793.693,17.9532,0.6002,7.8954,12.755,18.6726,0.4872,0.5128,Soiling/Dust,synthetic PV simulation; not hardware measurement
532.075,15.0065,0.4473,4.9434,48.863,16.8975,0.4941,0.5059,Soiling/Dust,synthetic PV simulation; not hardware measurement
729.122,17.9227,0.7139,11.7128,26.75,18.0121,0.8102,0.1898,Soiling/Dust,synthetic PV simulation; not hardware measurement
1009.254,17.4952,0.845,10.358,19.895,18.4339,0.5074,0.4926,Soiling/Dust,synthetic PV simulation; not hardware measurement
932.56,14.9161,0.987,12.5574,52.093,16.9474,0.7129,0.2871,Soiling/Dust,synthetic PV simulation; not hardware measurement
780.055,17.4246,0.7879,9.7003,44.54,17.2186,0.65,0.35,Soiling/Dust,synthetic PV simulation; not hardware measurement
949.46,16.6147,0.7653,10.3467,43.164,17.3505,0.5657,0.4343,Soiling/Dust,synthetic PV simulation; not hardware measurement
972.765,17.918,0.9502,13.825,22.406,18.3047,0.7066,0.2934,Soiling/Dust,synthetic PV simulation; not hardware measurement
453.377,16.4888,0.438,5.7914,34.096,17.5058,0.6602,0.3398,Soiling/Dust,synthetic PV simulation; not hardware measurement
964.044,18.9825,1.0177,13.9881,27.699,18.0602,0.7292,0.2708,Soiling/Dust,synthetic PV simulation; not hardware measurement
915.19,17.7225,0.9236,15.1211,24.721,18.1858,0.8262,0.1738,Soiling/Dust,synthetic PV simulation; not hardware measurement
1003.69,18.9467,1.042,14.2386,19.403,18.4541,0.7007,0.2993,Soiling/Dust,synthetic PV simulation; not hardware measurement
672.176,16.4439,0.6816,8.9339,16.143,18.4622,0.6573,0.3427,Soiling/Dust,synthetic PV simulation; not hardware measurement
725.844,16.6624,0.6549,9.0065,32.53,17.747,0.6333,0.3667,Soiling/Dust,synthetic PV simulation; not hardware measurement
784.95,17.0069,0.7718,10.8497,15.491,18.5435,0.6807,0.3193,Soiling/Dust,synthetic PV simulation; not hardware measurement
988.041,15.3203,0.9771,13.6701,64.451,16.3982,0.7521,0.2479,Soiling/Dust,synthetic PV simulation; not hardware measurement
602.729,19.1205,0.532,9.0423,14.682,18.4958,0.7413,0.2587,Soiling/Dust,synthetic PV simulation; not hardware measurement
470.734,15.5357,0.4845,6.8418,52.311,16.6903,0.7808,0.2192,Soiling/Dust,synthetic PV simulation; not hardware measurement
433.624,15.7429,0.4845,5.4463,60.032,16.3148,0.6879,0.3121,Soiling/Dust,synthetic PV simulation; not hardware measurement
1006.691,16.6275,0.9907,12.7564,58.282,16.6864,0.679,0.321,Soiling/Dust,synthetic PV simulation; not hardware measurement
907.395,17.1171,0.7361,11.5769,25.828,18.1319,0.6395,0.3605,Soiling/Dust,synthetic PV simulation; not hardware measurement
619.134,16.7734,0.563,8.3288,48.157,16.9809,0.712,0.288,Soiling/Dust,synthetic PV simulation; not hardware measurement
981.477,15.995,1.0128,11.2157,47.865,17.1501,0.5988,0.4012,Soiling/Dust,synthetic PV simulation; not hardware measurement
852.832,15.5614,0.6666,7.3658,52.766,16.8804,0.4588,0.5412,Soiling/Dust,synthetic PV simulation; not hardware measurement
898.056,16.9904,0.8904,10.4171,35.66,17.6801,0.5934,0.4066,Soiling/Dust,synthetic PV simulation; not hardware measurement
802.165,16.5095,0.6584,9.5206,18.467,18.4169,0.5877,0.4123,Soiling/Dust,synthetic PV simulation; not hardware measurement
434.714,15.8313,0.4407,5.6327,15.779,18.324,0.6457,0.3543,Soiling/Dust,synthetic PV simulation; not hardware measurement
764.193,17.046,0.771,11.3363,33.877,17.7066,0.7585,0.2415,Soiling/Dust,synthetic PV simulation; not hardware measurement
833.082,16.0422,0.6443,9.5933,61.963,16.4522,0.6247,0.3753,Soiling/Dust,synthetic PV simulation; not hardware measurement
999.895,18.2459,0.8167,12.7022,16.933,18.5649,0.6245,0.3755,Soiling/Dust,synthetic PV simulation; not hardware measurement
539.232,17.9201,0.5416,7.1091,21.626,18.134,0.6619,0.3381,Soiling/Dust,synthetic PV simulation; not hardware measurement
836.476,17.3669,0.8643,12.5482,16.946,18.5032,0.74,0.26,Soiling/Dust,synthetic PV simulation; not hardware measurement
837.862,16.4433,0.8468,12.8042,64.309,16.3477,0.8334,0.1666,Soiling/Dust,synthetic PV simulation; not hardware measurement
791.541,17.1597,0.7448,9.4901,50.146,16.9694,0.6342,0.3658,Soiling/Dust,synthetic PV simulation; not hardware measurement
783.207,16.3124,0.7087,9.493,34.415,17.6812,0.6201,0.3799,Soiling/Dust,synthetic PV simulation; not hardware measurement
420.069,16.8786,0.3853,5.0779,29.953,17.6745,0.6203,0.3797,Soiling/Dust,synthetic PV simulation; not hardware measurement
715.486,18.0757,0.6432,10.0443,41.095,17.351,0.7297,0.2703,Soiling/Dust,synthetic PV simulation; not hardware measurement
731.522,18.8583,0.7923,14.4751,20.293,18.3076,0.9851,0.0149,Soiling/Dust,synthetic PV simulation; not hardware measurement
465.899,16.1399,0.4724,5.6736,50.751,16.7573,0.6521,0.3479,Soiling/Dust,synthetic PV simulation; not hardware measurement
797.149,16.3826,0.6834,8.6621,56.837,16.6677,0.5832,0.4168,Soiling/Dust,synthetic PV simulation; not hardware measurement
534.945,17.8154,0.4829,6.7777,13.644,18.4945,0.6262,0.3738,Soiling/Dust,synthetic PV simulation; not hardware measurement
811.442,16.9946,0.6188,7.5661,47.06,17.12,0.4896,0.5104,Soiling/Dust,synthetic PV simulation; not hardware measurement
495.816,16.9042,0.4662,6.2962,17.225,18.3116,0.633,0.367,Soiling/Dust,synthetic PV simulation; not hardware measurement
841.774,15.0969,0.7437,8.0147,64.137,16.3575,0.519,0.481,Soiling/Dust,synthetic PV simulation; not hardware measurement
507.042,15.9379,0.4514,6.1635,33.794,17.5651,0.6265,0.3735,Soiling/Dust,synthetic PV simulation; not hardware measurement
576.909,18.3586,0.5804,9.6896,14.741,18.4753,0.8308,0.1692,Soiling/Dust,synthetic PV simulation; not hardware measurement
585.991,16.7312,0.6028,9.2775,48.745,16.9317,0.84,0.16,Soiling/Dust,synthetic PV simulation; not hardware measurement
648.912,16.3458,0.5502,7.5353,64.34,16.2624,0.6368,0.3632,Soiling/Dust,synthetic PV simulation; not hardware measurement
493.38,17.5006,0.4674,7.0875,26.977,17.8649,0.7304,0.2696,Soiling/Dust,synthetic PV simulation; not hardware measurement
953.151,17.2361,0.9585,14.8362,26.102,18.1283,0.7799,0.2201,Soiling/Dust,synthetic PV simulation; not hardware measurement
859.425,15.9227,0.8925,9.892,43.485,17.306,0.5991,0.4009,Soiling/Dust,synthetic PV simulation; not hardware measurement
973.926,17.2255,1.0303,15.4631,46.103,17.2271,0.8289,0.1711,Soiling/Dust,synthetic PV simulation; not hardware measurement
673.684,19.0679,0.6685,10.7732,19.274,18.3205,0.7957,0.2043,Soiling/Dust,synthetic PV simulation; not hardware measurement
891.164,17.0025,0.7704,11.2048,32.614,17.8156,0.6392,0.3608,Soiling/Dust,synthetic PV simulation; not hardware measurement
613.142,16.4365,0.6151,7.56,63.876,16.2605,0.6762,0.3238,Soiling/Dust,synthetic PV simulation; not hardware measurement
859.036,19.7631,0.7123,10.6828,13.551,18.6686,0.6091,0.3909,Soiling/Dust,synthetic PV simulation; not hardware measurement
785.161,16.8342,0.6849,9.8293,17.529,18.4509,0.619,0.381,Soiling/Dust,synthetic PV simulation; not hardware measurement
978.235,18.9316,0.8104,13.8643,24.57,18.2085,0.7076,0.2924,Soiling/Dust,synthetic PV simulation; not hardware measurement
949.32,18.3828,0.939,13.7325,18.204,18.4859,0.7136,0.2864,Soiling/Dust,synthetic PV simulation; not hardware measurement
488.585,16.9817,0.4167,5.7524,32.697,17.6,0.6058,0.3942,Soiling/Dust,synthetic PV simulation; not hardware measurement
745.182,17.9297,0.6418,9.6457,42.024,17.3252,0.6736,0.3264,Soiling/Dust,synthetic PV simulation; not hardware measurement
1000.454,19.7631,0.8571,14.799,13.538,18.7195,0.7224,0.2776,Soiling/Dust,synthetic PV simulation; not hardware measurement
563.158,16.2645,0.4317,4.7469,33.485,17.6111,0.4332,0.5668,Soiling/Dust,synthetic PV simulation; not hardware measurement
709.524,16.4537,0.6642,8.1875,57.279,16.6104,0.6215,0.3785,Soiling/Dust,synthetic PV simulation; not hardware measurement
506.047,16.2662,0.5157,7.0249,14.429,18.4475,0.6879,0.3121,Soiling/Dust,synthetic PV simulation; not hardware measurement
765.486,15.7801,0.7959,11.3985,60.269,16.5051,0.8061,0.1939,Soiling/Dust,synthetic PV simulation; not hardware measurement
616.369,15.9526,0.5262,6.9781,48.091,16.9821,0.5992,0.4008,Soiling/Dust,synthetic PV simulation; not hardware measurement
815.939,17.9085,0.6405,9.0883,20.436,18.3342,0.5535,0.4465,Soiling/Dust,synthetic PV simulation; not hardware measurement
697.862,18.3088,0.6122,10.119,12.313,18.6519,0.7113,0.2887,Soiling/Dust,synthetic PV simulation; not hardware measurement
1047.701,17.5399,1.0225,15.7026,33.64,17.8238,0.7612,0.2388,Soiling/Dust,synthetic PV simulation; not hardware measurement
1011.902,17.7042,0.9615,14.4288,39.618,17.5377,0.7337,0.2663,Soiling/Dust,synthetic PV simulation; not hardware measurement
693.987,17.3451,0.5617,8.9241,54.967,16.7067,0.6893,0.3107,Soiling/Dust,synthetic PV simulation; not hardware measurement
545.919,18.93,0.4286,6.1487,14.229,18.4761,0.5571,0.4429,Soiling/Dust,synthetic PV simulation; not hardware measurement
1026.446,16.634,0.8848,10.3705,57.912,16.7112,0.5407,0.4593,Soiling/Dust,synthetic PV simulation; not hardware measurement
815.52,16.4951,0.9555,13.7291,48.214,17.0695,0.8862,0.1138,Soiling/Dust,synthetic PV simulation; not hardware measurement
1016.182,16.5721,0.9963,11.3562,57.179,16.7405,0.5972,0.4028,Soiling/Dust,synthetic PV simulation; not hardware measurement
983.14,17.8808,0.9,11.5557,28.484,18.0325,0.5914,0.4086,Soiling/Dust,synthetic PV simulation; not hardware measurement
705.696,17.8256,0.7057,10.0065,16.717,18.4558,0.7014,0.2986,Soiling/Dust,synthetic PV simulation; not hardware measurement
1005.835,16.3035,0.9839,13.1871,57.025,16.7433,0.7006,0.2994,Soiling/Dust,synthetic PV simulation; not hardware measurement
965.401,17.6942,0.7982,10.9106,39.466,17.5255,0.5819,0.4181,Soiling/Dust,synthetic PV simulation; not hardware measurement
607.43,15.6696,0.6476,9.5237,55.056,16.6587,0.843,0.157,Soiling/Dust,synthetic PV simulation; not hardware measurement
264.132,16.0436,0.1707,1.0898,63.703,15.9746,0.2304,0.7696,Possible Fault,synthetic PV simulation; not hardware measurement
211.879,17.2636,0.1533,1.4595,44.573,16.7695,0.3699,0.6301,Possible Fault,synthetic PV simulation; not hardware measurement
314.1,12.1021,0.1831,0.5269,41.551,17.0372,0.0888,0.9112,Possible Fault,synthetic PV simulation; not hardware measurement
1043.34,17.7158,0.2452,2.6394,21.457,18.3763,0.1254,0.8746,Possible Fault,synthetic PV simulation; not hardware measurement
988.092,14.9862,0.4256,1.3908,55.214,16.8185,0.0749,0.9251,Possible Fault,synthetic PV simulation; not hardware measurement
1021.256,11.8196,0.9084,6.1063,27.926,18.0733,0.3003,0.6997,Possible Fault,synthetic PV simulation; not hardware measurement
245.033,11.7091,0.2076,1.4501,38.554,17.0938,0.3127,0.6873,Possible Fault,synthetic PV simulation; not hardware measurement
250.943,17.6103,0.2005,1.2328,58.141,16.208,0.2711,0.7289,Possible Fault,synthetic PV simulation; not hardware measurement
968.128,13.7125,0.7817,3.6037,28.324,18.0335,0.1873,0.8127,Possible Fault,synthetic PV simulation; not hardware measurement
907.065,12.2055,0.7933,6.8201,15.857,18.5857,0.3695,0.6305,Possible Fault,synthetic PV simulation; not hardware measurement
636.962,15.0353,0.3874,1.6499,46.609,17.0631,0.1366,0.8634,Possible Fault,synthetic PV simulation; not hardware measurement
921.394,11.9247,0.3553,0.641,20.215,18.3936,0.0345,0.9655,Possible Fault,synthetic PV simulation; not hardware measurement
1020.143,8.955,0.5245,2.9295,52.96,16.934,0.152,0.848,Possible Fault,synthetic PV simulation; not hardware measurement
767.49,11.5216,0.571,3.2681,50.429,16.9544,0.2255,0.7745,Possible Fault,synthetic PV simulation; not hardware measurement
431.994,9.4289,0.2567,0.4205,49.852,16.7778,0.0521,0.9479,Possible Fault,synthetic PV simulation; not hardware measurement
941.878,16.2923,0.5182,4.2161,16.393,18.5651,0.2201,0.7799,Possible Fault,synthetic PV simulation; not hardware measurement
327.254,10.1935,0.1222,0.1947,59.267,16.245,0.0327,0.9673,Possible Fault,synthetic PV simulation; not hardware measurement
861.103,8.9477,0.4933,1.0078,43.357,17.3127,0.0609,0.9391,Possible Fault,synthetic PV simulation; not hardware measurement
846.584,18.6913,0.5207,6.8511,17.91,18.4642,0.3999,0.6001,Possible Fault,synthetic PV simulation; not hardware measurement
433.684,11.3559,0.1986,0.6217,26.566,17.8311,0.073,0.927,Possible Fault,synthetic PV simulation; not hardware measurement
389.758,11.1392,0.2012,0.3956,64.958,16.0564,0.0564,0.9436,Possible Fault,synthetic PV simulation; not hardware measurement
923.008,13.593,0.3311,2.3436,37.596,17.6031,0.1303,0.8697,Possible Fault,synthetic PV simulation; not hardware measurement
668.891,9.4581,0.4105,2.949,61.062,16.4141,0.2398,0.7602,Possible Fault,synthetic PV simulation; not hardware measurement
893.212,14.3595,0.3978,2.0987,26.597,18.0905,0.118,0.882,Possible Fault,synthetic PV simulation; not hardware measurement
798.052,16.1828,0.5556,5.7921,17.365,18.465,0.3586,0.6414,Possible Fault,synthetic PV simulation; not hardware measurement
993.012,11.7687,0.7402,5.3397,63.837,16.4282,0.2919,0.7081,Possible Fault,synthetic PV simulation; not hardware measurement
892.372,15.6354,0.7015,3.8207,48.587,17.0891,0.2251,0.7749,Possible Fault,synthetic PV simulation; not hardware measurement
764.139,18.9892,0.3133,2.5867,12.188,18.683,0.1657,0.8343,Possible Fault,synthetic PV simulation; not hardware measurement
970.41,15.0875,0.6334,5.7652,20.079,18.4096,0.294,0.706,Possible Fault,synthetic PV simulation; not hardware measurement
951.939,14.4218,0.4883,1.9272,28.442,18.0213,0.1019,0.8981,Possible Fault,synthetic PV simulation; not hardware measurement
216.663,10.2051,0.0892,0.6748,23.622,17.7262,0.1598,0.8402,Possible Fault,synthetic PV simulation; not hardware measurement
690.541,14.0603,0.2717,0.9487,58.984,16.5217,0.0743,0.9257,Possible Fault,synthetic PV simulation; not hardware measurement
238.37,13.5006,0.1167,0.381,35.552,17.2198,0.084,0.916,Possible Fault,synthetic PV simulation; not hardware measurement
617.119,18.0461,0.2547,2.5504,12.268,18.6154,0.2032,0.7968,Possible Fault,synthetic PV simulation; not hardware measurement
779.195,15.3159,0.1957,1.15,44.489,17.2205,0.0771,0.9229,Possible Fault,synthetic PV simulation; not hardware measurement
907.943,13.4247,0.1851,1.2774,24.808,18.1786,0.0704,0.9296,Possible Fault,synthetic PV simulation; not hardware measurement
975.181,17.5507,0.406,2.9653,54.534,16.8441,0.1617,0.8383,Possible Fault,synthetic PV simulation; not hardware measurement
677.96,15.3927,0.2786,0.7149,51.003,16.8778,0.0561,0.9439,Possible Fault,synthetic PV simulation; not hardware measurement
1012.689,14.6067,0.6496,5.2442,62.586,16.4931,0.2802,0.7198,Possible Fault,synthetic PV simulation; not hardware measurement
876.826,10.0692,0.3161,0.9501,45.728,17.2121,0.0567,0.9433,Possible Fault,synthetic PV simulation; not hardware measurement
836.547,8.7911,0.6155,1.4283,59.847,16.5502,0.0922,0.9078,Possible Fault,synthetic PV simulation; not hardware measurement
400.879,15.9221,0.2485,2.5421,41.86,17.1121,0.3341,0.6659,Possible Fault,synthetic PV simulation; not hardware measurement
958.689,13.485,0.423,3.6328,12.612,18.7444,0.1849,0.8151,Possible Fault,synthetic PV simulation; not hardware measurement
726.422,9.3273,0.2212,0.7184,27.594,17.9722,0.05,0.95,Possible Fault,synthetic PV simulation; not hardware measurement
789.506,12.3191,0.3078,0.7796,30.492,17.863,0.0501,0.9499,Possible Fault,synthetic PV simulation; not hardware measurement
596.864,10.66,0.395,3.2223,16.136,18.4255,0.2676,0.7324,Possible Fault,synthetic PV simulation; not hardware measurement
339.955,14.7895,0.1212,0.9198,43.808,16.9664,0.1436,0.8564,Possible Fault,synthetic PV simulation; not hardware measurement
791.947,10.6907,0.5921,1.4484,37.409,17.5494,0.0941,0.9059,Possible Fault,synthetic PV simulation; not hardware measurement
256.739,15.9708,0.082,0.4395,32.057,17.3992,0.0891,0.9109,Possible Fault,synthetic PV simulation; not hardware measurement
328.495,9.6735,0.2669,0.8593,42.89,16.9944,0.1387,0.8613,Possible Fault,synthetic PV simulation; not hardware measurement
995.671,15.022,0.4358,4.3049,52.241,16.9568,0.2287,0.7713,Possible Fault,synthetic PV simulation; not hardware measurement
461.726,11.296,0.448,3.9172,40.071,17.2407,0.4439,0.5561,Possible Fault,synthetic PV simulation; not hardware measurement
732.335,15.284,0.5684,4.8768,57.173,16.6281,0.3583,0.6417,Possible Fault,synthetic PV simulation; not hardware measurement
353.965,16.0884,0.2565,2.965,26.558,17.7706,0.4283,0.5717,Possible Fault,synthetic PV simulation; not hardware measurement
1025.175,18.1735,0.5852,7.36,23.34,18.2835,0.3572,0.6428,Possible Fault,synthetic PV simulation; not hardware measurement
686.028,16.0951,0.2566,0.8827,50.855,16.8893,0.0684,0.9316,Possible Fault,synthetic PV simulation; not hardware measurement
739.745,10.4254,0.2934,0.5325,37.838,17.5129,0.0371,0.9629,Possible Fault,synthetic PV simulation; not hardware measurement
743.386,11.6052,0.2182,1.3114,51.921,16.8734,0.0938,0.9062,Possible Fault,synthetic PV simulation; not hardware measurement
904.995,16.5379,0.5137,1.5478,27.372,18.0606,0.086,0.914,Possible Fault,synthetic PV simulation; not hardware measurement
361.722,15.2446,0.3433,2.8005,23.072,17.9276,0.3929,0.6071,Possible Fault,synthetic PV simulation; not hardware measurement
555.285,10.8308,0.4282,1.351,55.452,16.6041,0.1312,0.8688,Possible Fault,synthetic PV simulation; not hardware measurement
996.53,9.6951,0.8659,5.463,43.504,17.3546,0.2845,0.7155,Possible Fault,synthetic PV simulation; not hardware measurement
664.762,15.3942,0.5878,7.2527,39.586,17.3898,0.5661,0.4339,Possible Fault,synthetic PV simulation; not hardware measurement
1034.308,13.821,0.2691,1.4124,32.406,17.8747,0.0692,0.9308,Possible Fault,synthetic PV simulation; not hardware measurement
473.257,10.2526,0.3109,1.7626,15.047,18.392,0.185,0.815,Possible Fault,synthetic PV simulation; not hardware measurement
679.565,12.7432,0.5941,4.6531,62.49,16.3555,0.3735,0.6265,Possible Fault,synthetic PV simulation; not hardware measurement
935.088,15.2861,0.3111,3.5915,62.657,16.4676,0.2082,0.7918,Possible Fault,synthetic PV simulation; not hardware measurement
183.495,14.7145,0.0661,0.6871,56.441,16.1778,0.2072,0.7928,Possible Fault,synthetic PV simulation; not hardware measurement
493.682,16.0307,0.2123,1.9934,29.816,17.7356,0.2065,0.7935,Possible Fault,synthetic PV simulation; not hardware measurement
629.96,14.7172,0.3267,3.1217,46.448,17.0659,0.2612,0.7388,Possible Fault,synthetic PV simulation; not hardware measurement
224.378,14.5016,0.0744,0.7412,55.054,16.3135,0.1814,0.8186,Possible Fault,synthetic PV simulation; not hardware measurement
302.896,17.2312,0.2744,0.8339,24.981,17.7791,0.1407,0.8593,Possible Fault,synthetic PV simulation; not hardware measurement
690.172,16.3006,0.1735,1.2058,57.583,16.5853,0.0942,0.9058,Possible Fault,synthetic PV simulation; not hardware measurement
375.031,13.2107,0.1936,1.5739,44.43,16.9677,0.2226,0.7774,Possible Fault,synthetic PV simulation; not hardware measurement
195.346,17.5724,0.0827,0.5462,20.395,17.8424,0.1428,0.8572,Possible Fault,synthetic PV simulation; not hardware measurement
617.95,16.3513,0.2339,2.2996,36.485,17.5122,0.1921,0.8079,Possible Fault,synthetic PV simulation; not hardware measurement
469.391,19.0041,0.1289,1.7738,17.697,18.2678,0.1888,0.8112,Possible Fault,synthetic PV simulation; not hardware measurement
304.917,9.9624,0.1894,0.6525,46.159,16.8251,0.1144,0.8856,Possible Fault,synthetic PV simulation; not hardware measurement
212.699,16.5005,0.1975,1.8611,64.166,15.8748,0.4914,0.5086,Possible Fault,synthetic PV simulation; not hardware measurement
198.095,12.9303,0.1314,0.7296,47.888,16.5904,0.1995,0.8005,Possible Fault,synthetic PV simulation; not hardware measurement
1043.583,11.3506,0.4497,1.2724,64.319,16.4264,0.0662,0.9338,Possible Fault,synthetic PV simulation; not hardware measurement
237.831,16.2284,0.1571,1.503,24.241,17.736,0.3241,0.6759,Possible Fault,synthetic PV simulation; not hardware measurement
322.828,12.2272,0.1418,1.0714,51.621,16.5886,0.1794,0.8206,Possible Fault,synthetic PV simulation; not hardware measurement
223.731,17.7023,0.0931,0.3771,30.771,17.4125,0.0877,0.9123,Possible Fault,synthetic PV simulation; not hardware measurement
991.768,15.3999,0.6001,4.1199,48.431,17.1285,0.2179,0.7821,Possible Fault,synthetic PV simulation; not hardware measurement
500.128,13.2962,0.2352,1.8392,31.929,17.6446,0.1888,0.8112,Possible Fault,synthetic PV simulation; not hardware measurement
924.363,12.3441,0.8558,6.0098,52.076,16.9446,0.3442,0.6558,Possible Fault,synthetic PV simulation; not hardware measurement
215.431,9.3484,0.0933,0.5392,56.08,16.2499,0.1379,0.8621,Possible Fault,synthetic PV simulation; not hardware measurement
185.268,9.6431,0.1141,0.4954,26.333,17.5492,0.1384,0.8616,Possible Fault,synthetic PV simulation; not hardware measurement
239.634,17.2698,0.1431,1.1241,14.562,18.1704,0.2359,0.7641,Possible Fault,synthetic PV simulation; not hardware measurement
929.484,18.31,0.6789,8.7336,18.589,18.4712,0.4641,0.5359,Possible Fault,synthetic PV simulation; not hardware measurement
502.101,9.5863,0.2503,1.5457,38.549,17.3442,0.1603,0.8397,Possible Fault,synthetic PV simulation; not hardware measurement
670.339,12.3905,0.474,4.49,46.973,17.0568,0.353,0.647,Possible Fault,synthetic PV simulation; not hardware measurement
765.501,17.7363,0.3209,3.5813,19.39,18.3559,0.2323,0.7677,Possible Fault,synthetic PV simulation; not hardware measurement
275.645,13.8841,0.1863,1.1188,30.015,17.5215,0.2101,0.7899,Possible Fault,synthetic PV simulation; not hardware measurement
639.733,15.6152,0.3192,0.9575,40.485,17.3439,0.0779,0.9221,Possible Fault,synthetic PV simulation; not hardware measurement
973.302,16.1372,0.6675,6.9157,63.347,16.4423,0.3854,0.6146,Possible Fault,synthetic PV simulation; not hardware measurement
975.696,15.5731,0.2067,2.2723,51.945,16.9621,0.1231,0.8769,Possible Fault,synthetic PV simulation; not hardware measurement
898.134,19.1648,0.203,2.4592,32.476,17.8251,0.1391,0.8609,Possible Fault,synthetic PV simulation; not hardware measurement
857.905,18.0393,0.3436,2.5786,18.098,18.461,0.1485,0.8515,Possible Fault,synthetic PV simulation; not hardware measurement
394.088,14.2709,0.2169,2.3676,57.743,16.3803,0.328,0.672,Possible Fault,synthetic PV simulation; not hardware measurement
268.218,15.6496,0.1949,0.5496,22.651,17.8468,0.1045,0.8955,Possible Fault,synthetic PV simulation; not hardware measurement
599.409,19.8732,0.2504,1.3052,12.398,18.5976,0.1071,0.8929,Possible Fault,synthetic PV simulation; not hardware measurement
352.891,18.7756,0.2698,1.1867,26.255,17.7832,0.1718,0.8282,Possible Fault,synthetic PV simulation; not hardware measurement
246.337,15.3096,0.0629,0.34,51.785,16.491,0.0751,0.9249,Possible Fault,synthetic PV simulation; not hardware measurement
857.359,10.768,0.3525,0.997,17.907,18.4694,0.0574,0.9426,Possible Fault,synthetic PV simulation; not hardware measurement
782.623,9.3295,0.52,1.7812,56.178,16.6902,0.122,0.878,Possible Fault,synthetic PV simulation; not hardware measurement
895.617,16.2203,0.4351,1.4496,15.541,18.5949,0.0795,0.9205,Possible Fault,synthetic PV simulation; not hardware measurement
1049.946,10.9395,0.8681,5.7217,38.426,17.6069,0.2795,0.7205,Possible Fault,synthetic PV simulation; not hardware measurement
362.288,12.0099,0.2808,0.964,13.712,18.3553,0.1325,0.8675,Possible Fault,synthetic PV simulation; not hardware measurement
994.149,13.3219,0.8191,5.4924,39.779,17.5232,0.2845,0.7155,Possible Fault,synthetic PV simulation; not hardware measurement
858.563,14.3961,0.7274,7.1221,17.94,18.4685,0.4098,0.5902,Possible Fault,synthetic PV simulation; not hardware measurement
259.467,11.6664,0.1262,0.4589,17.774,18.0561,0.0894,0.9106,Possible Fault,synthetic PV simulation; not hardware measurement
690.152,9.48,0.3403,2.1108,59.173,16.5129,0.1655,0.8345,Possible Fault,synthetic PV simulation; not hardware measurement
707.988,18.4413,0.2507,0.9271,56.702,16.6358,0.0704,0.9296,Possible Fault,synthetic PV simulation; not hardware measurement
236.223,9.8821,0.0779,0.6053,26.914,17.611,0.1322,0.8678,Possible Fault,synthetic PV simulation; not hardware measurement
968.387,11.4375,0.3948,3.0591,18.434,18.4836,0.1558,0.8442,Possible Fault,synthetic PV simulation; not hardware measurement
752.348,10.1657,0.2675,1.2128,47.783,17.0668,0.0849,0.9151,Possible Fault,synthetic PV simulation; not hardware measurement
659.855,14.1242,0.4585,3.8585,19.152,18.3176,0.291,0.709,Possible Fault,synthetic PV simulation; not hardware measurement
1011.322,9.4694,0.483,2.3498,40.599,17.4928,0.1198,0.8802,Possible Fault,synthetic PV simulation; not hardware measurement
1000.059,20.0729,0.2176,3.2511,18.477,18.4947,0.1603,0.8397,Possible Fault,synthetic PV simulation; not hardware measurement
212.213,11.2921,0.0855,0.6955,42.932,16.8452,0.1753,0.8247,Possible Fault,synthetic PV simulation; not hardware measurement
192.198,10.4165,0.1021,0.8024,25.184,17.6167,0.2154,0.7846,Possible Fault,synthetic PV simulation; not hardware measurement
435.333,17.736,0.2702,2.2722,53.255,16.6257,0.2815,0.7185,Possible Fault,synthetic PV simulation; not hardware measurement
875.449,18.0158,0.5478,1.7138,27.781,18.0285,0.0986,0.9014,Possible Fault,synthetic PV simulation; not hardware measurement
619.113,18.6049,0.4462,3.2901,13.199,18.5743,0.2617,0.7383,Possible Fault,synthetic PV simulation; not hardware measurement
655.229,11.0932,0.3431,0.9689,23.16,18.1322,0.0742,0.9258,Possible Fault,synthetic PV simulation; not hardware measurement
592.293,9.5354,0.273,0.6398,48.76,16.9354,0.0573,0.9427,Possible Fault,synthetic PV simulation; not hardware measurement
929.824,17.0985,0.5975,6.2801,34.046,17.7678,0.3441,0.6559,Possible Fault,synthetic PV simulation; not hardware measurement
374.639,16.8618,0.0887,0.9378,63.329,16.1146,0.1386,0.8614,Possible Fault,synthetic PV simulation; not hardware measurement
827.375,18.2826,0.5664,4.9658,47.811,17.0937,0.3156,0.6844,Possible Fault,synthetic PV simulation; not hardware measurement
508.867,17.2596,0.4487,5.9986,22.946,18.0613,0.5941,0.4059,Possible Fault,synthetic PV simulation; not hardware measurement
686.017,11.9813,0.6221,2.3587,56.253,16.6434,0.1849,0.8151,Possible Fault,synthetic PV simulation; not hardware measurement
406.521,17.1056,0.114,0.4413,63.864,16.1136,0.0601,0.9399,Possible Fault,synthetic PV simulation; not hardware measurement
605.377,18.812,0.2596,1.4437,12.58,18.5933,0.1174,0.8826,Possible Fault,synthetic PV simulation; not hardware measurement
426.661,10.0303,0.3744,2.9506,48.306,16.8433,0.369,0.631,Possible Fault,synthetic PV simulation; not hardware measurement
357.618,14.5897,0.2789,2.6909,12.221,18.4181,0.3737,0.6263,Possible Fault,synthetic PV simulation; not hardware measurement
437.69,12.8476,0.1952,1.0817,35.558,17.4248,0.1282,0.8718,Possible Fault,synthetic PV simulation; not hardware measurement
204.35,9.2136,0.1001,0.6455,53.914,16.3274,0.1733,0.8267,Possible Fault,synthetic PV simulation; not hardware measurement
598.635,15.8468,0.5225,1.7549,39.323,17.3699,0.1523,0.8477,Possible Fault,synthetic PV simulation; not hardware measurement
735.371,9.4914,0.5032,2.743,29.512,17.8898,0.1892,0.8108,Possible Fault,synthetic PV simulation; not hardware measurement
1041.744,17.2013,0.3048,2.6497,42.785,17.4054,0.1317,0.8683,Possible Fault,synthetic PV simulation; not hardware measurement
247.322,14.1415,0.1916,1.0366,13.437,18.2347,0.2101,0.7899,Possible Fault,synthetic PV simulation; not hardware measurement
507.089,11.1005,0.2668,0.7179,17.779,18.2955,0.0706,0.9294,Possible Fault,synthetic PV simulation; not hardware measurement
695.492,9.5822,0.1701,0.6961,31.35,17.7834,0.051,0.949,Possible Fault,synthetic PV simulation; not hardware measurement
681.171,17.8688,0.3751,4.3034,41.079,17.3318,0.3287,0.6713,Possible Fault,synthetic PV simulation; not hardware measurement
963.818,14.3625,0.6256,3.7528,25.829,18.1452,0.195,0.805,Possible Fault,synthetic PV simulation; not hardware measurement
939.92,12.8648,0.376,1.7498,24.245,18.2071,0.093,0.907,Possible Fault,synthetic PV simulation; not hardware measurement
610.737,12.2748,0.394,2.6717,48.239,16.9716,0.2317,0.7683,Possible Fault,synthetic PV simulation; not hardware measurement
1027.184,16.5761,0.8716,5.2192,40.352,17.5103,0.2618,0.7382,Possible Fault,synthetic PV simulation; not hardware measurement
783.616,10.6217,0.2051,0.5669,40.061,17.4244,0.0375,0.9625,Possible Fault,synthetic PV simulation; not hardware measurement
644.235,16.0225,0.1561,1.6869,52.194,16.8131,0.1397,0.8603,Possible Fault,synthetic PV simulation; not hardware measurement
501.65,18.0816,0.3382,3.013,37.887,17.3741,0.3123,0.6877,Possible Fault,synthetic PV simulation; not hardware measurement
769.028,12.8782,0.3428,2.0518,24.865,18.1085,0.1339,0.8661,Possible Fault,synthetic PV simulation; not hardware measurement
1019.157,13.4118,0.4709,3.7568,12.84,18.7588,0.1797,0.8203,Possible Fault,synthetic PV simulation; not hardware measurement
761.769,18.1387,0.4898,4.5809,27.919,17.9767,0.3037,0.6963,Possible Fault,synthetic PV simulation; not hardware measurement
471.778,17.8232,0.2013,1.975,39.554,17.2731,0.2187,0.7813,Possible Fault,synthetic PV simulation; not hardware measurement
930.268,16.1278,0.5593,3.5498,33.8,17.7791,0.1943,0.8057,Possible Fault,synthetic PV simulation; not hardware measurement
1025.802,13.9445,0.6186,4.7732,56.476,16.7763,0.2482,0.7518,Possible Fault,synthetic PV simulation; not hardware measurement
755.013,17.09,0.3901,2.9181,48.509,17.0351,0.2039,0.7961,Possible Fault,synthetic PV simulation; not hardware measurement
849.775,18.6548,0.1791,1.0497,36.637,17.6132,0.0634,0.9366,Possible Fault,synthetic PV simulation; not hardware measurement
744.977,13.0256,0.3463,3.6137,37.309,17.5399,0.2499,0.7501,Possible Fault,synthetic PV simulation; not hardware measurement
896.619,11.7637,0.6156,4.3372,35.459,17.6886,0.2474,0.7526,Possible Fault,synthetic PV simulation; not hardware measurement
1041.432,10.1176,0.3221,0.7786,64.9,16.3992,0.0406,0.9594,Possible Fault,synthetic PV simulation; not hardware measurement
638.543,18.5878,0.1472,1.4675,44.143,17.1765,0.1205,0.8795,Possible Fault,synthetic PV simulation; not hardware measurement
394.316,10.0905,0.116,0.8756,25.266,17.8626,0.113,0.887,Possible Fault,synthetic PV simulation; not hardware measurement
905.014,10.8726,0.2408,1.6919,16.138,18.572,0.0919,0.9081,Possible Fault,synthetic PV simulation; not hardware measurement
847.857,18.5168,0.4874,5.8286,30.242,17.9034,0.3482,0.6518,Possible Fault,synthetic PV simulation; not hardware measurement
1043.302,14.3285,0.6206,4.1729,25.807,18.1784,0.1999,0.8001,Possible Fault,synthetic PV simulation; not hardware measurement
771.083,15.9767,0.6047,6.0,16.275,18.5007,0.3839,0.6161,Possible Fault,synthetic PV simulation; not hardware measurement
617.992,11.2372,0.1623,1.4993,61.256,16.3831,0.1322,0.8678,Possible Fault,synthetic PV simulation; not hardware measurement
728.789,17.8841,0.1651,0.7588,47.894,17.0488,0.0549,0.9451,Possible Fault,synthetic PV simulation; not hardware measurement
691.714,18.3813,0.5348,6.7922,47.776,17.033,0.5181,0.4819,Possible Fault,synthetic PV simulation; not hardware measurement
797.315,13.9739,0.4698,2.1646,53.563,16.8168,0.1447,0.8553,Possible Fault,synthetic PV simulation; not hardware measurement
501.675,10.7955,0.1539,0.7574,16.233,18.3617,0.0751,0.9249,Possible Fault,synthetic PV simulation; not hardware measurement
957.213,19.0466,0.4852,1.9455,24.257,18.2139,0.1015,0.8985,Possible Fault,synthetic PV simulation; not hardware measurement
760.06,15.1848,0.2397,1.2036,32.027,17.7887,0.0807,0.9193,Possible Fault,synthetic PV simulation; not hardware measurement
764.759,14.2975,0.179,0.7175,19.436,18.3534,0.0466,0.9534,Possible Fault,synthetic PV simulation; not hardware measurement
280.165,10.3684,0.0788,0.2544,22.717,17.8616,0.0463,0.9537,Possible Fault,synthetic PV simulation; not hardware measurement
472.743,10.9941,0.2647,0.8648,41.661,17.1778,0.096,0.904,Possible Fault,synthetic PV simulation; not hardware measurement
800.363,10.7722,0.4274,1.6278,54.309,16.7844,0.1085,0.8915,Possible Fault,synthetic PV simulation; not hardware measurement
598.474,12.4628,0.2818,2.0893,43.561,17.1766,0.1831,0.8169,Possible Fault,synthetic PV simulation; not hardware measurement
608.307,14.9032,0.3318,2.6672,45.23,17.1072,0.2307,0.7693,Possible Fault,synthetic PV simulation; not hardware measurement
263.361,15.072,0.0915,0.2573,54.567,16.3911,0.0534,0.9466,Possible Fault,synthetic PV simulation; not hardware measurement
184.307,15.7314,0.0939,0.9535,32.831,17.2498,0.2716,0.7284,Possible Fault,synthetic PV simulation; not hardware measurement
342.834,12.7955,0.2142,0.4165,42.483,17.0304,0.0643,0.9357,Possible Fault,synthetic PV simulation; not hardware measurement
563.559,13.87,0.3026,0.9511,54.035,16.6748,0.0907,0.9093,Possible Fault,synthetic PV simulation; not hardware measurement
587.185,15.2776,0.1965,2.3686,42.769,17.2049,0.2113,0.7887,Possible Fault,synthetic PV simulation; not hardware measurement
1006.217,16.6585,0.8133,6.8739,39.417,17.5445,0.3514,0.6486,Possible Fault,synthetic PV simulation; not hardware measurement
1035.821,18.8691,0.8927,3.2779,26.273,18.1543,0.1584,0.8416,Possible Fault,synthetic PV simulation; not hardware measurement
476.923,17.1105,0.2874,1.6837,39.788,17.2668,0.1845,0.8155,Possible Fault,synthetic PV simulation; not hardware measurement
702.617,12.4548,0.3055,0.7275,62.193,16.3826,0.0564,0.9436,Possible Fault,synthetic PV simulation; not hardware measurement
1039.453,17.1509,0.2839,2.519,37.686,17.6365,0.1241,0.8759,Possible Fault,synthetic PV simulation; not hardware measurement
932.488,13.9199,0.4358,3.4683,51.719,16.9644,0.1967,0.8033,Possible Fault,synthetic PV simulation; not hardware measurement
368.227,17.8714,0.1136,1.3474,31.748,17.5389,0.189,0.811,Possible Fault,synthetic PV simulation; not hardware measurement
898.569,11.1226,0.432,3.0108,53.193,16.8822,0.1779,0.8221,Possible Fault,synthetic PV simulation; not hardware measurement
431.505,17.6486,0.2471,2.732,43.757,17.0555,0.3344,0.6656,Possible Fault,synthetic PV simulation; not hardware measurement
949.697,12.1343,0.4737,3.7293,29.173,17.9871,0.198,0.802,Possible Fault,synthetic PV simulation; not hardware measurement
789.923,14.2326,0.36,3.1108,41.406,17.3664,0.2044,0.7956,Possible Fault,synthetic PV simulation; not hardware measurement
885.453,10.0562,0.6583,3.7683,16.759,18.5348,0.2096,0.7904,Possible Fault,synthetic PV simulation; not hardware measurement
558.373,15.0011,0.2695,2.754,20.952,18.1789,0.2471,0.7529,Possible Fault,synthetic PV simulation; not hardware measurement
649.346,10.8349,0.2122,1.0935,23.908,18.0944,0.0846,0.9154,Possible Fault,synthetic PV simulation; not hardware measurement
491.353,18.2047,0.1878,2.1368,16.971,18.3195,0.2167,0.7833,Possible Fault,synthetic PV simulation; not hardware measurement
675.752,13.3457,0.4801,1.0188,20.597,18.2615,0.0752,0.9248,Possible Fault,synthetic PV simulation; not hardware measurement
235.367,17.3178,0.179,0.612,19.591,17.9443,0.1321,0.8679,Possible Fault,synthetic PV simulation; not hardware measurement
618.54,12.3215,0.4675,1.9113,58.191,16.5232,0.1673,0.8327,Possible Fault,synthetic PV simulation; not hardware measurement
405.72,17.2976,0.22,2.7916,63.835,16.1141,0.3807,0.6193,Possible Fault,synthetic PV simulation; not hardware measurement
259.664,17.4714,0.133,1.715,46.747,16.7429,0.3549,0.6451,Possible Fault,synthetic PV simulation; not hardware measurement
327.778,15.8623,0.0707,0.8311,35.846,17.3151,0.1324,0.8676,Possible Fault,synthetic PV simulation; not hardware measurement
479.936,15.3185,0.2774,1.2116,36.468,17.4208,0.131,0.869,Possible Fault,synthetic PV simulation; not hardware measurement
190.359,10.9471,0.1109,0.5448,61.829,15.9461,0.1602,0.8398,Possible Fault,synthetic PV simulation; not hardware measurement
553.149,9.2355,0.4313,1.6666,29.011,17.8077,0.1535,0.8465,Possible Fault,synthetic PV simulation; not hardware measurement
310.137,17.7331,0.0852,1.1633,35.451,17.3106,0.1959,0.8041,Possible Fault,synthetic PV simulation; not hardware measurement
876.022,9.8798,0.228,0.8562,44.319,17.2759,0.0509,0.9491,Possible Fault,synthetic PV simulation; not hardware measurement
926.848,11.9546,0.4951,1.4755,25.953,18.1349,0.0798,0.9202,Possible Fault,synthetic PV simulation; not hardware measurement
364.499,13.4858,0.1908,0.5377,19.829,18.0787,0.0744,0.9256,Possible Fault,synthetic PV simulation; not hardware measurement
833.846,15.0194,0.4121,4.2384,20.798,18.3265,0.2527,0.7473,Possible Fault,synthetic PV simulation; not hardware measurement
300.765,16.6001,0.0638,0.6894,42.956,16.9658,0.1218,0.8782,Possible Fault,synthetic PV simulation; not hardware measurement
649.718,12.3446,0.4692,4.0978,36.607,17.5162,0.3254,0.6746,Possible Fault,synthetic PV simulation; not hardware measurement
460.132,13.551,0.1609,0.9584,25.032,17.9252,0.1056,0.8944,Possible Fault,synthetic PV simulation; not hardware measurement
275.929,8.4086,0.2035,0.8327,61.372,16.0892,0.1674,0.8326,Possible Fault,synthetic PV simulation; not hardware measurement
789.855,10.0934,0.5419,1.4702,25.49,18.0909,0.0935,0.9065,Possible Fault,synthetic PV simulation; not hardware measurement
380.528,17.5506,0.275,2.0082,15.616,18.2885,0.2636,0.7364,Possible Fault,synthetic PV simulation; not hardware measurement
891.438,10.8449,0.4954,1.759,13.702,18.6767,0.0966,0.9034,Possible Fault,synthetic PV simulation; not hardware measurement
464.09,12.5962,0.2474,1.5112,31.61,17.6287,0.1673,0.8327,Possible Fault,synthetic PV simulation; not hardware measurement
238.848,14.3629,0.0816,0.4654,40.963,16.9732,0.1035,0.8965,Possible Fault,synthetic PV simulation; not hardware measurement
403.572,16.0189,0.1524,1.1846,56.876,16.4296,0.1598,0.8402,Possible Fault,synthetic PV simulation; not hardware measurement
228.692,18.8461,0.0718,0.5163,38.748,17.0567,0.1195,0.8805,Possible Fault,synthetic PV simulation; not hardware measurement
561.757,17.0753,0.2389,2.9503,26.989,17.9062,0.2664,0.7336,Possible Fault,synthetic PV simulation; not hardware measurement
455.762,13.1463,0.3499,0.9638,27.618,17.8034,0.1078,0.8922,Possible Fault,synthetic PV simulation; not hardware measurement
606.108,19.2246,0.1723,2.115,18.733,18.3134,0.1738,0.8262,Possible Fault,synthetic PV simulation; not hardware measurement
652.703,18.7796,0.356,1.0209,15.0,18.5023,0.0772,0.9228,Possible Fault,synthetic PV simulation; not hardware measurement
391.219,15.923,0.1562,0.4696,33.709,17.4741,0.0622,0.9378,Possible Fault,synthetic PV simulation; not hardware measurement
361.239,17.6024,0.1456,1.9029,29.242,17.6455,0.2707,0.7293,Possible Fault,synthetic PV simulation; not hardware measurement
214.265,16.9497,0.1488,0.922,37.975,17.0655,0.2277,0.7723,Possible Fault,synthetic PV simulation; not hardware measurement
552.796,14.8851,0.1854,1.1546,53.939,16.6713,0.1122,0.8878,Possible Fault,synthetic PV simulation; not hardware measurement
510.725,15.2319,0.1371,1.5973,62.264,16.2696,0.1716,0.8284,Possible Fault,synthetic PV simulation; not hardware measurement
613.213,17.7469,0.2503,3.0938,22.647,18.1398,0.2532,0.7468,Possible Fault,synthetic PV simulation; not hardware measurement
609.034,16.0475,0.5586,3.7939,23.675,18.0901,0.3133,0.6867,Possible Fault,synthetic PV simulation; not hardware measurement
720.013,9.0327,0.1524,0.9735,48.862,16.9998,0.0715,0.9285,Possible Fault,synthetic PV simulation; not hardware measurement
882.02,14.7482,0.5596,4.5995,57.52,16.6777,0.2797,0.7203,Possible Fault,synthetic PV simulation; not hardware measurement
1041.018,15.3691,0.6014,6.2387,21.437,18.3763,0.297,0.703,Possible Fault,synthetic PV simulation; not hardware measurement
314.389,13.0798,0.27,2.0938,44.53,16.9016,0.3546,0.6454,Possible Fault,synthetic PV simulation; not hardware measurement
883.374,16.7441,0.7152,3.127,28.428,18.0026,0.1785,0.8215,Possible Fault,synthetic PV simulation; not hardware measurement
513.261,9.943,0.135,0.4801,58.407,16.4476,0.0509,0.9491,Possible Fault,synthetic PV simulation; not hardware measurement
641.831,13.7748,0.1347,0.3264,39.094,17.398,0.0264,0.9736,Possible Fault,synthetic PV simulation; not hardware measurement
1034.395,16.2386,0.7668,5.92,59.589,16.638,0.3074,0.6926,Possible Fault,synthetic PV simulation; not hardware measurement
533.729,19.1028,0.4974,5.1404,23.769,18.0321,0.4857,0.5143,Possible Fault,synthetic PV simulation; not hardware measurement
255.432,15.5754,0.2172,0.6775,50.775,16.552,0.1438,0.8562,Possible Fault,synthetic PV simulation; not hardware measurement
520.928,17.1377,0.2772,1.1203,25.588,17.9393,0.1089,0.8911,Possible Fault,synthetic PV simulation; not hardware measurement
202.03,16.6781,0.1429,1.6649,20.359,17.8469,0.4207,0.5793,Possible Fault,synthetic PV simulation; not hardware measurement
293.8,9.5325,0.1834,0.8264,61.267,16.1196,0.1558,0.8442,Possible Fault,synthetic PV simulation; not hardware measurement
784.311,10.0664,0.214,1.3797,31.117,17.8319,0.0894,0.9106,Possible Fault,synthetic PV simulation; not hardware measurement
852.656,17.5984,0.6722,2.3877,32.236,17.8149,0.1424,0.8576,Possible Fault,synthetic PV simulation; not hardware measurement
702.298,10.0055,0.5293,1.2137,64.999,16.2546,0.0948,0.9052,Possible Fault,synthetic PV simulation; not hardware measurement
404.451,11.2973,0.26,1.5801,50.188,16.7356,0.2096,0.7904,Possible Fault,synthetic PV simulation; not hardware measurement
324.952,15.4257,0.2568,2.9909,20.899,17.9941,0.466,0.534,Possible Fault,synthetic PV simulation; not hardware measurement
815.868,13.8102,0.3017,1.6298,48.629,17.0507,0.1052,0.8948,Possible Fault,synthetic PV simulation; not hardware measurement
487.351,14.0809,0.3652,3.6033,62.983,16.2178,0.4067,0.5933,Possible Fault,synthetic PV simulation; not hardware measurement
666.897,14.7178,0.4906,4.7707,27.123,17.9588,0.3617,0.6383,Possible Fault,synthetic PV simulation; not hardware measurement
578.151,19.1378,0.4339,4.5154,34.91,17.5569,0.4024,0.5976,Possible Fault,synthetic PV simulation; not hardware measurement
1047.517,11.5447,0.7041,2.8626,36.266,17.7042,0.1395,0.8605,Possible Fault,synthetic PV simulation; not hardware measurement
229.311,9.5624,0.1555,0.5047,13.124,18.2293,0.1104,0.8896,Possible Fault,synthetic PV simulation; not hardware measurement
1003.148,15.3659,0.4819,3.611,17.979,18.5186,0.1773,0.8227,Possible Fault,synthetic PV simulation; not hardware measurement
312.762,14.7104,0.0982,0.3454,47.536,16.7725,0.0592,0.9408,Possible Fault,synthetic PV simulation; not hardware measurement
469.34,15.6875,0.3146,2.5322,48.373,16.8688,0.2873,0.7127,Possible Fault,synthetic PV simulation; not hardware measurement
529.117,17.3063,0.2124,2.3124,26.839,17.8886,0.2218,0.7782,Possible Fault,synthetic PV simulation; not hardware measurement
254.549,13.5859,0.2018,2.0205,36.74,17.1817,0.4174,0.5826,Possible Fault,synthetic PV simulation; not hardware measurement
243.883,17.6047,0.1405,0.9883,33.051,17.3435,0.2116,0.7884,Possible Fault,synthetic PV simulation; not hardware measurement
480.92,14.925,0.2397,1.8854,58.907,16.3982,0.2137,0.7863,Possible Fault,synthetic PV simulation; not hardware measurement
491.542,12.6778,0.3545,2.3923,61.496,16.2891,0.2667,0.7333,Possible Fault,synthetic PV simulation; not hardware measurement
351.654,14.5485,0.1193,0.7612,27.016,17.747,0.1108,0.8892,Possible Fault,synthetic PV simulation; not hardware measurement
474.263,15.7123,0.1476,0.4879,61.547,16.2722,0.0564,0.9436,Possible Fault,synthetic PV simulation; not hardware measurement
920.401,15.1472,0.2426,0.7956,18.95,18.4508,0.0427,0.9573,Possible Fault,synthetic PV simulation; not hardware measurement
321.004,10.035,0.2351,1.6142,40.147,17.1102,0.2651,0.7349,Possible Fault,synthetic PV simulation; not hardware measurement
561.094,10.1625,0.292,2.0127,14.744,18.4638,0.1775,0.8225,Possible Fault,synthetic PV simulation; not hardware measurement
609.301,11.054,0.4646,1.1803,26.671,17.9537,0.098,0.902,Possible Fault,synthetic PV simulation; not hardware measurement
1024.527,15.8736,0.6628,2.677,22.076,18.3408,0.1297,0.8703,Possible Fault,synthetic PV simulation; not hardware measurement
601.095,13.3704,0.3133,1.2359,19.458,18.277,0.1026,0.8974,Possible Fault,synthetic PV simulation; not hardware measurement
268.439,9.1091,0.1394,0.4308,55.642,16.3498,0.0879,0.9121,Possible Fault,synthetic PV simulation; not hardware measurement
1023.967,16.8417,0.7076,9.0029,36.926,17.6649,0.4498,0.5502,Possible Fault,synthetic PV simulation; not hardware measurement
927.802,14.2895,0.6779,2.998,24.219,18.2142,0.1614,0.8386,Possible Fault,synthetic PV simulation; not hardware measurement
842.385,14.4878,0.4223,1.6304,24.78,18.1494,0.097,0.903,Possible Fault,synthetic PV simulation; not hardware measurement
886.741,17.3505,0.7015,6.336,30.648,17.9032,0.3618,0.6382,Possible Fault,synthetic PV simulation; not hardware measurement
530.076,13.7893,0.3041,2.8717,33.792,17.5725,0.279,0.721,Possible Fault,synthetic PV simulation; not hardware measurement
189.671,16.9302,0.1692,1.655,33.605,17.226,0.4585,0.5415,Possible Fault,synthetic PV simulation; not hardware measurement
269.198,18.2609,0.1668,0.5101,17.75,18.0722,0.0957,0.9043,Possible Fault,synthetic PV simulation; not hardware measurement
802.586,8.62,0.6321,2.4702,60.951,16.4831,0.1667,0.8333,Possible Fault,synthetic PV simulation; not hardware measurement
632.868,19.5662,0.3341,4.6277,13.912,18.5393,0.3605,0.6395,Possible Fault,synthetic PV simulation; not hardware measurement
601.997,12.8289,0.4757,2.2348,61.67,16.3536,0.2026,0.7974,Possible Fault,synthetic PV simulation; not hardware measurement
532.11,12.081,0.2144,1.971,42.299,17.1969,0.1942,0.8058,Possible Fault,synthetic PV simulation; not hardware measurement
364.234,13.0157,0.0862,0.1691,36.013,17.3398,0.0242,0.9758,Possible Fault,synthetic PV simulation; not hardware measurement
567.686,13.4212,0.4213,3.6678,56.417,16.5692,0.3489,0.6511,Possible Fault,synthetic PV simulation; not hardware measurement
999.435,13.6338,0.5713,4.6525,64.56,16.3979,0.253,0.747,Possible Fault,synthetic PV simulation; not hardware measurement
798.07,10.158,0.3349,1.5981,50.768,16.9444,0.106,0.894,Possible Fault,synthetic PV simulation; not hardware measurement
827.387,10.6328,0.4531,2.4085,29.986,17.9051,0.1474,0.8526,Possible Fault,synthetic PV simulation; not hardware measurement
742.048,13.2502,0.558,2.0333,54.441,16.7579,0.1465,0.8535,Possible Fault,synthetic PV simulation; not hardware measurement
661.282,11.2417,0.3192,0.9094,22.273,18.1763,0.0689,0.9311,Possible Fault,synthetic PV simulation; not hardware measurement
574.511,9.6001,0.5092,2.8708,26.006,17.9601,0.2528,0.7472,Possible Fault,synthetic PV simulation; not hardware measurement
925.982,14.1457,0.8312,6.8209,64.391,16.3846,0.4009,0.5991,Possible Fault,synthetic PV simulation; not hardware measurement
836.63,9.7574,0.2323,0.6678,26.389,18.0734,0.0401,0.9599,Possible Fault,synthetic PV simulation; not hardware measurement
550.929,11.978,0.4398,3.8881,20.707,18.1846,0.3535,0.6465,Possible Fault,synthetic PV simulation; not hardware measurement
935.244,12.7348,0.3217,2.3564,19.284,18.4308,0.1246,0.8754,Possible Fault,synthetic PV simulation; not hardware measurement
613.879,16.3773,0.5291,3.2709,53.87,16.7171,0.2857,0.7143,Possible Fault,synthetic PV simulation; not hardware measurement
312.883,16.9969,0.2293,2.3313,30.279,17.5504,0.3849,0.6151,Possible Fault,synthetic PV simulation; not hardware measurement
360.923,16.568,0.2422,1.8468,58.626,16.3142,0.2804,0.7196,Possible Fault,synthetic PV simulation; not hardware measurement
216.996,17.3276,0.1599,0.7909,60.956,16.0298,0.2031,0.7969,Possible Fault,synthetic PV simulation; not hardware measurement
342.152,16.1928,0.2692,1.2382,36.424,17.3062,0.189,0.811,Possible Fault,synthetic PV simulation; not hardware measurement
196.143,14.1043,0.1259,0.7414,59.456,16.0571,0.2103,0.7897,Possible Fault,synthetic PV simulation; not hardware measurement
643.74,11.9003,0.5481,2.0416,26.319,17.9811,0.1602,0.8398,Possible Fault,synthetic PV simulation; not hardware measurement
196.577,11.9618,0.0701,0.399,48.176,16.5741,0.1101,0.8899,Possible Fault,synthetic PV simulation; not hardware measurement
394.148,11.4384,0.2957,0.5635,19.982,18.1036,0.072,0.928,Possible Fault,synthetic PV simulation; not hardware measurement
641.997,12.1198,0.3627,1.1504,55.791,16.6478,0.0964,0.9036,Possible Fault,synthetic PV simulation; not hardware measurement
868.851,11.3239,0.3745,3.2247,21.874,18.2943,0.1847,0.8153,Possible Fault,synthetic PV simulation; not hardware measurement
699.521,10.5684,0.4987,1.5453,62.249,16.3782,0.1204,0.8796,Possible Fault,synthetic PV simulation; not hardware measurement
356.478,15.8014,0.1272,0.8247,21.514,17.9927,0.1171,0.8829,Possible Fault,synthetic PV simulation; not hardware measurement
353.071,17.7299,0.2348,1.0893,16.394,18.2225,0.1545,0.8455,Possible Fault,synthetic PV simulation; not hardware measurement
527.898,19.215,0.3971,1.5133,20.423,18.1801,0.1436,0.8564,Possible Fault,synthetic PV simulation; not hardware measurement
246.762,10.2804,0.0691,0.422,13.026,18.2526,0.0857,0.9143,Possible Fault,synthetic PV simulation; not hardware measurement
593.087,14.7343,0.2899,1.992,30.006,17.7908,0.1712,0.8288,Possible Fault,synthetic PV simulation; not hardware measurement
717.027,14.6273,0.6045,3.9475,58.734,16.5484,0.2974,0.7026,Possible Fault,synthetic PV simulation; not hardware measurement
367.834,11.5347,0.2248,0.4978,24.543,17.8673,0.0689,0.9311,Possible Fault,synthetic PV simulation; not hardware measurement
232.845,19.2562,0.2093,2.2592,21.802,17.8388,0.4953,0.5047,Possible Fault,synthetic PV simulation; not hardware measurement
647.268,16.7814,0.3111,3.7811,34.746,17.5995,0.3002,0.6998,Possible Fault,synthetic PV simulation; not hardware measurement
957.877,13.8456,0.8158,4.3091,29.202,17.9892,0.2268,0.7732,Possible Fault,synthetic PV simulation; not hardware measurement
248.933,11.0694,0.0929,0.6594,61.427,16.0545,0.1473,0.8527,Possible Fault,synthetic PV simulation; not hardware measurement
394.922,17.7445,0.1144,1.5575,55.124,16.5007,0.214,0.786,Possible Fault,synthetic PV simulation; not hardware measurement
437.421,12.7281,0.1431,1.1179,37.177,17.3613,0.133,0.867,Possible Fault,synthetic PV simulation; not hardware measurement
370.372,12.231,0.1027,0.7205,51.093,16.6687,0.1048,0.8952,Possible Fault,synthetic PV simulation; not hardware measurement
707.086,19.7274,0.5542,6.4262,18.535,18.3738,0.4512,0.5488,Possible Fault,synthetic PV simulation; not hardware measurement
468.24,9.7028,0.1687,1.0877,46.57,16.95,0.1232,0.8768,Possible Fault,synthetic PV simulation; not hardware measurement
863.999,13.2933,0.3605,3.5975,61.21,16.5013,0.2253,0.7747,Possible Fault,synthetic PV simulation; not hardware measurement
988.073,15.3574,0.311,3.152,39.336,17.5408,0.1641,0.8359,Possible Fault,synthetic PV simulation; not hardware measurement
599.392,16.0693,0.1428,0.8153,47.681,16.9895,0.072,0.928,Possible Fault,synthetic PV simulation; not hardware measurement
899.274,13.5519,0.5652,5.2908,57.742,16.6754,0.3156,0.6844,Possible Fault,synthetic PV simulation; not hardware measurement
252.401,10.917,0.1599,1.1208,60.361,16.1089,0.2462,0.7538,Possible Fault,synthetic PV simulation; not hardware measurement
349.512,9.4494,0.3183,0.7183,52.102,16.599,0.1111,0.8889,Possible Fault,synthetic PV simulation; not hardware measurement
994.466,11.0741,0.8572,3.0014,54.654,16.8465,0.1605,0.8395,Possible Fault,synthetic PV simulation; not hardware measurement
909.877,18.3017,0.372,4.5015,29.153,17.9816,0.2497,0.7503,Possible Fault,synthetic PV simulation; not hardware measurement
283.042,16.4079,0.0861,0.7204,18.703,18.0492,0.1286,0.8714,Possible Fault,synthetic PV simulation; not hardware measurement
737.135,16.7945,0.6793,4.2263,62.155,16.4038,0.312,0.688,Possible Fault,synthetic PV simulation; not hardware measurement
208.86,10.4573,0.1627,0.3914,21.359,17.8147,0.0958,0.9042,Possible Fault,synthetic PV simulation; not hardware measurement
817.358,10.8729,0.6641,1.3147,26.989,18.0366,0.081,0.919,Possible Fault,synthetic PV simulation; not hardware measurement
770.549,12.0182,0.1642,0.3909,12.023,18.6939,0.0248,0.9752,Possible Fault,synthetic PV simulation; not hardware measurement
260.486,17.5673,0.1943,2.5258,20.441,17.9358,0.4926,0.5074,Possible Fault,synthetic PV simulation; not hardware measurement
538.862,15.9425,0.1196,1.2175,24.163,18.0181,0.114,0.886,Possible Fault,synthetic PV simulation; not hardware measurement
296.672,15.6619,0.2261,1.3975,24.95,17.772,0.2409,0.7591,Possible Fault,synthetic PV simulation; not hardware measurement
218.769,9.84,0.0865,0.2828,21.385,17.8325,0.066,0.934,Possible Fault,synthetic PV simulation; not hardware measurement
839.014,12.8657,0.682,4.7518,42.222,17.3538,0.2941,0.7059,Possible Fault,synthetic PV simulation; not hardware measurement
636.662,10.5511,0.3171,1.8047,20.242,18.2534,0.1415,0.8585,Possible Fault,synthetic PV simulation; not hardware measurement
263.134,12.2842,0.2292,1.6117,42.498,16.9322,0.3259,0.6741,Possible Fault,synthetic PV simulation; not hardware measurement
751.727,19.3294,0.475,2.8105,14.179,18.5971,0.1838,0.8162,Possible Fault,synthetic PV simulation; not hardware measurement
840.732,16.2182,0.5796,7.0002,50.979,16.9559,0.4407,0.5593,Possible Fault,synthetic PV simulation; not hardware measurement
428.086,10.6382,0.1485,1.1813,30.192,17.6713,0.1416,0.8584,Possible Fault,synthetic PV simulation; not hardware measurement
845.369,18.6633,0.4821,5.0811,31.123,17.8621,0.305,0.695,Possible Fault,synthetic PV simulation; not hardware measurement
211.8,18.5031,0.0587,0.6115,22.576,17.7648,0.1479,0.8521,Possible Fault,synthetic PV simulation; not hardware measurement
899.195,16.6404,0.317,1.887,56.357,16.7385,0.1122,0.8878,Possible Fault,synthetic PV simulation; not hardware measurement
867.426,11.7256,0.2211,1.9996,61.762,16.4778,0.1249,0.8751,Possible Fault,synthetic PV simulation; not hardware measurement
740.161,16.3369,0.3877,1.7508,56.124,16.6802,0.127,0.873,Possible Fault,synthetic PV simulation; not hardware measurement
890.341,11.8655,0.6063,1.4065,45.122,17.2459,0.0825,0.9175,Possible Fault,synthetic PV simulation; not hardware measurement
771.911,13.5657,0.541,2.5598,41.297,17.3727,0.1722,0.8278,Possible Fault,synthetic PV simulation; not hardware measurement
486.938,12.9498,0.1669,0.889,18.241,18.258,0.0912,0.9088,Possible Fault,synthetic PV simulation; not hardware measurement
389.886,16.0529,0.2822,3.3494,58.122,16.3586,0.4695,0.5305,Possible Fault,synthetic PV simulation; not hardware measurement
475.65,17.6468,0.4064,2.5359,47.6,16.9094,0.2834,0.7166,Possible Fault,synthetic PV simulation; not hardware measurement
624.525,17.3465,0.2423,2.7924,48.544,16.9668,0.2368,0.7632,Possible Fault,synthetic PV simulation; not hardware measurement
699.892,18.0344,0.1953,0.8194,37.152,17.5217,0.0604,0.9396,Possible Fault,synthetic PV simulation; not hardware measurement
536.923,17.4579,0.2774,2.5141,33.088,17.6098,0.2407,0.7593,Possible Fault,synthetic PV simulation; not hardware measurement
1008.944,10.2697,0.5812,3.3063,16.543,18.5863,0.161,0.839,Possible Fault,synthetic PV simulation; not hardware measurement
823.122,10.5097,0.6074,4.2317,42.503,17.3332,0.2673,0.7327,Possible Fault,synthetic PV simulation; not hardware measurement
759.23,14.4575,0.3707,3.2165,52.885,16.8381,0.2256,0.7744,Possible Fault,synthetic PV simulation; not hardware measurement
556.499,17.0998,0.4088,4.8988,24.252,18.0271,0.444,0.556,Possible Fault,synthetic PV simulation; not hardware measurement
214.745,10.2409,0.1315,0.5326,22.338,17.7813,0.1269,0.8731,Possible Fault,synthetic PV simulation; not hardware measurement
833.997,18.3921,0.5276,6.6636,34.111,17.7206,0.408,0.592,Possible Fault,synthetic PV simulation; not hardware measurement
555.01,12.6621,0.231,0.6809,14.5,18.4705,0.0607,0.9393,Possible Fault,synthetic PV simulation; not hardware measurement
745.464,18.1693,0.3681,1.8985,27.385,17.9922,0.1285,0.8715,Possible Fault,synthetic PV simulation; not hardware measurement
376.351,13.335,0.0768,0.4627,18.803,18.1386,0.0618,0.9382,Possible Fault,synthetic PV simulation; not hardware measurement
192.875,19.0628,0.1274,1.3707,39.5,16.9632,0.3781,0.6219,Possible Fault,synthetic PV simulation; not hardware measurement
882.197,9.9486,0.26,1.274,16.78,18.5324,0.0711,0.9289,Possible Fault,synthetic PV simulation; not hardware measurement
792.608,14.5884,0.5193,3.3953,33.862,17.7112,0.2189,0.7811,Possible Fault,synthetic PV simulation; not hardware measurement
738.768,18.3131,0.4765,2.5403,18.464,18.3949,0.1705,0.8295,Possible Fault,synthetic PV simulation; not hardware measurement
783.608,8.5783,0.6122,2.8533,64.374,16.3276,0.1989,0.8011,Possible Fault,synthetic PV simulation; not hardware measurement
715.864,12.7061,0.4075,1.442,16.655,18.4645,0.0996,0.9004,Possible Fault,synthetic PV simulation; not hardware measurement
604.853,17.4264,0.4313,4.8375,34.755,17.5823,0.4116,0.5884,Possible Fault,synthetic PV simulation; not hardware measurement
605.942,11.7368,0.3954,1.9886,25.996,17.9823,0.1659,0.8341,Possible Fault,synthetic PV simulation; not hardware measurement
739.57,10.257,0.5751,3.2015,50.295,16.9454,0.2294,0.7706,Possible Fault,synthetic PV simulation; not hardware measurement
848.808,15.7031,0.62,1.541,54.673,16.7917,0.0969,0.9031,Possible Fault,synthetic PV simulation; not hardware measurement
849.49,18.3692,0.3186,3.8891,44.062,17.275,0.2386,0.7614,Possible Fault,synthetic PV simulation; not hardware measurement
427.381,9.3961,0.3551,1.7547,52.199,16.6663,0.221,0.779,Possible Fault,synthetic PV simulation; not hardware measurement
207.976,11.7528,0.1341,1.1471,32.863,17.287,0.2888,0.7112,Possible Fault,synthetic PV simulation; not hardware measurement
553.368,10.611,0.3399,0.6419,34.741,17.5467,0.0598,0.9402,Possible Fault,synthetic PV simulation; not hardware measurement
605.651,12.6008,0.1825,0.8788,53.287,16.7382,0.0777,0.9223,Possible Fault,synthetic PV simulation; not hardware measurement
183.609,15.9858,0.0451,0.4998,62.221,15.9134,0.1527,0.8473,Possible Fault,synthetic PV simulation; not hardware measurement
901.053,15.2425,0.4007,2.7156,16.277,18.5639,0.1483,0.8517,Possible Fault,synthetic PV simulation; not hardware measurement
346.468,8.9804,0.2963,1.3274,46.289,16.8609,0.2044,0.7956,Possible Fault,synthetic PV simulation; not hardware measurement
726.002,10.917,0.4067,1.2344,60.623,16.4674,0.0922,0.9078,Possible Fault,synthetic PV simulation; not hardware measurement
258.578,12.8812,0.2186,1.7757,49.282,16.6253,0.3711,0.6289,Possible Fault,synthetic PV simulation; not hardware measurement
702.033,15.7294,0.1405,0.5273,12.659,18.6386,0.0369,0.9631,Possible Fault,synthetic PV simulation; not hardware measurement
594.462,12.6537,0.2071,1.2527,55.147,16.6458,0.1134,0.8866,Possible Fault,synthetic PV simulation; not hardware measurement
383.366,11.404,0.1996,0.8823,55.366,16.4775,0.125,0.875,Possible Fault,synthetic PV simulation; not hardware measurement
1012.498,13.9073,0.8922,7.9157,26.004,18.1573,0.3912,0.6088,Possible Fault,synthetic PV simulation; not hardware measurement
446.97,15.2297,0.2538,2.5782,51.793,16.7031,0.3099,0.6901,Possible Fault,synthetic PV simulation; not hardware measurement
879.166,16.4116,0.4732,5.0513,35.051,17.6992,0.2937,0.7063,Possible Fault,synthetic PV simulation; not hardware measurement
883.311,13.0601,0.5536,2.617,33.707,17.7623,0.151,0.849,Possible Fault,synthetic PV simulation; not hardware measurement
442.506,12.3428,0.2233,1.5041,48.189,16.8635,0.1812,0.8188,Possible Fault,synthetic PV simulation; not hardware measurement
302.079,12.9476,0.2589,1.5181,61.715,16.1105,0.2785,0.7215,Possible Fault,synthetic PV simulation; not hardware measurement
772.93,15.5164,0.1656,1.6183,38.483,17.5014,0.1081,0.8919,Possible Fault,synthetic PV simulation; not hardware measurement
972.576,12.4226,0.4578,1.5391,45.506,17.2537,0.0825,0.9175,Possible Fault,synthetic PV simulation; not hardware measurement
419.799,9.2812,0.1656,0.8466,63.627,16.1375,0.1114,0.8886,Possible Fault,synthetic PV simulation; not hardware measurement
679.877,15.4516,0.3724,1.856,37.586,17.4901,0.141,0.859,Possible Fault,synthetic PV simulation; not hardware measurement
611.649,17.9502,0.3564,1.8219,61.6,16.3633,0.1625,0.8375,Possible Fault,synthetic PV simulation; not hardware measurement
921.318,10.8117,0.442,3.6107,42.708,17.3697,0.2034,0.7966,Possible Fault,synthetic PV simulation; not hardware measurement
418.891,13.6398,0.2311,2.3726,52.497,16.6446,0.3052,0.6948,Possible Fault,synthetic PV simulation; not hardware measurement
672.497,12.2523,0.2305,1.8423,48.068,17.0082,0.1447,0.8553,Possible Fault,synthetic PV simulation; not hardware measurement
669.67,12.9307,0.5381,3.1829,33.822,17.6554,0.2436,0.7564,Possible Fault,synthetic PV simulation; not hardware measurement
756.053,16.9018,0.7194,5.3312,47.417,17.0855,0.3711,0.6289,Possible Fault,synthetic PV simulation; not hardware measurement
192.606,13.5391,0.0876,0.6745,44.612,16.7288,0.1884,0.8116,Possible Fault,synthetic PV simulation; not hardware measurement
185.179,18.3327,0.0407,0.2594,45.788,16.6589,0.0756,0.9244,Possible Fault,synthetic PV simulation; not hardware measurement
703.874,14.4468,0.5776,1.87,36.898,17.5355,0.1369,0.8631,Possible Fault,synthetic PV simulation; not hardware measurement
818.603,11.2164,0.393,1.3392,48.297,17.0672,0.0861,0.9139,Possible Fault,synthetic PV simulation; not hardware measurement
484.349,18.1428,0.3927,2.363,37.603,17.3728,0.2537,0.7463,Possible Fault,synthetic PV simulation; not hardware measurement
754.686,18.4344,0.4522,2.2636,37.054,17.5568,0.1544,0.8456,Possible Fault,synthetic PV simulation; not hardware measurement
759.707,13.0162,0.6909,3.2487,50.027,16.9685,0.2263,0.7737,Possible Fault,synthetic PV simulation; not hardware measurement
205.372,16.211,0.15,0.4495,38.484,17.0354,0.116,0.884,Possible Fault,synthetic PV simulation; not hardware measurement
311.451,8.396,0.1875,0.4815,58.599,16.2653,0.085,0.915,Possible Fault,synthetic PV simulation; not hardware measurement
770.693,15.8197,0.4925,5.3449,41.58,17.3591,0.3603,0.6397,Possible Fault,synthetic PV simulation; not hardware measurement
469.28,12.4475,0.2173,0.6096,56.019,16.52,0.0704,0.9296,Possible Fault,synthetic PV simulation; not hardware measurement
1005.945,18.2799,0.2222,1.5507,36.239,17.689,0.0788,0.9212,Possible Fault,synthetic PV simulation; not hardware measurement
847.476,17.1439,0.5219,6.1792,55.185,16.7677,0.3894,0.6106,Possible Fault,synthetic PV simulation; not hardware measurement
318.121,17.6783,0.1537,1.1648,62.405,16.1,0.203,0.797,Possible Fault,synthetic PV simulation; not hardware measurement
634.679,11.6045,0.1524,1.1724,29.416,17.8343,0.0939,0.9061,Possible Fault,synthetic PV simulation; not hardware measurement
729.701,14.5174,0.2976,1.4907,17.797,18.4202,0.1012,0.8988,Possible Fault,synthetic PV simulation; not hardware measurement
374.402,10.7302,0.2928,1.3918,41.287,17.1104,0.1959,0.8041,Possible Fault,synthetic PV simulation; not hardware measurement
512.728,13.0619,0.2429,0.7572,60.425,16.3551,0.0807,0.9193,Possible Fault,synthetic PV simulation; not hardware measurement
328.305,10.3935,0.106,0.8094,23.729,17.8691,0.1255,0.8745,Possible Fault,synthetic PV simulation; not hardware measurement
498.066,10.0919,0.3466,1.4157,40.354,17.2586,0.1486,0.8514,Possible Fault,synthetic PV simulation; not hardware measurement
640.491,15.0273,0.2695,1.4799,15.629,18.466,0.1143,0.8857,Possible Fault,synthetic PV simulation; not hardware measurement
206.954,10.8488,0.1326,0.8174,34.299,17.2299,0.2075,0.7925,Possible Fault,synthetic PV simulation; not hardware measurement
915.148,15.8691,0.6996,7.2601,58.631,16.6421,0.4263,0.5737,Possible Fault,synthetic PV simulation; not hardware measurement
353.137,13.3295,0.3018,1.9836,14.745,18.2978,0.2804,0.7196,Possible Fault,synthetic PV simulation; not hardware measurement
654.129,13.9951,0.3521,0.8019,35.591,17.5653,0.0631,0.9369,Possible Fault,synthetic PV simulation; not hardware measurement
289.537,17.6947,0.1903,0.9596,32.887,17.4103,0.1724,0.8276,Possible Fault,synthetic PV simulation; not hardware measurement
767.41,15.6268,0.5103,5.7131,59.484,16.5419,0.4023,0.5977,Possible Fault,synthetic PV simulation; not hardware measurement
476.748,15.0584,0.1823,1.8464,12.397,18.5159,0.1914,0.8086,Possible Fault,synthetic PV simulation; not hardware measurement
568.676,16.1125,0.4473,1.2207,25.895,17.961,0.1086,0.8914,Possible Fault,synthetic PV simulation; not hardware measurement
880.845,13.2984,0.5795,5.3953,23.703,18.2166,0.3059,0.6941,Possible Fault,synthetic PV simulation; not hardware measurement
319.424,13.4582,0.0996,0.7348,46.321,16.8263,0.123,0.877,Possible Fault,synthetic PV simulation; not hardware measurement
794.531,15.7827,0.4118,2.1851,22.828,18.2145,0.1374,0.8626,Possible Fault,synthetic PV simulation; not hardware measurement
1021.376,16.7927,0.3088,1.3042,40.835,17.4861,0.0659,0.9341,Possible Fault,synthetic PV simulation; not hardware measurement
237.571,13.3643,0.0873,0.5304,25.092,17.6966,0.1147,0.8853,Possible Fault,synthetic PV simulation; not hardware measurement
352.223,13.4703,0.2711,1.304,32.092,17.5159,0.1915,0.8085,Possible Fault,synthetic PV simulation; not hardware measurement
534.066,15.8221,0.2753,1.9582,18.768,18.2603,0.1831,0.8169,Possible Fault,synthetic PV simulation; not hardware measurement
925.653,16.6817,0.3203,2.8874,38.274,17.5734,0.1603,0.8397,Possible Fault,synthetic PV simulation; not hardware measurement
858.474,19.9876,0.3637,2.954,20.639,18.3456,0.1709,0.8291,Possible Fault,synthetic PV simulation; not hardware measurement
610.952,11.4817,0.3649,1.6083,30.437,17.7832,0.1342,0.8658,Possible Fault,synthetic PV simulation; not hardware measurement
985.793,15.6381,0.7048,3.2415,50.93,17.0124,0.1734,0.8266,Possible Fault,synthetic PV simulation; not hardware measurement
294.191,16.55,0.2369,1.2945,44.432,16.8893,0.2346,0.7654,Possible Fault,synthetic PV simulation; not hardware measurement
841.293,17.5542,0.248,2.1028,13.267,18.673,0.1224,0.8776,Possible Fault,synthetic PV simulation; not hardware measurement
470.379,13.2175,0.3234,1.4346,19.441,18.1891,0.1529,0.8471,Possible Fault,synthetic PV simulation; not hardware measurement
326.234,17.1735,0.1427,0.5291,50.523,16.643,0.0874,0.9126,Possible Fault,synthetic PV simulation; not hardware measurement
541.066,10.9166,0.2295,1.6501,51.848,16.7682,0.1632,0.8368,Possible Fault,synthetic PV simulation; not hardware measurement
485.302,17.0593,0.134,0.5569,18.692,18.236,0.0574,0.9426,Possible Fault,synthetic PV simulation; not hardware measurement
285.861,12.9204,0.2069,1.5164,35.063,17.3057,0.2773,0.7227,Possible Fault,synthetic PV simulation; not hardware measurement
943.716,16.8762,0.7506,2.0279,37.302,17.6147,0.1102,0.8898,Possible Fault,synthetic PV simulation; not hardware measurement
518.703,13.0627,0.3322,1.4722,26.457,17.909,0.144,0.856,Possible Fault,synthetic PV simulation; not hardware measurement
829.827,12.3651,0.5016,3.8712,39.074,17.4926,0.2407,0.7593,Possible Fault,synthetic PV simulation; not hardware measurement
484.09,19.0864,0.367,3.7247,24.153,17.9859,0.3891,0.6109,Possible Fault,synthetic PV simulation; not hardware measurement
428.516,9.5572,0.3478,1.6766,63.062,16.1717,0.2158,0.7842,Possible Fault,synthetic PV simulation; not hardware measurement
599.236,12.8118,0.1383,0.5927,23.601,18.0869,0.0498,0.9502,Possible Fault,synthetic PV simulation; not hardware measurement
765.282,10.3523,0.4316,3.0938,42.956,17.2936,0.2107,0.7893,Possible Fault,synthetic PV simulation; not hardware measurement
894.257,13.6745,0.5486,3.6625,28.075,18.0237,0.2063,0.7937,Possible Fault,synthetic PV simulation; not hardware measurement
953.915,17.5539,0.3986,1.6039,62.73,16.4622,0.0911,0.9089,Possible Fault,synthetic PV simulation; not hardware measurement
384.942,12.2195,0.151,1.3245,21.291,18.0342,0.1738,0.8262,Possible Fault,synthetic PV simulation; not hardware measurement
518.677,16.0502,0.1165,1.2743,50.34,16.8197,0.1311,0.8689,Possible Fault,synthetic PV simulation; not hardware measurement
519.176,15.0919,0.3506,1.5928,60.791,16.3435,0.1677,0.8323,Possible Fault,synthetic PV simulation; not hardware measurement
911.892,11.8565,0.8459,1.6014,44.817,17.2695,0.0916,0.9084,Possible Fault,synthetic PV simulation; not hardware measurement
937.457,17.3914,0.4472,5.0512,48.1,17.1313,0.2827,0.7173,Possible Fault,synthetic PV simulation; not hardware measurement
234.991,12.9676,0.1432,0.8236,62.382,15.9873,0.1956,0.8044,Possible Fault,synthetic PV simulation; not hardware measurement
840.115,13.3191,0.3001,2.7237,51.464,16.9336,0.1718,0.8282,Possible Fault,synthetic PV simulation; not hardware measurement
541.885,16.0937,0.3898,1.5742,21.224,18.1543,0.1457,0.8543,Possible Fault,synthetic PV simulation; not hardware measurement
243.091,12.7823,0.1634,1.347,30.328,17.4666,0.2877,0.7123,Possible Fault,synthetic PV simulation; not hardware measurement
398.742,12.6515,0.3728,1.7999,62.851,16.152,0.2493,0.7507,Possible Fault,synthetic PV simulation; not hardware measurement
853.19,14.5595,0.5412,5.8627,38.756,17.5183,0.3541,0.6459,Possible Fault,synthetic PV simulation; not hardware measurement
685.938,17.2392,0.3625,2.1779,42.504,17.2697,0.1657,0.8343,Possible Fault,synthetic PV simulation; not hardware measurement
401.112,9.2676,0.2337,0.8645,32.702,17.5302,0.1113,0.8887,Possible Fault,synthetic PV simulation; not hardware measurement
942.348,10.4274,0.8365,4.7232,39.993,17.4917,0.2585,0.7415,Possible Fault,synthetic PV simulation; not hardware measurement
230.029,17.5427,0.1708,1.7879,14.889,18.1499,0.3914,0.6086,Possible Fault,synthetic PV simulation; not hardware measurement
956.287,10.6206,0.8418,1.7768,24.617,18.1972,0.0928,0.9072,Possible Fault,synthetic PV simulation; not hardware measurement
189.719,16.5518,0.043,0.3964,42.862,16.8027,0.112,0.888,Possible Fault,synthetic PV simulation; not hardware measurement
1012.544,16.6564,0.8885,9.1802,55.937,16.7955,0.4832,0.5168,Possible Fault,synthetic PV simulation; not hardware measurement
217.475,10.0291,0.118,0.4929,35.225,17.1973,0.1192,0.8808,Possible Fault,synthetic PV simulation; not hardware measurement
480.944,11.4036,0.3391,2.1019,55.982,16.5317,0.2366,0.7634,Possible Fault,synthetic PV simulation; not hardware measurement
218.476,14.7635,0.0947,0.5823,56.416,16.2403,0.1469,0.8531,Possible Fault,synthetic PV simulation; not hardware measurement
197.584,11.2597,0.1143,0.5764,44.872,16.7273,0.157,0.843,Possible Fault,synthetic PV simulation; not hardware measurement
951.925,9.7043,0.8168,3.1639,31.339,17.8895,0.1683,0.8317,Possible Fault,synthetic PV simulation; not hardware measurement
966.159,17.7008,0.5578,5.8872,32.799,17.8291,0.3094,0.6906,Possible Fault,synthetic PV simulation; not hardware measurement
650.437,12.0289,0.4594,1.1447,12.45,18.617,0.0865,0.9135,Possible Fault,synthetic PV simulation; not hardware measurement
395.312,10.8098,0.0818,0.3861,17.343,18.2252,0.0489,0.9511,Possible Fault,synthetic PV simulation; not hardware measurement
650.543,16.1069,0.1818,0.615,30.745,17.7837,0.0482,0.9518,Possible Fault,synthetic PV simulation; not hardware measurement
417.216,18.9835,0.1664,0.7934,31.051,17.6216,0.0978,0.9022,Possible Fault,synthetic PV simulation; not hardware measurement
704.739,15.0134,0.2163,0.5631,53.913,16.761,0.0427,0.9573,Possible Fault,synthetic PV simulation; not hardware measurement
803.187,10.0792,0.6479,2.3039,64.081,16.3409,0.1565,0.8435,Possible Fault,synthetic PV simulation; not hardware measurement
907.831,13.3514,0.7308,6.082,43.06,17.3477,0.348,0.652,Possible Fault,synthetic PV simulation; not hardware measurement
357.536,9.3842,0.1236,0.3746,56.394,16.4123,0.0571,0.9429,Possible Fault,synthetic PV simulation; not hardware measurement
425.114,13.2847,0.2322,0.8592,50.774,16.7292,0.1084,0.8916,Possible Fault,synthetic PV simulation; not hardware measurement
442.908,11.256,0.3768,0.9201,15.164,18.3597,0.1034,0.8966,Possible Fault,synthetic PV simulation; not hardware measurement
776.098,13.1482,0.465,0.9254,32.4,17.7692,0.0608,0.9392,Possible Fault,synthetic PV simulation; not hardware measurement
444.929,13.1798,0.3654,3.3175,49.659,16.7987,0.3987,0.6013,Possible Fault,synthetic PV simulation; not hardware measurement
180.255,12.4663,0.0397,0.2165,43.67,16.7551,0.0646,0.9354,Possible Fault,synthetic PV simulation; not hardware measurement
631.694,19.8163,0.3079,4.309,32.214,17.7158,0.3489,0.6511,Possible Fault,synthetic PV simulation; not hardware measurement
960.719,13.0489,0.7128,6.555,53.846,16.8693,0.3624,0.6376,Possible Fault,synthetic PV simulation; not hardware measurement
814.503,17.4125,0.3439,3.8559,54.481,16.7837,0.2526,0.7474,Possible Fault,synthetic PV simulation; not hardware measurement
772.42,14.3458,0.3488,1.3611,58.91,16.5706,0.0951,0.9049,Possible Fault,synthetic PV simulation; not hardware measurement
1025.463,16.2148,0.4311,1.3166,28.838,18.0335,0.0646,0.9354,Possible Fault,synthetic PV simulation; not hardware measurement
265.65,17.574,0.0582,0.1658,37.162,17.1799,0.0328,0.9672,Possible Fault,synthetic PV simulation; not hardware measurement
914.598,16.1005,0.5949,1.7641,56.303,16.7478,0.1031,0.8969,Possible Fault,synthetic PV simulation; not hardware measurement
616.712,9.2331,0.2257,0.7709,36.581,17.507,0.0645,0.9355,Possible Fault,synthetic PV simulation; not hardware measurement
699.608,11.2517,0.3356,2.087,46.798,17.0821,0.157,0.843,Possible Fault,synthetic PV simulation; not hardware measurement
359.588,13.9244,0.1878,1.8276,35.254,17.3799,0.2646,0.7354,Possible Fault,synthetic PV simulation; not hardware measurement
433.97,14.9601,0.1252,0.7965,27.075,17.8082,0.0936,0.9064,Possible Fault,synthetic PV simulation; not hardware measurement
373.228,16.998,0.2995,3.6442,51.245,16.6649,0.5259,0.4741,Possible Fault,synthetic PV simulation; not hardware measurement
824.332,11.2277,0.2534,0.9274,39.103,17.4886,0.0581,0.9419,Possible Fault,synthetic PV simulation; not hardware measurement
249.642,11.9729,0.0813,0.3967,50.032,16.5766,0.0861,0.9139,Possible Fault,synthetic PV simulation; not hardware measurement
848.803,11.2581,0.6349,3.7973,57.309,16.6717,0.2401,0.7599,Possible Fault,synthetic PV simulation; not hardware measurement
199.477,12.5099,0.098,0.3819,63.825,15.8642,0.1076,0.8924,Possible Fault,synthetic PV simulation; not hardware measurement
684.794,18.7264,0.4221,4.2271,15.515,18.4984,0.3048,0.6952,Possible Fault,synthetic PV simulation; not hardware measurement
688.964,18.9096,0.4985,5.5462,34.89,17.6183,0.4133,0.5867,Possible Fault,synthetic PV simulation; not hardware measurement
792.645,15.5599,0.33,1.4697,16.775,18.4891,0.0915,0.9085,Possible Fault,synthetic PV simulation; not hardware measurement
765.669,16.7346,0.2387,1.0812,23.033,18.1901,0.0706,0.9294,Possible Fault,synthetic PV simulation; not hardware measurement
753.635,10.1542,0.683,2.5965,61.074,16.4621,0.1869,0.8131,Possible Fault,synthetic PV simulation; not hardware measurement
661.166,10.1625,0.4684,2.5928,41.979,17.2786,0.2045,0.7955,Possible Fault,synthetic PV simulation; not hardware measurement
457.085,11.9349,0.2613,1.0432,18.382,18.2257,0.1142,0.8858,Possible Fault,synthetic PV simulation; not hardware measurement
918.631,15.6169,0.6923,4.0783,44.724,17.2767,0.2314,0.7686,Possible Fault,synthetic PV simulation; not hardware measurement
328.664,17.3801,0.1334,1.0545,40.332,17.1114,0.1692,0.8308,Possible Fault,synthetic PV simulation; not hardware measurement
1013.568,11.3574,0.605,1.291,25.938,18.1607,0.0637,0.9363,Possible Fault,synthetic PV simulation; not hardware measurement
874.622,12.6197,0.422,3.0206,62.202,16.4611,0.1873,0.8127,Possible Fault,synthetic PV simulation; not hardware measurement
925.777,17.454,0.4864,2.1157,39.904,17.4993,0.1179,0.8821,Possible Fault,synthetic PV simulation; not hardware measurement
460.089,14.5402,0.4304,1.5985,60.471,16.3189,0.1902,0.8098,Possible Fault,synthetic PV simulation; not hardware measurement
664.991,9.7085,0.2651,1.6804,41.303,17.3118,0.1316,0.8684,Possible Fault,synthetic PV simulation; not hardware measurement
389.679,17.3046,0.1813,0.9924,33.686,17.4735,0.1319,0.8681,Possible Fault,synthetic PV simulation; not hardware measurement
487.775,10.1249,0.1177,0.1871,19.748,18.1899,0.0192,0.9808,Possible Fault,synthetic PV simulation; not hardware measurement
793.859,9.1672,0.2733,2.0419,43.639,17.2668,0.1341,0.8659,Possible Fault,synthetic PV simulation; not hardware measurement
305.538,9.4988,0.2336,0.3362,41.763,17.0267,0.0583,0.9417,Possible Fault,synthetic PV simulation; not hardware measurement
656.174,14.1782,0.2128,1.0063,49.632,16.927,0.0813,0.9187,Possible Fault,synthetic PV simulation; not hardware measurement
479.243,12.6351,0.3632,1.8249,16.233,18.3431,0.1896,0.8104,Possible Fault,synthetic PV simulation; not hardware measurement
192.131,11.845,0.1111,0.2264,50.907,16.4398,0.0643,0.9357,Possible Fault,synthetic PV simulation; not hardware measurement
694.269,12.8546,0.3081,0.7187,60.39,16.4599,0.0562,0.9438,Possible Fault,synthetic PV simulation; not hardware measurement
504.26,9.9313,0.1651,0.6581,24.81,17.9726,0.066,0.934,Possible Fault,synthetic PV simulation; not hardware measurement
546.595,15.8738,0.3459,0.825,52.381,16.7377,0.0808,0.9192,Possible Fault,synthetic PV simulation; not hardware measurement
275.021,14.9375,0.1096,0.2687,35.181,17.2845,0.0511,0.9489,Possible Fault,synthetic PV simulation; not hardware measurement
450.677,13.6979,0.0905,0.4834,36.931,17.374,0.0558,0.9442,Possible Fault,synthetic PV simulation; not hardware measurement
204.24,11.5039,0.1611,0.992,64.131,15.8598,0.273,0.727,Possible Fault,synthetic PV simulation; not hardware measurement
419.472,13.3925,0.2365,2.0308,64.664,16.0899,0.2682,0.7318,Possible Fault,synthetic PV simulation; not hardware measurement
909.19,16.8759,0.5807,7.4931,30.969,17.8987,0.4174,0.5826,Possible Fault,synthetic PV simulation; not hardware measurement
880.306,13.0931,0.5585,2.8418,49.886,17.0244,0.1703,0.8297,Possible Fault,synthetic PV simulation; not hardware measurement
587.675,12.3909,0.3634,2.0778,63.714,16.2506,0.194,0.806,Possible Fault,synthetic PV simulation; not hardware measurement
236.334,9.9083,0.0855,0.6129,61.017,16.0521,0.1442,0.8558,Possible Fault,synthetic PV simulation; not hardware measurement
508.434,17.3412,0.4443,5.9788,51.321,16.7669,0.6293,0.3707,Possible Fault,synthetic PV simulation; not hardware measurement
420.272,13.6981,0.1608,1.0315,17.85,18.227,0.1229,0.8771,Possible Fault,synthetic PV simulation; not hardware measurement
495.936,14.0481,0.3907,3.9224,56.6,16.5159,0.4285,0.5715,Possible Fault,synthetic PV simulation; not hardware measurement
735.215,15.1667,0.3458,2.4807,48.707,17.0153,0.1782,0.8218,Possible Fault,synthetic PV simulation; not hardware measurement
689.376,17.3796,0.1562,0.8432,41.742,17.3064,0.0637,0.9363,Possible Fault,synthetic PV simulation; not hardware measurement
202.466,15.209,0.0445,0.153,32.688,17.2947,0.0396,0.9604,Possible Fault,synthetic PV simulation; not hardware measurement
537.854,14.6727,0.3363,1.6247,22.457,18.0951,0.1519,0.8481,Possible Fault,synthetic PV simulation; not hardware measurement
695.732,16.0751,0.3702,2.8868,45.679,17.1308,0.2179,0.7821,Possible Fault,synthetic PV simulation; not hardware measurement
706.079,13.7854,0.5795,1.7347,58.864,16.5362,0.1328,0.8672,Possible Fault,synthetic PV simulation; not hardware measurement
403.679,14.0406,0.2107,2.1647,53.45,16.586,0.2898,0.7102,Possible Fault,synthetic PV simulation; not hardware measurement
715.547,15.6411,0.5362,4.7675,55.988,16.6726,0.3577,0.6423,Possible Fault,synthetic PV simulation; not hardware measurement
448.008,13.9671,0.3392,2.3494,21.944,18.0551,0.2644,0.7356,Possible Fault,synthetic PV simulation; not hardware measurement
298.907,15.5035,0.1137,1.1307,63.593,16.0203,0.2106,0.7894,Possible Fault,synthetic PV simulation; not hardware measurement
743.284,19.3866,0.5533,3.3153,25.639,18.0706,0.2244,0.7756,Possible Fault,synthetic PV simulation; not hardware measurement
623.365,13.1281,0.2887,1.581,30.287,17.7982,0.1292,0.8708,Possible Fault,synthetic PV simulation; not hardware measurement
620.215,12.4289,0.4634,2.7245,38.988,17.3996,0.228,0.772,Possible Fault,synthetic PV simulation; not hardware measurement
924.269,11.3055,0.4429,1.8358,48.263,17.1181,0.1043,0.8957,Possible Fault,synthetic PV simulation; not hardware measurement
1027.178,9.9126,0.4469,1.3203,25.761,18.1742,0.0643,0.9357,Possible Fault,synthetic PV simulation; not hardware measurement
1034.584,11.7666,0.2583,0.5191,36.551,17.6862,0.0256,0.9744,Possible Fault,synthetic PV simulation; not hardware measurement
406.567,11.1172,0.2829,2.0465,41.628,17.1284,0.265,0.735,Possible Fault,synthetic PV simulation; not hardware measurement
701.665,14.018,0.2353,2.0161,15.757,18.4972,0.1419,0.8581,Possible Fault,synthetic PV simulation; not hardware measurement
600.493,13.8505,0.3577,3.5495,40.96,17.2965,0.3082,0.6918,Possible Fault,synthetic PV simulation; not hardware measurement
469.832,17.0684,0.1647,0.6783,24.245,17.9696,0.0731,0.9269,Possible Fault,synthetic PV simulation; not hardware measurement
441.293,17.4694,0.3619,2.5136,51.894,16.6933,0.3061,0.6939,Possible Fault,synthetic PV simulation; not hardware measurement
654.851,14.2273,0.4708,3.2948,23.228,18.1288,0.2525,0.7475,Possible Fault,synthetic PV simulation; not hardware measurement
477.685,9.7621,0.3877,0.8634,16.092,18.3482,0.09,0.91,Possible Fault,synthetic PV simulation; not hardware measurement
510.481,17.5929,0.177,0.6301,24.106,18.0097,0.0624,0.9376,Possible Fault,synthetic PV simulation; not hardware measurement
359.319,9.8709,0.1292,0.3496,59.074,16.2919,0.0534,0.9466,Possible Fault,synthetic PV simulation; not hardware measurement
899.346,13.7699,0.227,2.1314,25.591,18.1391,0.1188,0.8812,Possible Fault,synthetic PV simulation; not hardware measurement
903.729,11.668,0.4731,3.1881,28.751,17.9972,0.1779,0.8221,Possible Fault,synthetic PV simulation; not hardware measurement
477.657,9.8126,0.3905,2.69,28.097,17.8006,0.2872,0.7128,Possible Fault,synthetic PV simulation; not hardware measurement
706.745,18.0913,0.2707,1.5938,15.265,18.5226,0.1112,0.8888,Possible Fault,synthetic PV simulation; not hardware measurement
1009.182,16.4917,0.351,2.9461,32.746,17.8492,0.1481,0.8519,Possible Fault,synthetic PV simulation; not hardware measurement
367.323,9.6615,0.1238,0.6641,64.797,16.0396,0.1005,0.8995,Possible Fault,synthetic PV simulation; not hardware measurement
426.478,16.2717,0.1036,0.3625,62.224,16.208,0.0468,0.9532,Possible Fault,synthetic PV simulation; not hardware measurement
848.387,11.6297,0.3766,2.9486,33.797,17.7418,0.1773,0.8227,Possible Fault,synthetic PV simulation; not hardware measurement
187.749,10.1311,0.1613,0.8523,37.451,17.046,0.2406,0.7594,Possible Fault,synthetic PV simulation; not hardware measurement
592.25,16.5707,0.208,0.9681,41.694,17.2575,0.0854,0.9146,Possible Fault,synthetic PV simulation; not hardware measurement
659.047,10.128,0.3119,1.5557,12.256,18.6312,0.1159,0.8841,Possible Fault,synthetic PV simulation; not hardware measurement
877.46,17.6094,0.5647,4.9063,28.301,18.0057,0.2819,0.7181,Possible Fault,synthetic PV simulation; not hardware measurement
201.475,12.9105,0.1059,0.7791,30.19,17.407,0.2015,0.7985,Possible Fault,synthetic PV simulation; not hardware measurement
764.616,12.255,0.586,1.3147,26.432,18.0459,0.0866,0.9134,Possible Fault,synthetic PV simulation; not hardware measurement
641.966,17.4239,0.3861,1.9678,40.43,17.3372,0.1595,0.8405,Possible Fault,synthetic PV simulation; not hardware measurement
640.315,15.0623,0.281,2.8174,23.007,18.1298,0.2208,0.7792,Possible Fault,synthetic PV simulation; not hardware measurement
